-- MySQL dump 10.14  Distrib 5.5.64-MariaDB, for Linux (x86_64)
--
-- Host: localhost    Database: menger
-- ------------------------------------------------------
-- Server version	5.5.64-MariaDB

/*!40101 SET @OLD_CHARACTER_SET_CLIENT=@@CHARACTER_SET_CLIENT */;
/*!40101 SET @OLD_CHARACTER_SET_RESULTS=@@CHARACTER_SET_RESULTS */;
/*!40101 SET @OLD_COLLATION_CONNECTION=@@COLLATION_CONNECTION */;
/*!40101 SET NAMES utf8 */;
/*!40103 SET @OLD_TIME_ZONE=@@TIME_ZONE */;
/*!40103 SET TIME_ZONE='+00:00' */;
/*!40014 SET @OLD_UNIQUE_CHECKS=@@UNIQUE_CHECKS, UNIQUE_CHECKS=0 */;
/*!40014 SET @OLD_FOREIGN_KEY_CHECKS=@@FOREIGN_KEY_CHECKS, FOREIGN_KEY_CHECKS=0 */;
/*!40101 SET @OLD_SQL_MODE=@@SQL_MODE, SQL_MODE='NO_AUTO_VALUE_ON_ZERO' */;
/*!40111 SET @OLD_SQL_NOTES=@@SQL_NOTES, SQL_NOTES=0 */;

--
-- Table structure for table `custmarried`
--

DROP TABLE IF EXISTS `custmarried`;
/*!40101 SET @saved_cs_client     = @@character_set_client */;
/*!40101 SET character_set_client = utf8 */;
CREATE TABLE `custmarried` (
  `custmarried_id` int(11) NOT NULL AUTO_INCREMENT,
  `custmarried_status` varchar(15) NOT NULL,
  PRIMARY KEY (`custmarried_id`)
) ENGINE=InnoDB AUTO_INCREMENT=6 DEFAULT CHARSET=latin1;
/*!40101 SET character_set_client = @saved_cs_client */;

--
-- Dumping data for table `custmarried`
--

LOCK TABLES `custmarried` WRITE;
/*!40000 ALTER TABLE `custmarried` DISABLE KEYS */;
INSERT INTO `custmarried` VALUES (1,'Single'),(2,'Married'),(3,'Widowed'),(4,'Divorced'),(5,'N/A');
/*!40000 ALTER TABLE `custmarried` ENABLE KEYS */;
UNLOCK TABLES;

--
-- Table structure for table `customer`
--

DROP TABLE IF EXISTS `customer`;
/*!40101 SET @saved_cs_client     = @@character_set_client */;
/*!40101 SET character_set_client = utf8 */;
CREATE TABLE `customer` (
  `cust_id` int(11) NOT NULL AUTO_INCREMENT,
  `cust_no` varchar(50) DEFAULT NULL,
  `cust_name` varchar(100) DEFAULT NULL,
  `cust_dob` int(11) DEFAULT NULL,
  `custsex_id` int(11) DEFAULT NULL,
  `cust_address` varchar(100) DEFAULT NULL,
  `cust_phone` varchar(50) DEFAULT NULL,
  `cust_email` varchar(100) DEFAULT NULL,
  `cust_occup` varchar(50) DEFAULT NULL,
  `custmarried_id` int(11) DEFAULT NULL,
  `cust_heir` varchar(100) DEFAULT NULL,
  `cust_heirrel` varchar(50) DEFAULT NULL,
  `cust_lengthres` int(11) DEFAULT NULL,
  `cust_since` int(11) DEFAULT NULL,
  `custsick_id` int(11) DEFAULT NULL,
  `cust_lastsub` int(11) DEFAULT NULL,
  `cust_active` int(1) NOT NULL DEFAULT '0',
  `cust_lastupd` int(11) DEFAULT NULL,
  `cust_pic` varchar(100) DEFAULT NULL,
  `user_id` int(11) DEFAULT NULL,
  PRIMARY KEY (`cust_id`)
) ENGINE=InnoDB AUTO_INCREMENT=301 DEFAULT CHARSET=latin1;
/*!40101 SET character_set_client = @saved_cs_client */;

--
-- Dumping data for table `customer`
--

LOCK TABLES `customer` WRITE;
/*!40000 ALTER TABLE `customer` DISABLE KEYS */;
INSERT INTO `customer` VALUES (1,NULL,NULL,NULL,NULL,NULL,NULL,NULL,NULL,NULL,NULL,NULL,NULL,NULL,NULL,NULL,0,NULL,NULL,NULL),(2,'50/2017','ROSE AKINYI OWUOR',-318393900,2,'OYUGIS','0708588816','','SELF EMPLOYED',3,'','SON',NULL,1499659200,6,1499659200,1,1527085514,NULL,5),(3,'11/2017','KIMFOLTIZE OTIENO AKELO',533710800,1,'NAIROBI','0712888957','','SELF EMPLOYED',1,'PRINCE OCHISE AKELO','BROTHER',NULL,1491192000,6,1529355600,1,1500369039,NULL,3),(4,'12/2017','ROGERS OUMA OTIENO',743227200,1,'RAGAMA','0726008444','','EMPLOYED',1,'JUDITH OUMA OTIENO','SISTER',NULL,1495252800,6,1529355600,1,1500369404,NULL,4),(5,'20/2017','IRENE SERA MBUJI',210052800,2,'KORIMBA ( BODI)','0722326292','','TEACHER',2,'SAMWEL OGINGA','SON',NULL,1488517200,6,1529355600,1,1500391253,NULL,3),(6,'31/2017','MARY AOKO ALAL',-18043200,2,'KOGUTA EAST','0721960382','','BUSINESS LADY',2,'SUSAN ATIENO OWINO','DAUGHTER',NULL,1487221200,6,1529355600,1,1500370490,NULL,4),(7,'21/2017','MACKLINE ACHIENG OTIENO',773035200,2,'GARI','0703418342','','BUSINESS MAN',2,'RAYMOND OMONDI','HUSBAND',NULL,1488171600,6,1529355600,1,1500391287,NULL,3),(8,'13/2017','VICTOR ODHIAMBO OGUTU',439016400,1,'NYABONDO','0726157831','','SELF EMLOYED',2,'CAREN OGUTU','WIFE',NULL,1500350400,6,1500350400,1,1500383247,NULL,4),(9,'22/2017','SALOME SHIJEHI MADEGWA',123483600,2,'KOGUTA','0716859949','',' BUSINESS LADY',2,'ROBERT ONYANGO','HUSBAND',NULL,1488344400,6,1529355600,1,1500391271,NULL,3),(10,'32/2017','PHOEBE ATIENO OTIENO',281250000,1,'ORIANG','0711994585','','BUSINESS LADY',2,'','GRANDMOTHER',NULL,1486616400,6,1529355600,1,1500370834,NULL,4),(11,'23/2017','SHARON OKOTH TREZY',582350400,2,'AWACH (KIBOGO)','0704850599','','SELF EMPLOYED',2,'MAURICE OKOTH','SON',NULL,1488862800,6,1488862800,1,1500391314,NULL,3),(12,'14/2017','GLADYS OMOLO',-65905200,1,'SONDU','0720469132','','SELF EMLOYED',2,'','',NULL,1483506000,6,1529355600,1,1500370969,NULL,3),(13,'24/2017','JENIPHER AKINYI OKEYO',308808000,2,'MANYWANDA','0725653982','','TAILOR',2,'JOHN OKEYO','HUSBAND',NULL,1489636800,6,1529355600,1,1500391339,NULL,3),(14,'33/2017','GRACE AWINO OSAGO',-349902000,2,'ORIANG','0714765701','','SELF EMPLOYED',2,'VINCENT JUMA','SON',NULL,1486702800,6,1486702800,1,1500371081,NULL,4),(15,'25/2017','CHRISTINE ADHIAMBO OLWAL',-2746800,2,'WAINGU','0718061838','','BUSINESS',2,'JOSEPH OLWAL','SON',NULL,1489464000,6,1529355600,1,1500391358,NULL,3),(16,'34/2017','ESTHER AOKO ODHIAMBO',281250000,2,'KADONGO','0710347428','','SELF EMPLOYED',2,'KENNEDY OMOND ODHIAMBO','SON',NULL,1486702800,6,1486702800,1,1500371332,NULL,4),(17,'15/2017','QUINTER ATIENO MUMA',552715200,2,'OURU','0702626291','','SELF EMLOYED',2,'KENNEDY OTIENO MUMA','HUSBAND/0795723874',NULL,1481778000,1,1529355600,1,1500371385,NULL,3),(18,'26/2017','BEATRICE AOKO ODUNDO',388126800,2,'MANYWANDA','0714058191','','TAILOR',2,'NICHOLAS OMONDI','HUSBAND',NULL,1490068800,6,1490068800,1,1500391376,NULL,3),(19,'35/2017','EUNICE AKOTH OTIENO',-2746800,2,'SONDU ','0701996701','','SELF EMPLOYED',2,'VINE OTIENO OGOLA','HUSBAND',NULL,1486875600,6,1529355600,1,1500371550,NULL,4),(20,'27/2017','LINDA ANYANGO OCHIENG',407480400,2,'SAMANGA','0725494393','','BUSINESS',2,'','',NULL,1490068800,6,1529355600,1,1500391400,NULL,3),(21,'36/2017','ROSE ATIENO OWANE',-65905200,2,'SONDU','0712979639','','SELF EMPLOYED',2,'MARY ACHIENG','DAUGHTER',NULL,1487048400,6,1487048400,1,1500371710,NULL,4),(22,'28/2017','ROSE ADHIAMBO MBUYA',470638800,2,'WARIE','0700103790','','BUSINESS',2,'LAVENDER ACHIENG','DAUGHTER',NULL,1489464000,6,1489464000,1,1500391422,NULL,3),(23,'37/2017','TOM MBOYA OANDO ',281250000,1,'KABONDO','0790195590','','SELF EMPLOYED',2,'EUNICE ATIENO MBOYA','WIFE',NULL,1486184400,6,1486184400,1,1500371901,NULL,4),(24,'29/2017','JOSEPH OTIENO WAGA',728629200,1,'KAKELO DUDI','0728891993','','ACCOUNTANT',2,'LILIAN ADHIAMBO OTIENO/0719430478','WIFE',NULL,1498881600,6,1498881600,1,1500391446,NULL,3),(25,'30/2017','REUBEN RINGSTONE OBONYO',-38692800,1,'MIKAI','0715990754','','TAILOR',2,'IRENE AUMA','WIFE',NULL,1498190400,6,1498190400,1,1500391470,NULL,3),(26,'38/2017','IVET AKINYI RADUK',502174800,2,'SONDU ','0713509335','','BUSINESS LADY',2,'SAMSON OGUTU','HUSBAND',NULL,1487394000,6,1487394000,1,1500372447,NULL,4),(27,'143/2017','BRIAN JOB OUMA',845352000,1,'KOSELE','0797302286','','MOTORIST',2,'LIZ ADHIAMBO','WIFE',NULL,1497499200,6,1529355600,1,1500391198,NULL,3),(28,'39/2017','FLERIA ATIENO OTENO',123483600,2,'BUOYE','0729960784','','BUSINESS LADY',3,'CARILUS OTIENO','SON',NULL,1487739600,6,1529355600,1,1500372683,NULL,4),(29,'42/2017','PHILIP ADUDA OCHIENG',505026000,1,'OYUGIS','0722944555','','MANAGER',2,'JACLINE AWUOR','WIFE',NULL,1500379560,6,1500379560,1,1500391488,NULL,3),(30,'40/2017','SIPRINA ONDARA OCHUKA',-633898800,2,'BUOYE','0791866729','','FARMER',3,'CAREN ACHIENG','SISTER',NULL,1487739600,6,1529355600,1,1500372897,NULL,4),(31,'41/2017','MARY AUMA AGOLA',186555600,2,'NYABONDO','0710472829','','BUSINESS LADY',2,'HENRY AGOLA OSANO','HUSBAND',NULL,1486702800,6,1529355600,1,1500373170,NULL,4),(32,'16/2017','ADHIAMBO RUTH MONICA OMOLO',-97441200,2,'GEM CALIFONIA','0724172950','','SELF EMLOYED',2,'WILLIAM OMOLLO','HUSBAND',NULL,1437217800,6,1437217800,0,1500373174,NULL,3),(33,'144/2017','OSUMO ROBERT OGOT',714456000,1,'RAGAMA','0717397875','','SELF EMPLOYED',2,'MAREN ODIRA OKEYO','WIFE',NULL,1496030400,6,1529355600,1,1500391756,NULL,3),(34,'44/2017','ALEX OTIENO OCHIENG',709963200,1,'KOSELE','0797679205','','SELF EMPLOYED',2,'JUDITH AWUOR','WIFE',NULL,1493956800,6,1493956800,1,1500391530,NULL,3),(35,'145/2017','ANAH ANYANGO NYADERA',-97441200,2,'KADIANG\'A','0713760413','','SELF EMPLOYED',2,'POLYCARP OSEN','SON',NULL,1488344400,6,1488344400,1,1500471920,NULL,6),(36,'45/2017','PETER OUMA ONDITI',-286743600,1,'KOJWACH','0701780558','','MASSIONRY',2,'EUNICE AKEYO','WIFE',NULL,1485320400,6,1529355600,1,1500470168,NULL,6),(37,'46/2017','HELLEN ATIENO NDONE',-255207600,2,'KOMALA','0717248054','','BUSINESS LADY',2,'WASHINGTONE OTIENO','HUSBAND',NULL,1485320400,6,1529355600,1,1500391589,NULL,3),(38,'43/2017','KAISI NEKESA MAYEKU',91947600,2,'BODI','0727723308','','TEACHER',3,'ALICE NYAELA OGUTU','DAUGHTER',NULL,1487048400,6,1529355600,1,1500472281,NULL,6),(39,'47/2017','TANG CHON BER WOMEN GROUP',1479358800,5,'KABUOYE','0715060251','','FAMERS AND TABLE BANKING',5,'GRACE ANYANGO OTUOMA','MEMBER',NULL,1485320400,6,1485320400,1,1500391700,NULL,3),(40,'142/2017','ZADOK OTIENO BODI',-2147483648,1,'KOSELE','0702039452','','SURBODINATE',1,'MATHEW AGUTU','SON',NULL,1458187200,6,1458187200,0,1500391141,NULL,3),(41,'147/2017','VICTOLINE AKINYI OCHIENG',429508800,2,'KAMADHI','0717971524','','SELF EMPLOYED',3,'COLLINS ODHIAMBO','SON',NULL,1487048400,6,1529355600,1,1500396792,NULL,6),(42,'46/2017','MARGARET ATIENO WANDEGA',-697057200,2,'KAMLOMA','0790131670','','BUSINESS LADY',3,'CHARLES WANDEGA','GRAND CHILD',NULL,1487048400,6,1529355600,1,1500375664,NULL,4),(43,'146/2017','CHRISTINE ANYANGO ONGOWO',687067200,2,'BOYA','0715492862','','TEACHER',2,'CYRIL OTIENO ATITO','HUSBAND',NULL,1500379320,6,1500379320,1,1500391896,NULL,3),(44,'48/2017','HITEN DOSILA ATIENO',556862400,2,'OKANJA','0704046808','','SELF EMPLOYED',2,'SHEM ODUOL OPOLO','HUSBAND',NULL,1486962000,6,1529355600,1,1500376359,NULL,4),(45,'49/2017','NICHOLAS OCHIENG OYAYA',-121201200,1,'NYABONDO SONDU','0721584139','','SELF EMPLOYED',2,'ANTONINE OCHIENG','WIFE',NULL,1455253200,1,1505448000,1,1500376652,NULL,5),(46,'60/2017','FREDRICK OKELLO OKONGO',-2147483648,1,'RANGWE','0703156498','','SELF EMPLOYED',2,'JACKLINE ADHIAMBO OKELLO','SPOUSE',NULL,1468872180,1,1468872180,0,1500377202,NULL,5),(47,'61/2016','EVARLINE ADHIAMBO OTIENO',659941200,2,'RANGWE','0701421763','','BUSINESS MAN',2,'KENNEDY OTIENO','HUSBAND',NULL,1476244800,6,1476244800,0,1500377412,NULL,5),(48,'51/2016','WASHINGTONE OPIYO OJWANG',-34282800,1,'OYUGIS','0722483819','','SELF EMPLOYED',2,'BENTER ATIENO','WIFE',NULL,1461902400,6,1461902400,0,1515043577,NULL,6),(49,'62/2016','WASHINGTONE OPIYO OJWANG',-34282800,1,'OYUGIS','0722483819','','SELF EMPLOYED',2,'BENTER ATIENO','WIFE',NULL,1461902400,6,1461902400,0,1500377666,NULL,5),(50,'63/2016','APAKA YOUTH GROUP',1448427600,5,'RANGWE','0721376449','','TABLE BANKING',5,'WYCLIFFE ODHIAMBO','MEMBER',NULL,1467086400,6,1467086400,0,1500377898,NULL,5),(51,'64/2017','MILLICENT ACHIENG ARIANDA',-2147483648,2,'KOKAL','0700789348','','FAMER',3,'KEVIN OMONDI OTIENO','SON',NULL,1460433600,6,1505448000,1,1501072257,NULL,6),(52,'54/2017','GEORGE OTIENO MIDIRE',281250000,1,'OMBOGA','0712928882','','SELF EMPLOYED',2,'MONICA ADHIAMBO','WIFE',NULL,1474776000,6,1474776000,0,1500378343,NULL,4),(53,'65/2017','EMILY AUMA OWUOR',508741200,2,'KEYO PRIMARY','0700197204','','BUSINESS LADY',2,'DICKSON COLA','BROTHER IN-LAW',NULL,1486702800,6,1529355600,1,1500378840,NULL,5),(54,'66/2017','JAKIM ONYANGO CHIEWO',628405200,1,'NYAMAROKA','0717437641','','BUSINESS MAN',2,'JENIPHER OUNGA','WIFE',NULL,1485493200,6,1485493200,1,1500379059,NULL,5),(55,'67/2017','MILLICENT WESONGA NDINYA',-2746800,2,'NYAMAROKA','0717591231','','BUSINESS LADY',2,'KENNEDY OTIENO','HUSBAND',NULL,1486011600,6,1486011600,1,1500379531,NULL,5),(56,'68/2017','ELIDAH AKOTH',170308800,2,'KOKWANYO','0796963765','','BUSINESS LADY',2,'BENSON ODHIAMBO','HUSBAND',NULL,1486011600,6,1486011600,1,1502780449,NULL,6),(57,'69/2017','JOYCE ATIENO',-2746800,2,'LIDA','0702077334','','BUSINESS LADY',2,'HELLEN ACHIENG','DAUGHTER',NULL,1486443600,6,1529355600,1,1500380303,NULL,5),(58,'55/2017','MARGARET MBIWA ABOK',-1233541800,2,'KENDU BAY','0711746951','','BUSINESS LADY',3,'Vivian Akinyi-0714706027','Grand Daugher',NULL,1496548800,6,1529355600,1,1529741270,NULL,6),(59,'70/2017','JANE NALIAKA  H. JOSEPH',-561754800,2,'ORIANG','0729415862','','RETIRED TEACHER',2,'JOSEPH OMOLLO AGOLLA','HUSBAND',NULL,1485752400,6,1529355600,1,1500380538,NULL,5),(60,'56/2017','CAVIN OTIENO OBONDO',659941200,1,'WASWETA','0703883660','','BUSINESS MAN',1,'COLLINS OCHILO BONDO','BROTHER',NULL,1500004800,6,1500004800,1,1500380899,NULL,3),(61,'71/2017','MAUREEN OPIYO',281250000,2,'KATITO','0706049295','','TEACHER',2,'JOSEPH ADOYO','HUSBAND',NULL,1484802000,6,1484802000,1,1500381081,NULL,5),(62,'72/2016','JOSEPH ABOK AMOLLO',-192135600,1,'CENTRAL KABUOCH','0703783587','','WATCH MAN',2,'JUDITH ACHIENG ABOK','WIFE',NULL,1477022400,6,1477022400,0,1500381295,NULL,5),(63,'73/2017','OTIENO REDEMPTAH  ANYANGO',-291153600,2,'NYANDIWA','0722920043','','BUSINESS LADY',3,'LOVENA ADHIAMBO OKOTH','DAUGHTER/0727788017',NULL,1465185600,6,1500436800,1,1514965649,NULL,6),(64,'58/2017','RICHARD SOI',-223671600,1,'IRAA','0790855518','','BUSINESS MAN',2,'SARAH SOI','WIFE',NULL,1483938000,6,1529355600,1,1500381889,NULL,4),(65,'81/2017','MARY AKINYI SIWO',249714000,2,'HOMABAY','0705020429','','BUSINESS LADY',2,'CHARLES OWINO ODHIAMBO','HUSBAND',NULL,1511586000,6,1511586000,1,1500382643,NULL,4),(66,'82/2017','JOHN OCHIENG NYANDEGA',502174800,1,'KENDU BAY','0715317814','','BUSINESS MAN',1,'SCOVIA ANYANGO','DAUGHTER',NULL,1514610000,6,1514610000,1,1500382958,NULL,4),(67,'83/2017','JAMES OCHANDA NDAYA',-412974000,1,'KENDU BAY','0715653870','','BUSINESS MAN',2,'MARGARET ADHIAMBO','WIFE',NULL,1487566800,6,1529355600,1,1500383214,NULL,4),(68,'84/2017','CAREN MAGERO',-2746800,2,'SONDU','0727860213','','BUSINESS LADY',2,'IRINE JEMORINE ATIENO','DAUGHTER',NULL,1483074000,6,1529355600,1,1500383550,NULL,4),(69,'74/2016','ISAAC OGOMA OWIGO',533710800,1,'OTARO','0712951214','','WELDING',1,'ASKAH AUMA','MOTHER',NULL,1468641600,6,1468641600,0,1500383631,NULL,5),(70,'75/2017','CAROLYNE NASIMIYU',-318366000,2,'NDARE( ACHEGO)','0714124715','','SELF EMPLOYED',2,'OTIENO OKELLO','SON',NULL,1481605200,6,1529355600,1,1500383798,NULL,5),(71,'91/2017','LEAH ABIERO NYANUNGO',-223671600,2,'OYUGIS','0720205791','','BUSINESS',2,'LINET ADHIAMBO','DAUGHTER',NULL,1500350400,6,1500350400,1,1500383825,NULL,4),(72,'85/2017','JOSHUA O,APINDE ',-2147483648,1,'RANGWE','0728280021','','SELF EMLOYED',2,'MARY A OLANG;O','WIFE',NULL,1438660800,6,1438660800,0,1500383886,NULL,4),(73,'76/2017','DORCAS ADHIAMBO ONYANGO',-2147483648,2,'OYUGIS','0726401768','','SELF EMPLOYED',2,'MILKA ADHIAMBO','CO-WIFE',NULL,1446872400,6,1446872400,0,1500383973,NULL,5),(74,'77/2017','MOSES OCHIENG BWANA',155019600,1,'KOSELE','0714837575','','BUSINESS MAN',2,'FREDRICK OMONDI','SON-0795770526',NULL,1460001600,6,1503892800,1,1505822359,NULL,6),(75,'86/2017','JASINTA ANYANGO',249714000,2,'LIDA','0786440067','','BUSINESS LADY',2,'TOBIUS MICKY','HUSBAND',NULL,1483678800,6,1529355600,1,1500384227,NULL,4),(76,'78/2017','DIANA ACHIENG',723099600,2,'OYUGIS','0719557915','','FAMER',2,'CYNTHIA SHELLY','DAUGHTER',NULL,1446613200,6,1446613200,0,1500384293,NULL,5),(77,'79/2017','FRANSISCAH AUMA OGUTU',249714000,2,'KOSELE','0705026006','','SELF EMPLOYED',2,'ROJASH OCHIENG','',NULL,1461816000,6,1461816000,0,1501218451,NULL,6),(78,'87/2017','EDWARD ONSARE ELIJAH ',-34282800,1,'SONDU','0720038671','','BUSINESS MAN',2,'ALICE CHEROTICH','WIFE',NULL,1483678800,6,1529355600,1,1500384508,NULL,4),(79,'92/2017','PENINA JUMA ARINGO',-665434800,2,'WANGAYA','0716029060','','BUSINESS',2,'JOSHUA ARINGO ATOO','HUSBAND-0722393216',NULL,1500350400,6,1500350400,1,1500384570,NULL,6),(80,'80/2017','CAROLYNE ANYANGO OKELLO',565246800,2,'KASIMBA','0714233302','','SELF EMPLOYED',2,'NICHOLAS OKELLO','HUSBAND',NULL,1461902400,6,1461902400,0,1500384800,NULL,5),(81,'93/2017','GRACE AUMA OJWANG',91947600,2,'SONDU','0729659875','','BUSINESS',2,'MARTINE OTIENO','HUSBAND-0727962663',NULL,1500350400,6,1500350400,1,1500384768,NULL,6),(82,'94/2017','GEORGE MUGABE OMBUOR',493012800,1,'SAYE','0716806511','','BUSINESS',2,'ROSELINE ATIENO MUGABE','WIFE-0718080724',NULL,1500350400,6,1500350400,1,1500384881,NULL,6),(83,'95/2017','CALEB OCHIENG GUDI',28789200,1,'NYAFARE-SAYE','0714924316','','BUSINESS',2,'SILVIA ADHIAMBO','WIFE-0792957103',NULL,1500350400,6,1500350400,1,1500385026,NULL,6),(84,'101/2017','JOSEPH H. OMOLLO OKALO',-832104000,1,'ORIANG','0725814150','','BUSINESS MAN',2,'JANE NALIAKA H. JOSEPH','WIFE',NULL,1486357200,6,1486357200,1,1500385061,NULL,5),(85,'88/2017','BEATRICE ADHIAMBO JUMA',-318366000,2,'SONDU','0700678185','','BUSINESS LADY',2,'JESCAH JUMA','DAUGHTER',NULL,1483938000,6,1529355600,1,1500385146,NULL,4),(86,'96/2017','PAMELA ADHIAMBO OINDO',-97441200,2,'OTHO MARKET-AHERO ','0728853198','','BUSINESS',2,'SULEIMAN AMIMO','HUSBAND-0717659222',NULL,1500350400,6,1500350400,1,1500385166,NULL,6),(87,'102/2017','REBECCA ANYANGO ADUDA',-65905200,2,'KOGUTA','0714396189','','BUSINESS LADY',3,'KENNEDY ODHIAMBO','SON',NULL,1488344400,6,1488344400,1,1500385206,NULL,5),(88,'97/2017','HELLEN AKINYI OGANA',397454400,2,'KOKWANYO','0704965472','','BUSINESS',2,'KENNETH OOKO OCHIENG','HUSBAND-0710164698',NULL,1500350400,6,1500350400,1,1500385366,NULL,6),(89,'103/2017','MARGRET OLOO',-349902000,2,'KOGOLLA','0723140932','','BUSINESS LADY',2,'DANSON OOKO','SON',NULL,1481173200,6,1529355600,1,1500385421,NULL,5),(90,'98/2017','GEORGE ODIWUOR BEN',717912000,1,'OYUGIS','0725587524','','SOLDIER',2,'QUINTER ACHIENG','WIFE-0710861743',NULL,1500350400,6,1500350400,1,1500385572,NULL,6),(91,'104/2017','GRACE ANYANGO OTUOMA',95662800,2,'KOTUOYA','0712933998','','PEASANT FARMER',3,'MARY AKINYI OTUOMA','DAUGHTER',NULL,1485320400,6,1485320400,1,1500385711,NULL,5),(92,'99/2017','MONICA ADHIAMBO OTIENO',-34282800,2,'WITHUR','0727388362','','BUSINESS',2,'BOAZ OCHIENG OTIENO','HUSBAND-0721551501',NULL,1500350400,6,1500350400,1,1500385720,NULL,6),(93,'89/2017','EVERLINE ADHIAMBO OTIENO',375944400,2,'NYABONDO CENTER07','0717327097','','BUSINESS LADY',2,'SHADRACK OTIENO OKELLO','HUSBAND',NULL,1483074000,6,1529355600,1,1500385767,NULL,4),(94,'100/2017','BERYL ATIENO ODONGO',533710800,2,'WITHUR','0726793033','','BUSINESS',1,'JAMES ODONGO OCHIENG','FATHER',NULL,1500350400,6,1500350400,1,1500385834,NULL,6),(95,'90/2017','JOSHUA AWINO ODHIAMBO',60325200,1,'ASUMBI','0711314700','','PEASANT FARMER',2,'ROSE ADHIAMBO','WIFE',NULL,1473912000,6,1473912000,0,1500385982,NULL,4),(96,'111/2017','DHIER RACH WOMEN GROUP',1007096400,5,'MAKAKA','0703521538','','SELF HELP GROUP',5,'MONICA ATIENO ADENI','CHAIRPERSON',NULL,1500350400,6,1500350400,1,1500385989,NULL,6),(97,'105/2017','PHIPHILEMON JAOKO OMULO',-539204400,1,'KOTUOYA','0792962513','','PEASANT FARMER',2,'CHRISTIN AUMA','WIFE',NULL,1485320400,6,1485320400,1,1500386072,NULL,5),(98,'106/2017','PAMELA ADHIAMBO ORANGA',126248400,2,'KANYADAWA','0715060251','','BUSINESS LADY',2,'PETER ORANGA ONDITI','',NULL,1485320400,1,1485320400,1,1500386217,NULL,5),(99,'112/2017','NANCY  CHELANGAT',186555600,2,'KIPTERE','0728230058','','BUSINESS',2,'LANGAT BETT','HUSBAND',NULL,1456808400,6,1456808400,0,1500386221,NULL,6),(100,'107/2017','JOHN AMBASA MUGISIA',310366800,1,'BUKURA','0716402273','','SCHOOL LIBRARIAN',2,'JACKLINE OSIBA AMBASA','WIFE',NULL,1485147600,6,1485147600,1,1500386396,NULL,5),(101,'121/2017','TERESA OPIYO OCHIENG',-381438000,2,'RABUOR','0700574356','','BUSINESS LADY',2,'JOHN OCHIENG TINDI','HUSBAND/0726387382',NULL,1474948800,6,1474948800,0,1515416211,NULL,6),(102,'113/2017','B.O.M SELF HELP GROUP',1417323600,5,'NYANGWESO','0711740309','','SELF HELP GROUP',5,'PETER CHWANYA ODEKO','CHAIRPERSON',NULL,1449896400,6,1505534400,1,1500386472,NULL,6),(103,'114/2017','HILLARY ONGUEYA ODIEMBO',91947600,1,'OYUGIS','0711274137','','BUSINESS',2,'JULIANA ADHIAMBO','WIFE',NULL,1445227200,6,1505448000,1,1500386627,NULL,6),(104,'108/2017','CAROLYNE OBUOGO',-2147483648,2,'NYAMAROKA','0723801236','','BUSINESS LADY',2,'LYDIA AGONJI','DAUGHTER',NULL,1484024400,6,1484024400,0,1515576323,NULL,6),(105,'122/2017','JANET ADOYO OGONGO',80452800,2,'SONDU','0724048775','','BUSINESS LADY',2,'MILLICENT ADOYO','SISTER',NULL,1474516800,6,1474516800,0,1500386747,NULL,4),(106,'115/2017','ENRICER OUMA OWINO',375944400,1,'RAGWE','0735485535','','BUSINESS',2,'MILLICENT AKINYI','WIFE-0716481526',NULL,1474084800,6,1474084800,0,1500386785,NULL,6),(107,'109/2017','JOSHUA OTIENO NYAINDA',533710800,1,'SONDU','0725792601','','BUSINESS MAN',2,'ELIZABETH AWINO','WIFE',NULL,1513746000,6,1513746000,1,1503576867,NULL,6),(108,'110/2017','MARTIN OGEMBO OKETCH',-2147483648,1,'SONDU','0711838948','','SELF EMPLOYED',2,'ANGELA ADHIAMBO','WIFE',NULL,1513746000,6,1513746000,1,1500386997,NULL,5),(109,'123/2017','EVONNE AWUOR OWAKA',786171600,2,'RAGAMA','0726935724','','BUSINESS LADY',2,'MOLLINE OWAKA','SISTER',NULL,1475726400,6,1475726400,0,1500386997,NULL,4),(110,'116/2017','LEONIDA ATIENO',-223671600,2,'KIBOGO','0724893053','','BUSINESS',2,'JOHN OTIENO','HUSBAND-0729649553',NULL,1478581200,6,1478581200,0,1500387144,NULL,5),(111,'131/2017','CAREN ANYANGO OWITI',-160513200,2,'SONDU','0723026972','','BUSINESS LADY',2,'LUCY AWINO OWITI','DAUGHTER',NULL,1514610000,6,1514610000,1,1505297587,NULL,6),(112,'117/2017','CAREN NGESO MAGERO',-2746800,2,'SONDU','0727860213','','BUSINESS',3,'IRINE JEMORINE ATIENO','DAUGHTER-0792462448',NULL,1483074000,6,1529355600,1,1515491159,NULL,6),(113,'132/2017','KENNEDY OTIENO AGEMU',502174800,1,'KOGUTA','0727252964','','BUSINESS MAN',2,'','',NULL,1484024400,6,1529355600,1,1500387420,NULL,5),(114,'118 /2017','JAMES OCHANDA NDAYA',-412974000,1,'KENDU BAY','0715653870','','BUSINESS',2,'MARGARET ADHIAMBO','WIFE',NULL,1450587600,6,1450587600,0,1515491310,NULL,6),(115,'133/2017','NOEL AJOK OKELLO',189320400,1,'KACHIENG BONGU','0726886630','','ELECTRICIAN',2,'GORETY AWUOR OWUOR','WIFE',NULL,1485752400,6,1485752400,1,1502780626,NULL,6),(116,'119/2017','JOCINTER ANYANGO ORIKO',249714000,2,'LIDA','0786440067/0791184488','','BUSINESS',2,'TOBIAS MICKY','HUSBAND-0714186855',NULL,1483678800,6,1529355600,1,1500387668,NULL,5),(117,'134/2017','KENNEDY ONDIMU ONGIGE',91947600,1,'SONDU','0720824845','','BUSINESS MAN',2,'ROSE KEMUNTO','WIFE',NULL,1484542800,1,1529355600,1,1500387812,NULL,5),(118,'120/2017','NEREAH AKEYO',249714000,2,'SONDU','0720229178','','BUSINESS',2,'ROSE REGE','FRIEND-0702838888',NULL,1479445200,6,1479445200,0,1500387922,NULL,6),(119,'135 /2017','NORAH ADHIAMBO',91947600,2,'CENTER SORI','0710682343','','SELF EMPLOYED',2,'SHEM OWINO OUKO','HUSBAND',NULL,1485320400,6,1529355600,1,1515491275,NULL,6),(120,'136/2017','EVELYNE ANYANGO ODONGO',-223671600,2,'WITHUR','0721257589','','BUSINESS',2,'JAMES ODONGO OCHIENG','HUSBAND-0722291901',NULL,1477454400,6,1477454400,0,1500388115,NULL,6),(121,'137/2017','MARGARET ATIENO OTIENO',281250000,2,'MISAMBI','0719493523','','BUSINESS',2,'SAMWEL OTIENO','HUSBAND-0733511643',NULL,1484715600,6,1529355600,1,1500388328,NULL,6),(122,'138/2017','ANDRECUS JUMA ONYANGO',60325200,1,'KAJIEI','0712088794','','BUSINESS',2,'FREDA MUNYENDO','WIFE-0705416842',NULL,1485147600,6,1529355600,1,1500388877,NULL,6),(123,'139/2017','JOHN OCHIIENG TINDI',-476132400,1,'KANDIEGE','0726387382','','FARMING',2,'TERESA OPIYO OCHIENG','WIFE',NULL,1474948800,6,1474948800,0,1500389415,NULL,6),(124,'140/2017','PETER NDUNGU KARIOKI',-223671600,1,'SONDU','0720940035','','BUSINESS',2,'MIRIAM WANJIRU NDUNGU','WIFE-0727109584',NULL,1477886400,6,1477886400,0,1500389609,NULL,6),(125,'141/2017','STEPHEN OCHIENG ODUOR',91947600,1,'OYUGIS','0721829196','','BUSINESS',2,'RACHAEL ACHIENG OCHIENG','WIFE-0712256563',NULL,1489377600,6,1529355600,1,1500389876,NULL,6),(126,'148/2017','ZABLON OBINO KIMORI',315550800,1,'BOTONIANDA','0721949853','','BUSINESS',2,'NAOMI KWAMBOKA','WIFE',NULL,1477108800,6,1477108800,0,1500397274,NULL,6),(127,'149/2017','NORAH ADHIAMBO OMENDA',-65905200,2,'SORI CENTER','724888216','','BUSINESS',2,'GEORGE OUMA','HUSBAND',NULL,1485320400,6,1529355600,1,1500397462,NULL,6),(128,'150/2017','CALEB OGUTA ONGUKA',312786000,1,'NYALENDA','0717418989','','TEACHING',2,'MILLICENT ATIENO OGUTA','WIFE-0714713167',NULL,1481778000,6,1529355600,1,1500397669,NULL,6),(129,'151/2017','WILLIAM KASERA RAPEMO',407480400,1,'PAP ONDITI','0702829277','','FARMING',2,'HELLEN AKOTH KASERA','WIFE-0713763497',NULL,1470456000,6,1505448000,1,1500397828,NULL,6),(130,'04/2017','DIANA AKINYI ONYANGO',846997200,2,'OYUGIS','0792654687','','SELF EMPLOYED',1,'BASIL STANLEY ONYANGO','BROTHER',NULL,1465272000,6,1500436800,1,1500439620,NULL,6),(131,'152/2017','CAROLINE ATIENO ODONDI',511246800,2,'KENDU BAY','0703521538','','SELF EMPLOYED',2,'MAURICE ODONDI','HUSBAND',NULL,1455944400,6,1505707200,1,1500439843,NULL,6),(132,'154/2017','GEORGE OMONDI AYUKA',249714000,1,'OMBOGA','0725538219','','MECHANIC TECHNICIAN',2,'MILICENT AWUOR','WIFE',NULL,1444017600,6,1444017600,0,1500440028,NULL,6),(133,'155/2017','PETER CHWANYA ODEKO',-539204400,1,'NYANGWESO','0711740309','','SELF EMPLOYED',2,'CONSELATA AKINYI CHWANYA','WIFE',NULL,1449205200,6,1505448000,1,1501071253,NULL,5),(134,'168/2017','ANDREW ODONGO NDINYA',-65905200,1,'OYUGIS','0724675081','','BUSINESS',2,'','',NULL,1445227200,6,1500436800,1,1500440491,NULL,3),(135,'156/2017','ELPHAS JUMA OWITI',123483600,1,'OYUGIS','0724728931','','SELF EMPLOYED',2,'MILLICENT AKINYI JUMA','WIFE',NULL,1444708800,6,1505707200,1,1500440493,NULL,6),(136,'169/2017','COLLINS OCHIENG',691477200,1,'OYUGIS','0703893970','','BUSINESS',1,'ROSE ONYANGO','SISTER-0724648366',NULL,1447218000,6,1447218000,0,1515576372,NULL,6),(137,'157/2017','JARED OUMA MIKWA',242280000,1,'OYUGIS','0732201483','','SELF EMPLOYED',2,'SAMWEL OTIENO','SON',NULL,1459137600,6,1459137600,0,1500440726,NULL,6),(138,'170/2017','HUMPHRED OCHIENG OLUOCH',407480400,1,'HOMABAY','0719147951','','BUSINESS',2,'MAUREEN AKOTH','WIFE-0714467004',NULL,1426046400,6,1426046400,0,1500440897,NULL,3),(139,'158/2017','JUDITH ADOYO OTIENO',-255207600,2,'SONDU ','0719394383','','SELF EMPLOYED',3,'BORNFAS ONYANGO','SON',NULL,1483678800,6,1529355600,1,1500440914,NULL,6),(140,'159/2017','SALOME ANYANGO OKUMU',-349902000,2,'SONDU','0703543006','','SELF EMPLOYED',3,'WILLYS ABEL','SON',NULL,1483678800,6,1483678800,0,1515576348,NULL,6),(141,'171/2017','MARY AKEYO NYANUNGO',-255207600,2,'SONDU','0727616785','','BUSINESS',2,'JOSPHAT SAMWEL OKEYO','HUSBAND',NULL,1482814800,6,1529355600,1,1500441082,NULL,3),(142,'160/2017','JULIUS OCHIENG ODHIAMBO',565246800,1,'DUDI','0718300142','','SELF EMPLOYED',2,'SHEILA ADHIAMBO OCHIENG','WIFE',NULL,1469764800,1,1505448000,1,1500441162,NULL,6),(143,'172/2017','JOSEPH ONYANGO ONYWERA',60325200,1,'OYUGIS','0720463884','','BUSINESS',2,'OLIVIA AKINYI','DAUGHTER',NULL,1468900800,6,1505448000,1,1500441279,NULL,3),(144,'161/2017','PHOEBE ATIENO NGIELA',-160513200,2,'OYUGIS','720726483','','SELF EMPLOYED',2,'WILLIAM NGIELA ODONGI','HUSBAND/0704249677',NULL,1451624400,6,1505448000,1,1502865139,NULL,6),(145,'173/2017','JOYCE KHATENYI ELAMWENYA',249714000,2,'KAMLOMA','0710259896','','BUSINESS',2,'WILLIAM OCHIENG OJWANG','HUSBAND-0728207808',NULL,1484370000,6,1529355600,1,1500441517,NULL,3),(146,'162/2017','LILIAN ATIENO ANGISO',155019600,2,'KENDU BAY','0713317557','','SELF EMPLOYED',2,'JOHN ANGISO','HUSBAND',NULL,1458014400,6,1458014400,0,1515044985,NULL,6),(147,'174/2017','LILY BOR',186555600,2,'KIPTERE','0790365495','','BUSINESS',2,'JOSPHAT KIPNGENO','HUSBAND',NULL,1484024400,6,1529355600,1,1500441875,NULL,3),(148,'163/2017','ALBERT OMONDI OKEYO',563432400,1,'OYUGIS','0705385067','','PWD-HOMA BAY',1,'ELIZABETH AUMA','FIANCEE',NULL,1472443200,6,1472443200,0,1500441994,NULL,6),(149,'175/2017','LEAH ACHIENG ARINGO',-381438000,2,'OTHO-AWASI','0722479452','','BUSINESS',2,'NELSON MANDELA STEVE','HUSBAND',NULL,1484024400,6,1484024400,1,1500442082,NULL,3),(150,'164/2017','PETER OTIENO OMANYA',186555600,1,'GEM  KAWUOR','071112619','','SELF EMPLOYED',2,'EVERLINE AOKO','WIFE',NULL,1472443200,6,1472443200,0,1500442188,NULL,6),(151,'167/2017','KENPHAS OCHIENG OTIENO',723099600,1,'OYUGIS','0705459046','','BUSINESS',1,'PAMELA AKINYI','MOTHER-0705392918',NULL,1454389200,6,1454389200,0,1515576416,NULL,6),(152,'165/2017','GEOPHREY OMONDI OUKO',596869200,1,'OYUGIS','0712237037','','SELF EMPLOYED',2,'BERYL AOKO OMONDI','WIFE',NULL,1459396800,6,1500436800,1,1500442365,NULL,6),(153,'166/2017','LINAH CHEPTO OUDU',470638800,2,'KOCHIA','0714147771','','SELF EMPLOYED',2,'JOSEPH  OWINO OMENY','HUSBAND',NULL,1451192400,6,1505534400,1,1500442662,NULL,6),(154,'176/2017','LILIAN AKINYI OTIENO',186555600,2,'KOKUTA NYAKACH','0703977392','','BUSINESS',3,'BENSON OKOTH','SON/0706442130',NULL,1502683200,6,1502683200,1,1502699015,NULL,6),(155,'177/2017','AMOS OUMA OLIMA',-2147483648,1,'OYUGIS','0724889761','','',2,'','',NULL,1502683200,6,1502683200,1,1502718020,NULL,5),(156,'664/194/2015','KODEKA NICHOLAS ODEKO',249714000,1,'NYANGWESO','0723213468','','BUSINESS',2,'ROSELYN ADHIAMBO','WIFE',NULL,1447131600,6,1503720000,1,1515045090,NULL,6),(157,'178/2017','RACHAEL ANYANGO ADERO',502174800,2,'OYUGIS','723014605','','BUSINESS',1,'','',NULL,1483592400,6,1529355600,1,1504347290,NULL,6),(158,'179/2017','JULIUS OOKO ODUMBE',187592400,1,'RAGAMA','0711420902','','TAILOR',2,'EUNICE AUMA','WIFE',NULL,1504756800,6,1504756800,1,1504773529,NULL,5),(159,'180/2017','GRACE SUSAN PETER',502174800,2,'KENDU BAY','729335041','','BUSINESS',2,'','DAUGHTER',NULL,1472616000,6,1472616000,0,1505288624,NULL,6),(160,'181/2017','TATU ACHIENG ODIWUOR',60325200,2,'KENDU BAY','123','','BUSINESS',2,'','SON',NULL,1478581200,6,1478581200,0,1505293901,NULL,6),(161,'182/2017','NICHOLAS ODHIAMBO PETE',-34282800,1,'OYUGIS','0717838948','','BUSINESS',2,'DYLAN OUMA ODHIAMBO','SON',NULL,1460952000,6,1505448000,1,1513171258,NULL,6),(162,'163/2017','Quintet Awuor Juma',799646400,2,'Oyugis','0791882399','quenterawuor@gmail.com','Employed ',1,'Fredrick Marembo','',NULL,1512622800,5,1512622800,0,1512647556,NULL,5),(163,'01/2017','Merceline Adhiambo',249714000,2,'OYUGIS','0702794813','','BUSINESS LADY',2,'','',NULL,1514523600,6,1514523600,1,1515491102,NULL,6),(164,'02/2017','Gladys Kaluhi Visahu',249714000,2,'OYUGIS','0706341446','','BUSINESS LADY',2,'','',NULL,1511931600,6,1511931600,1,1515045322,NULL,6),(165,'03/2017','Benter A. awuor',-2147483648,2,'OYUGIS','0711458116','','BUSINESS LADY',2,'Mary awuor','friend',NULL,1511845200,6,1511845200,1,1515491194,NULL,6),(166,'18/2017','Atieno Mercy Awino',1513054800,2,'OYUGIS','0702710749','','BUSINESS LADY',2,'','',NULL,1514350800,6,1514350800,1,1515491382,NULL,6),(167,'129/2017','Lore ochieng',-2147483648,2,'opp equator','0710123215','','BUSINESS LADY',2,'','',NULL,1511758800,6,1511758800,1,1515044322,NULL,6),(168,'125/2017','Juliet anyango',-2147483648,2,'OYUGIS','703184308','','BUSINESS LADY',2,'rael','friend',NULL,1513213877,6,1513213877,1,1515044242,NULL,6),(169,'05/2017','jane oraga',1511931600,2,'OYUGIS','0716812429','','BUSINESS LADY',2,'','',NULL,1500004800,6,1500004800,1,1515491727,NULL,6),(170,'183/2017','HELLEN ATIENO DINDA',60325200,2,'BODI','723102389','','BUSINESS LADY',2,'712255664','DAUGHTER',NULL,1486357200,6,1529355600,1,1513171404,NULL,6),(171,'06/2017','Elizabeth ochieng',-2147483648,2,'OYUGIS','0712478641','','BUSINESS LADY',2,'','',NULL,1506398400,6,1506398400,1,1515491771,NULL,6),(172,'07/2017','janet atieno',-381438000,2,'oyugis','0720597607','','',2,'','',NULL,1511845200,6,1511845200,1,1515491867,NULL,6),(173,'08/2017','Benter Auma Okumu',1514437200,2,'OYUGIS','0798086469','','BUSINESS LADY',2,'','',NULL,1513141200,6,1513141200,1,1515491819,NULL,6),(174,'09/2017','jenifer anyango okeyo',-191790000,2,'OYUGIS','0728976413','','bussiness lady',2,'','',NULL,1511154000,6,1511154000,1,1515491431,NULL,6),(175,'10/2017','Mary adhiambo odhiambo',660978000,2,'OYUGIS','0728976413','','BUSINESS LADY',2,'','',NULL,1511931600,6,1511931600,1,1515491403,NULL,6),(176,'57/2017','Lydia apondi',629528400,2,'OYUGIS','079539210','','BUSINESS LADY',2,' rose olingo','FRIEND',NULL,1510290000,6,1510290000,1,1515491358,NULL,6),(177,'52/2017','Janet achieng ngoje',-2147483648,2,'OYUGIS','0707271753','','BUSINESS LADY',2,'','',NULL,1510290000,6,1510290000,1,1515043929,NULL,6),(178,'53/2017','David Odero',641880000,1,'nyagowa','0707709151','','SELF EMLOYED',2,'','',NULL,1512536400,5,1512536400,1,1515044005,NULL,6),(179,'127/2017','Authur Omondi',628664400,1,'OYUGIS','0717630729','','SELF EMLOYED',2,'','',NULL,1512104400,6,1512104400,1,1515044266,NULL,6),(180,'130/2017','kennedy aketch',662187600,1,'OYUGIS','0710547021','','BUSINESS MAN',2,'','',NULL,1512795600,6,1512795600,1,1515044354,NULL,6),(181,'185/2017','Erick ochieng',-2147483648,1,'OYUGIS','0713413736','','SELF EMLOYED',2,'','',NULL,1512450000,6,1512450000,1,1515044447,NULL,6),(182,'191/2017','Conslata anyango',375944400,1,'OYUGIS','0700108227','','BUSINESS LADY',2,'','',NULL,1512882000,6,1512882000,1,1515044711,NULL,6),(183,'17/2017','Faima akinyi',-2147483648,2,'OYUGIS','0703390468','','BUSINESS LADY',2,'','',NULL,1512882000,6,1512882000,1,1515491247,NULL,6),(184,'04/2017','Mary A.awuor',-381438000,2,'OYUGIS','0715885350','','BUSINESS LADY',2,'benter','',NULL,1511672400,6,1511672400,1,1515491126,NULL,6),(185,'19/2017','Nicholas Odhiambo',281250000,1,'OYUGIS','0714944592','',' BUSSINESS MAN',2,'','',NULL,1513227600,6,1513227600,1,1515491040,NULL,6),(186,'128/2017','Dinah Achieng Orero',563932800,2,'OYUGIS','0702948663','','saloonist',2,'','',NULL,1513314000,6,1513314000,1,1516797441,NULL,9),(187,'153/2017','Risper adhiambo',563950800,2,'OYUGIS','0710678090','','BUSINESS LADY',2,'Mary awuor','neighbour',NULL,1513573200,6,1513573200,1,1515044383,NULL,6),(188,'184/2017','Rose adhiambo olingo',377067600,2,'kuoyo','0706407453','','BUSINESS LADY',2,'self','friend',NULL,1513746000,6,1513746000,1,1515044424,NULL,6),(189,'186/2017','Nancy atieno rapemo',-2147483648,2,'ragama','0715486525','','BUSINESS LADY',2,'self','friend',NULL,1513746000,6,1513746000,1,1527416125,NULL,9),(190,'187/2017','Solomon juma',1513746000,1,'oyugis','0734635276','','BUSINESS MAN',2,'laty','',NULL,1513659600,6,1513659600,1,1515044545,NULL,6),(191,'188/2017','Grace Adhiambo Okoth',533710800,2,'ragama','0707393376','','bussuness lady',2,'laty','',NULL,1514264400,6,1514264400,1,1515044585,NULL,6),(192,'189/2017','Rael aluoch okello',-2147483648,2,'rawinji','0711518027','','Counseller',2,'self','',NULL,1514437200,6,1514437200,1,1515767045,NULL,6),(193,'190/2017','Joseph odhiambo opere',-255207600,1,'kachieng','0705655427','','teacher',2,'self','',NULL,1514437200,6,1514437200,1,1515044680,NULL,6),(194,'124/2018','Joyce akinyi',470638800,2,'oyugis','0741511676','','bussuness lady',2,'','',NULL,1514869200,6,1514869200,1,1515044169,NULL,6),(195,'192/2017','Emma auma',-2147483648,2,'oyugis','0720126723','','',2,'risper','friend',NULL,1514955600,6,1514955600,1,1515044737,NULL,6),(196,'193/2017','Jane achieng',470638800,2,'oyugis','0743324509','','bussuness lady',2,'risper','friend',NULL,1514955600,6,1514955600,1,1515045045,NULL,6),(197,'195/2018','Mary atieno obiero',-2147483648,2,'oyugis','0701457514','','small buss',2,'','',NULL,1515128400,6,1515128400,1,1515474276,NULL,9),(198,'196/2017','HESBON OMONDI OTIENO',565246800,1,'WIKOTENG-ASUMBI','0704944274','','BUSINESS MAN',2,'FAITH AUMA OMONDI','WIFE/0716412133',NULL,1486270800,6,1529355600,1,1515154509,NULL,6),(199,'197/2018','LORINE ATIENO OKIRO',798436800,2,'RAGAMA/KOKAL','0791032104','','BUSINESS LADY',3,'GEOFREY ODHIAMBO','SON',NULL,1515128400,6,1515128400,1,1515159935,NULL,6),(200,'198/2018','Everline Aomo',312786000,2,'ragama','792061619','','bussuness lady',2,'','',NULL,1515214800,6,1515214800,1,1515505836,NULL,9),(201,'199/2018','Emma adoyo',-255207600,2,'mawira','798694357','','bussiness lady',2,'lydia apondi','',NULL,1515214800,6,1515214800,1,1515246365,NULL,9),(202,'200/2018','Tobias okoth',531550800,1,'kamagak','0722855915','','BUSINESS MAN',2,'','',NULL,1515387600,6,1515387600,1,1515398984,NULL,9),(203,'201/2018','Beatrice akinyi',-255207600,2,'ragama','719112516','','bussiness lady',2,'','',NULL,1515387600,6,1515387600,1,1515411957,NULL,9),(204,'202/2018','Salmeth awuor ochieng',281250000,2,'OYUGIS','721561288','','BUSINESS LADY',2,'OCHIENG','',NULL,1515387600,6,1515387600,1,1515474641,NULL,9),(205,'203/2018','Mary oyombe',-255207600,2,'mawira','708388303','','bussuness lady',2,'','',NULL,1515474000,6,1515474000,1,1515490877,NULL,6),(206,'204/2018','Beatrice akinyi bala',377067600,2,'mawira','0719112516','','bussiness lady',2,'','',NULL,1515474000,6,1515474000,1,1515490828,NULL,6),(207,'205/2018','Matty juma',-255207600,2,'ragama','717472077','','bussuness lady',2,'','',NULL,1515474000,6,1515474000,1,1515501007,NULL,9),(208,'206/2018','Lorine Atieno',377067600,2,'oyugis','714211033','','bussuness lady',2,'self','',NULL,1515560400,6,1515560400,1,1515581737,NULL,9),(209,'208/2018','David Oluoch Odongo',249714000,1,'Kwoyo ','0743243008','','EMPLOYED',2,'Leah Auma Abongo','WIFE/0718052289',NULL,1515646800,6,1515646800,1,1515650454,NULL,6),(210,'209/2018','rose okeyo',377038800,2,'oyugis','729388009','','bussiness lady',2,'self','',NULL,1515646800,6,1515646800,1,1526399577,NULL,9),(211,'210/2018','lucy ouya',533692800,2,'oyugis','708338929','','BUSINESS LADY',2,'self','',NULL,1515646800,6,1515646800,1,1519031539,NULL,6),(212,'211/2018','Fred Kwama',312786000,1,'oyugis','728102834','','mechanic',2,'','',NULL,1515646800,6,1515646800,1,1515733303,NULL,9),(213,'212/2018','Emilly achieng',312786000,2,'ragama','718133592','','',2,'','',NULL,1515733200,6,1515733200,1,1515769373,NULL,9),(214,'213/2018','florence okwany',377049600,2,'oyugis','714086631','','bussiness lady',2,'','',NULL,1515974400,6,1515974400,1,1516008911,NULL,9),(215,'214/2018','Roselyn Deya',375926400,2,'OYUGIS','0721394780','','SELF EMLOYED',2,'self','',NULL,1516320000,6,1516320000,1,1516619453,NULL,9),(216,'215/2018','Merceline Auma Mbuyi',28771200,2,'OYUGIS','0721315872','','BUSINESS LADY',2,'self','',NULL,1516320000,6,1516320000,1,1516617929,NULL,9),(217,'216/2018','Emelda Atieno Odhiambo',1516233600,2,'OYUGIS','0792733678','','BUSINESS LADY',2,'LORE','',NULL,1516579200,6,1516579200,1,1517311524,NULL,9),(218,'217/2018','Jemimah Atieno',28771200,2,'OYUGIS','0710123215','','BUSINESS LADY',2,'self','',NULL,1516406400,6,1516406400,1,1516618196,NULL,9),(219,'218/2018','Jane Adhiambo Ogweno',281232000,2,'OYUGIS','0714436440','','BUSINESS LADY',2,'self','',NULL,1516320000,6,1516320000,1,1516618520,NULL,9),(220,'219/2018','Caroline Adoyo Awino',375926400,2,'OYUGIS','0791882399','','TEACHING',2,'self','',NULL,1516579200,6,1516579200,1,1517312333,NULL,9),(221,'220/2018','Everline Anyango Ouma',28771200,2,'OYUGIS','792061619','','BUSINESS LADY',2,'Janet Atieno Otieno','friend',NULL,1515801600,6,1515801600,1,1516701830,NULL,9),(222,'221/2018','Millicent Adhiambo Ochieng',375926400,2,'ringa','0715614461','','BUSINESS LADY',2,'Rose olingo','friend',NULL,1517270400,6,1517270400,1,1518017538,NULL,6),(223,'222/2018','Syprine Amollo',-381456000,2,'kuoyo','0710753665','','BUSINESS LADY',2,'self','',NULL,1515974400,6,1515974400,1,1517320490,NULL,9),(224,'223/2018','Rose Owuor',375926400,2,'OYUGIS','0708946560','','BUSINESS LADY',2,'joyce akinyi','landlady',NULL,1517875200,6,1517875200,1,1517982542,NULL,9),(225,'224/2018','Lilian Anyango Akiru',249685200,2,'rawinji','0702551831','','BUSINESS LADY',3,'self','',NULL,1517788800,6,1517788800,1,1527159223,NULL,9),(226,'225/2018','Millicent Akoth',281232000,2,'OYUGIS','0721697354','','BUSINESS LADY',2,'self','',NULL,1517961600,6,1517961600,1,1517999813,NULL,9),(227,'226/2018','Everline Oraga',281232000,1,'OYUGIS','0798610949','','BUSINESS LADY',2,'self','',NULL,1518393600,6,1518393600,1,1518427048,NULL,9),(228,'227/2018','Harizon Omuga',-381456000,1,'OYUGIS','0791882399','','BUSINESS MAN',2,'self','',NULL,1517356800,6,1517356800,1,1518427198,NULL,9),(229,'228/2018','Peres Achieng',28771200,2,'OYUGIS','0716400496','','BUSINESS LADY',2,'self','',NULL,1518393600,6,1518393600,1,1518440865,NULL,9),(230,'229/2018','Jawe Anyango',312768000,2,'OYUGIS','0723596779','','BUSINESS LADY',2,'diana achieng','',NULL,1518393600,6,1518393600,1,1518441005,NULL,9),(231,'230/2018','Wallace Asuka',375926400,1,'Sondu','723343293','','BUSINESS MAN',2,'Emilly Owuor','friend',NULL,1518220800,6,1518220800,1,1518852193,NULL,9),(232,'231/2018','Erick ochieng',502156800,1,'Rawinji','0703521538','','boda boda',1,'self','',NULL,1519516800,6,1519516800,1,1520404376,NULL,6),(233,'232/2018','Sabina Nyamwaya',1522195200,2,'OYUGIS','0722416598','','BUSINESS LADY',2,'self','',NULL,1520208000,6,1520208000,1,1520232888,NULL,6),(234,'233/2018','Jeremiah Osalla',60307200,1,'OYUGIS','0720722753','','BUSINESS MAN',2,'N/A','',NULL,1520208000,6,1520208000,1,1520404575,NULL,6),(235,'234/2018','Carol Omondi',249696000,1,'OYUGIS','0700728222','','BUSINESS LADY',1,'N/A','',NULL,1520467200,6,1520467200,1,1520512277,NULL,9),(236,'235/2018','Zakayo Otieno',-533606400,1,'ASUMBI','0715149860','','CHIEF',2,'Peter Odhiambo Ouma','SON',NULL,1521158400,6,1521158400,1,1521202769,NULL,9),(237,'236/2018','Christine Oraga',502156800,2,'OYUGIS TOWN','0728029908','','BUSINESS LADY',2,'Mary Awuor','Buss friend',NULL,1521763200,6,1521763200,1,1521880439,NULL,9),(238,'237/2018','Danis Ochieng',60307200,1,'JUAKALI-OYUGIS','0710825041','','BUSINESS MAN',2,'N/A','',NULL,1522022400,6,1522022400,1,1522061677,NULL,9),(239,'238/2018','Salome Obungu',1523394000,2,'OYUGIS','0713249217','','Busslady',2,'SYPRINE','Friend',NULL,1522789200,1,1522789200,1,1522826223,NULL,9),(240,'239/2018','Rose Juma',60296400,2,'OYUGIS TOWN','0728489925','','BUSINESS',2,'Mary Awuor','bussfriend',NULL,1522616400,6,1522616400,1,1522826936,NULL,9),(241,'240/2018','Peter Olima',249685200,1,'SONDU','0791882399','','FARMER',2,'N/A','',NULL,1491339600,6,1529355600,1,1522943112,NULL,9),(242,'241/2018','Lilian ochich',186526800,2,'OYUGIS','795641814','','BUSINESS LADY',2,'Risper','Buss friend',NULL,1523221200,6,1523221200,1,1523421212,NULL,9),(243,'242/2018','Daniel Owenga',60296400,1,'OYUGIS','0791882399','','BUSINESS MAN',2,'N/A','',NULL,1523826000,6,1523826000,1,1524065334,NULL,9),(244,'243/2018','Sheba Atieno Ndemo',407451600,2,'RUGA','0729620401','','BUSINESS LADY',2,'Group','',NULL,1524603600,6,1524603600,1,1524716545,NULL,9),(245,'244/2018','Ann Akoth Oketch',407451600,2,'RUGA','0727524494','','BUSINESS LADY',2,'Group','',NULL,1524258000,6,1524258000,1,1524716776,NULL,9),(246,'245/2018','Everline Akinyi Onyango',407451600,2,'oyugis','0725410889','','BUSINESS LADY',2,'N/A','',NULL,1524258000,6,1524258000,1,1528966370,NULL,9),(247,'246/2018','Susan Akoth Odongo',60296400,2,'RUGA','0725791336','','BUSINESS LADY',2,'Group','',NULL,1524690000,6,1524690000,1,1524717052,NULL,9),(248,'247/2018','ZACHAYO OUMA OTIENO',-318393900,1,'ASUMBI','0733345373','','FORMER CHIEF',2,'Peter Odhiambo Ouma','SON',NULL,1521147600,6,1521147600,1,1524741486,NULL,9),(249,'248/2018','Joyce Ouma',249685200,1,'ongicha','0714261132','','BUSINESS LADY',2,'N/A','',NULL,1524949200,6,1524949200,1,1525186242,NULL,9),(250,'249/2018','Pamela juma',407451600,2,'ongicha','0719595640','','BUSINESS',2,'N/A','',NULL,1525122000,6,1525122000,1,1525186438,NULL,9),(251,'250/2018','Ednah Awuor',407451600,2,'ONGICHA','0725983330','','BUSINESS',2,'N/A','',NULL,1525122000,6,1525122000,1,1525186596,NULL,9),(252,'251/2018','Agness Achieng',407451600,2,'ONGICHA','0717705467','','BUSINESS',2,'N/A','',NULL,1525122000,6,1525122000,1,1525186754,NULL,9),(253,'252/2018','Elizabeth Atieno',186526800,2,'ONGICHA','0733970620','','BUSINESS LADY',2,'N/A','',NULL,1525122000,6,1525122000,1,1525186917,NULL,9),(254,'253/2018','Rose Onguko',60296400,1,'kotieno','0711601491','','BUSINESS LADY',2,'N/A','',NULL,1525122000,6,1525122000,1,1525187076,NULL,9),(255,'210/2018','Millicent Anyango Odhiambo',249685200,2,'OYUGIS','0702599238','','BUSINESS LADY',2,'N/A','',NULL,1525294800,6,1525294800,1,1529986876,NULL,9),(256,'255/2018','Rose  Akinyi Otieno',407451600,2,'OYUGIS','0705733702','','BUSINESS LADY',2,'N/A','',NULL,1525122000,6,1525122000,1,1525450415,NULL,9),(257,'256/2018','Rose Atieno Calleb',186526800,1,'OYUGIS','0717451609','','BUSINESS LADY',1,'N/A','',NULL,1525122000,6,1525122000,1,1525450545,NULL,9),(258,'257/2018','Rita Adhiambo',60296400,2,'OYUGIS','0703219936','','BUSINESS LADY',2,'N/A','',NULL,1524949200,6,1524949200,1,1525450741,NULL,9),(259,'258/2018','Marren Apoyo',186526800,2,'ONGICHA','0727524494','','BUSINESS LADY',2,'Rose','team leader',NULL,1525035600,6,1525035600,1,1526556257,NULL,9),(260,'259/2018','Martha lumumba',393195600,2,'OYUGIS','0795590583','','BUSINESS LADY',2,'','',NULL,1526158800,6,1526158800,1,1526398973,NULL,9),(261,'260/2018','Maxwell Onyango Ojijo',393195600,1,'Nyachar','0728402878','','Business Man',2,'Evaline Adhiambo','Wife',NULL,1526158800,6,1526158800,1,1526197950,NULL,5),(262,'261/2018','EDITH AKINYI ODHIAMBO',462920400,2,'NYAKACH','0723532540','','BUSINESS LADY',2,'SHANICE ADHIAMBO','DAUGHTER',NULL,1526418000,6,1526418000,1,1526473451,NULL,9),(263,'262/2018','ROSE ANYANGO OUMA',249685200,2,'RUGA','0746073358','','BUSINESS LADY',2,'STEVE OTIENO','SON',NULL,1526418000,6,1526418000,1,1526474595,NULL,9),(264,'300/2018','Millicent Anyango Odhiambo',249685200,2,'KANYIPIR ORIWO','0723766957','','BUSINESS LADY',4,'COLLINS ODHIAMBO','SON',NULL,1502917200,6,1502917200,1,1528966951,NULL,9),(265,'264/2018','Nancy onyango',407451600,2,'OYUGIS','0712735459','','BUSINESS LADY',2,'N/A','',NULL,1526504400,6,1526504400,1,1527139005,NULL,9),(266,'301/2018','DAN EPHENT',438987600,1,'kotieno','0715465620','dealfoundation@gmail.com','BUSINESS',2,'Lavent Okoth','WIFE',NULL,1527109200,6,1527109200,1,1527159382,NULL,9),(267,'263/2018','Rita Skyde Achieng',751842000,2,'oyugis','0705044161','','Saloonist',1,'Lawrence Owino','Bro-0718649500',NULL,1528750800,6,1528750800,1,1528967000,NULL,9),(268,'265/2018','Everline Adhiambo Okumu',714171600,2,'Oyugis','0797758395','','bussiness lady',4,'CLIYD OCHIENG','Son',NULL,1528750800,6,1528750800,1,1528966263,NULL,9),(269,'266/2018','COllins Omondi Apiyo',502146000,1,'Kotieno ','0714258285','','BUSINESS MAN',2,'Jonathan Ochillo','Father',NULL,1528837200,6,1528837200,1,1528966583,NULL,9),(270,'267/2018','Maceline Awuor Ooro',687992400,2,'Awendo','0714-941478','','Cleaner (Migori University)',1,'Vincent Ooro Odiwuor','Husband',NULL,1528837200,6,1528837200,1,1528966615,NULL,9),(271,'258/2018','Alice Akoth Nyaolo',-318393900,2,'Mawira','0714080599','','BUSINESS LADY',2,'N/A','',NULL,1528664400,6,1528664400,1,1528966846,NULL,9),(272,'268/2018','Susan Auma',186526800,2,'OYUGIS','0725687471','','BUSINESS LADY',2,'Everline Okinyo','Workmate',NULL,1529355600,5,1529355600,1,1529555354,NULL,9),(273,'269/2018','Roselyn Atieno Rajula',60296400,2,'OYUGIS','0727597821','','BUSINESS LADY',2,'N/A','',NULL,1529701200,6,1529701200,1,1529744214,NULL,9),(274,'270/2018','John Omogo',-318393900,1,'60897','0720848503','','BUSINESS MAN',2,'N/A','',NULL,1529787600,6,1529787600,1,1529744761,NULL,9),(275,'271/2018','Pheobe Akinyi Arwa',-318393900,2,'RUGA','0704950956','','BUSINESS',2,'N/A','',NULL,1529701200,6,1529701200,1,1529745087,NULL,9),(276,'272/2018','roseline phanice',647211600,2,'60897','0714341621','','BUSINESS LADY',2,'N/A','',NULL,1530219600,6,1530219600,1,1530345626,NULL,9),(277,'273/2018','Ruth Awino',60296400,2,'OYUGIS','0702599238','','BUSINESS LADY',2,'N/A','',NULL,1530651600,6,1530651600,1,1531213318,NULL,9),(278,'274/2018','Melodica Ochieng',407451600,2,'60897','0720918938','','BUSINESS LADY',2,'N/A','',NULL,1531342800,6,1531342800,1,1531295076,NULL,9),(279,'275/2018','Delilah Adhiambo',407451600,2,'60897','0724379092','','BUSINESS LADY',2,'N/A','',NULL,1531256400,6,1531256400,1,1531295203,NULL,9),(280,'276/2018','Ruth Awino',186526800,2,'60897','0714244631','','BUSINESS LADY',2,'N/A','',NULL,1530738000,6,1530738000,1,1531295395,NULL,9),(281,'277/2018','Rosebell Atieno',186526800,2,'60897','07270172117','','BUSINESS LADY',2,'N/A','',NULL,1531256400,6,1531256400,1,1531296032,NULL,9),(282,'278/2018','Mary Aoko Oywer',-318393900,2,'60897','0726431785','','BUSINESS LADY',2,'N/A','',NULL,1530565200,6,1530565200,1,1531296133,NULL,9),(283,'279/2018','Josphine Awino',-318393900,2,'Mwamba','0725413620','','BUSINESS',2,'josephine','group leader',NULL,1531429200,5,1531429200,1,1531499625,NULL,9),(284,'280/2018','Hellen Magembe',60296400,2,'Mwamba','0795667304','','BUSINESS LADY',2,'josphine ','group leader',NULL,1531256400,6,1531256400,1,1531499869,NULL,9),(285,'281/2018','Josphine Kemunto',249685200,2,'Mwamba','0795667304','','BUSINESS LADY',2,'N/A','',NULL,1531342800,6,1531342800,1,1531557831,NULL,9),(286,'282/2018','Grace Okoth',-318393900,2,'Mwamba','0728639947','','BUSINESS LADY',2,'josephine ','group leader',NULL,1531256400,6,1531256400,1,1531557878,NULL,9),(287,'283/2018','Asenath Achieng Obala',186526800,2,'RUGA','0726105348','','BUSINESS LADY',2,'Pamela Akinyi','group leader/Daraja group',NULL,1531256400,6,1531256400,1,1531558711,NULL,9),(288,'284/2018','Dorothy Akoth',60296400,2,'RUGA','0746752080','','BUSINESS LADY',2,'Pamela Akinyi','group leader',NULL,1531256400,6,1531256400,1,1531558296,NULL,9),(289,'285/2018','Pamela Akinyi',249685200,2,'RUGA','0705049146','','BUSINESS LADY',2,'N/A','group leader',NULL,1531256400,6,1531256400,1,1531558397,NULL,9),(290,'286/2018','Lourine Akinyi',407451600,2,'OYUGIS','0792396383','','BUSINESS LADY',2,'N/A','',NULL,1530824400,6,1530824400,1,1531558802,NULL,9),(291,'287/2018','Benard Katinga',186526800,2,'RAGAMA/KOKAL','0725687471','','Secondary Teacher',2,'Susan auma','WIFE',NULL,1530910800,5,1530910800,1,1531564472,NULL,9),(292,'288/2018','Mary Anyango Okiri',60296400,2,'Mwamba','0714025486','','BUSINESS LADY',2,'N/A','',NULL,1531342800,6,1531342800,1,1531564922,NULL,9),(293,'289/2018','Caroline Anyango',249685200,2,'Mwamba','0711624166','','BUSINESS LADY',2,'N/A','',NULL,1531429200,6,1531429200,1,1531565288,NULL,9),(294,'290/2018','Elizabeth Ochieng',60296400,2,'Mwamba','0718959028','','BUSINESS LADY',2,'N/A','',NULL,1531429200,6,1531429200,1,1531565543,NULL,9),(295,'292/2018','Monica Atieno',186526800,2,'Mwamba','0729394006','','BUSINESS LADY',2,'N/A','',NULL,1531429200,6,1531429200,1,1531565696,NULL,9),(296,'293/2018','Millicent Anyango',60296400,2,'Mwamba','0718365191','','BUSINESS LADY',2,'N/A','',NULL,1531429200,6,1531429200,1,1531565873,NULL,9),(297,'291/2018','Shanker Omondi',249685200,1,'60897','0704026231','','BUSINESS MAN',2,'FREDRICK OMANYA MAREMBO','N/A',NULL,1531515600,6,1531515600,1,1531566060,NULL,9),(298,'294/2018','Vincent Otieno',407451600,1,'60897','0795590588','','BUSINESS MAN',2,'N/A','',NULL,1531688400,6,1531688400,1,1531760205,NULL,9),(299,'295/2018','Maidah Atieno',407451600,2,'60897','0729625452','','BUSINESS MAN',2,'N/A','',NULL,1531688400,6,1531688400,1,1531760324,NULL,9),(300,'296/2018','Pauline Otieno',186526800,2,'60897','0792107882','','BUSINESS LADY',2,'N/A','',NULL,1531688400,6,1531688400,1,1531760435,NULL,9);
/*!40000 ALTER TABLE `customer` ENABLE KEYS */;
UNLOCK TABLES;

--
-- Table structure for table `custsex`
--

DROP TABLE IF EXISTS `custsex`;
/*!40101 SET @saved_cs_client     = @@character_set_client */;
/*!40101 SET character_set_client = utf8 */;
CREATE TABLE `custsex` (
  `custsex_id` int(11) NOT NULL AUTO_INCREMENT,
  `custsex_name` varchar(50) NOT NULL,
  PRIMARY KEY (`custsex_id`)
) ENGINE=InnoDB AUTO_INCREMENT=8 DEFAULT CHARSET=latin1;
/*!40101 SET character_set_client = @saved_cs_client */;

--
-- Dumping data for table `custsex`
--

LOCK TABLES `custsex` WRITE;
/*!40000 ALTER TABLE `custsex` DISABLE KEYS */;
INSERT INTO `custsex` VALUES (1,'Male'),(2,'Female'),(3,'Couple'),(4,'Family'),(5,'Group'),(6,'Institution'),(7,'Business');
/*!40000 ALTER TABLE `custsex` ENABLE KEYS */;
UNLOCK TABLES;

--
-- Table structure for table `custsick`
--

DROP TABLE IF EXISTS `custsick`;
/*!40101 SET @saved_cs_client     = @@character_set_client */;
/*!40101 SET character_set_client = utf8 */;
CREATE TABLE `custsick` (
  `custsick_id` int(11) NOT NULL AUTO_INCREMENT,
  `custsick_name` varchar(50) NOT NULL,
  `custsick_risk` int(11) NOT NULL,
  PRIMARY KEY (`custsick_id`)
) ENGINE=InnoDB AUTO_INCREMENT=7 DEFAULT CHARSET=latin1;
/*!40101 SET character_set_client = @saved_cs_client */;

--
-- Dumping data for table `custsick`
--

LOCK TABLES `custsick` WRITE;
/*!40000 ALTER TABLE `custsick` DISABLE KEYS */;
INSERT INTO `custsick` VALUES (1,'Heart Attack',1),(2,'Stroke',1),(3,'Cancer',3),(4,'HIV/AIDS',3),(5,'Ulcer',1),(6,'None',0);
/*!40000 ALTER TABLE `custsick` ENABLE KEYS */;
UNLOCK TABLES;

--
-- Table structure for table `emplmarried`
--

DROP TABLE IF EXISTS `emplmarried`;
/*!40101 SET @saved_cs_client     = @@character_set_client */;
/*!40101 SET character_set_client = utf8 */;
CREATE TABLE `emplmarried` (
  `emplmarried_id` int(11) NOT NULL AUTO_INCREMENT,
  `emplmarried_status` varchar(15) NOT NULL,
  PRIMARY KEY (`emplmarried_id`)
) ENGINE=InnoDB AUTO_INCREMENT=5 DEFAULT CHARSET=latin1;
/*!40101 SET character_set_client = @saved_cs_client */;

--
-- Dumping data for table `emplmarried`
--

LOCK TABLES `emplmarried` WRITE;
/*!40000 ALTER TABLE `emplmarried` DISABLE KEYS */;
INSERT INTO `emplmarried` VALUES (1,'Single'),(2,'Married'),(3,'Widowed'),(4,'Divorced');
/*!40000 ALTER TABLE `emplmarried` ENABLE KEYS */;
UNLOCK TABLES;

--
-- Table structure for table `employee`
--

DROP TABLE IF EXISTS `employee`;
/*!40101 SET @saved_cs_client     = @@character_set_client */;
/*!40101 SET character_set_client = utf8 */;
CREATE TABLE `employee` (
  `empl_id` int(11) NOT NULL AUTO_INCREMENT,
  `empl_no` varchar(50) DEFAULT NULL,
  `empl_name` varchar(100) DEFAULT NULL,
  `empl_dob` int(11) DEFAULT NULL,
  `emplsex_id` int(11) NOT NULL DEFAULT '1',
  `emplmarried_id` int(11) NOT NULL,
  `empl_position` varchar(100) DEFAULT NULL,
  `empl_salary` int(11) DEFAULT NULL,
  `empl_address` varchar(100) DEFAULT NULL,
  `empl_phone` varchar(50) DEFAULT NULL,
  `empl_email` varchar(100) DEFAULT NULL,
  `empl_in` int(11) DEFAULT NULL,
  `empl_out` int(11) DEFAULT NULL,
  `empl_lastupd` int(11) NOT NULL,
  `empl_active` int(1) NOT NULL DEFAULT '0',
  `empl_pic` varchar(100) DEFAULT NULL,
  `user_id` int(11) NOT NULL,
  PRIMARY KEY (`empl_id`)
) ENGINE=InnoDB AUTO_INCREMENT=6 DEFAULT CHARSET=latin1;
/*!40101 SET character_set_client = @saved_cs_client */;

--
-- Dumping data for table `employee`
--

LOCK TABLES `employee` WRITE;
/*!40000 ALTER TABLE `employee` DISABLE KEYS */;
INSERT INTO `employee` VALUES (1,'0','ME',-68400,1,1,'',0,'HERE','89757692','',-68400,1500350400,1500390484,0,NULL,6),(2,'2-2018','FREDRICK OMANYA MAREMBO',439016400,1,2,'CHIEF EXECUTIVE OFFICER',60000,'NAIROBI','0713317557','fredrickmarembo1@gmail.com',1262322000,NULL,1262322000,0,NULL,6),(3,'3-2018','DIANA AKINYI ONYANGO',846997200,2,1,'BRANCH MANAGER',12000,'OYUGIS TOWN','0792654687','onyangodiana7@gmail.com',1444449600,NULL,1444449600,0,NULL,6),(4,'4-2018','LAVENDER VICTORIA OLUM',628405200,2,1,'RECEPTIONIST',8500,'OYUGIS TOWN','0716746265','',1484024400,NULL,1484024400,0,NULL,6),(5,'5-2018','QUINTER AWUOR ODHIAMBO',799646400,2,1,'CREDIT OFFICER',0,'OYUGIS TOWN','0791882399','Queenterjuma@gmail.com',1507262400,NULL,1507262400,0,NULL,6);
/*!40000 ALTER TABLE `employee` ENABLE KEYS */;
UNLOCK TABLES;

--
-- Table structure for table `emplsex`
--

DROP TABLE IF EXISTS `emplsex`;
/*!40101 SET @saved_cs_client     = @@character_set_client */;
/*!40101 SET character_set_client = utf8 */;
CREATE TABLE `emplsex` (
  `emplsex_id` int(11) NOT NULL AUTO_INCREMENT,
  `emplsex_name` varchar(20) NOT NULL,
  PRIMARY KEY (`emplsex_id`)
) ENGINE=InnoDB AUTO_INCREMENT=3 DEFAULT CHARSET=latin1;
/*!40101 SET character_set_client = @saved_cs_client */;

--
-- Dumping data for table `emplsex`
--

LOCK TABLES `emplsex` WRITE;
/*!40000 ALTER TABLE `emplsex` DISABLE KEYS */;
INSERT INTO `emplsex` VALUES (1,'Male'),(2,'Female');
/*!40000 ALTER TABLE `emplsex` ENABLE KEYS */;
UNLOCK TABLES;

--
-- Table structure for table `expenses`
--

DROP TABLE IF EXISTS `expenses`;
/*!40101 SET @saved_cs_client     = @@character_set_client */;
/*!40101 SET character_set_client = utf8 */;
CREATE TABLE `expenses` (
  `exp_id` int(11) NOT NULL AUTO_INCREMENT,
  `cust_id` int(6) DEFAULT NULL,
  `exptype_id` int(11) NOT NULL,
  `exp_amount` int(11) NOT NULL,
  `exp_date` int(15) DEFAULT NULL,
  `exp_text` varchar(100) DEFAULT NULL,
  `exp_recipient` varchar(75) DEFAULT NULL,
  `exp_receipt` int(11) DEFAULT NULL,
  `exp_voucher` int(11) DEFAULT NULL,
  `exp_created` int(11) DEFAULT NULL,
  `user_id` int(6) DEFAULT NULL,
  PRIMARY KEY (`exp_id`)
) ENGINE=InnoDB AUTO_INCREMENT=52 DEFAULT CHARSET=latin1;
/*!40101 SET character_set_client = @saved_cs_client */;

--
-- Dumping data for table `expenses`
--

LOCK TABLES `expenses` WRITE;
/*!40000 ALTER TABLE `expenses` DISABLE KEYS */;
INSERT INTO `expenses` VALUES (2,NULL,1,100,1514869200,'','queenter',0,0,1515053838,9),(4,NULL,16,200,1514869200,'','nicholas odhiambo',0,0,1515053938,9),(5,NULL,14,100,1514869200,'charger','queenter',0,0,1515054014,9),(6,NULL,14,50,1514869200,'printing and photocopy','queenter',0,0,1515054061,9),(7,NULL,2,50,1514869200,'mpesa charges','fre',0,0,1515054090,9),(8,NULL,13,600,1514869200,'fred','fred',0,0,1515054152,9),(9,NULL,13,1730,1514955600,'fred','fred',0,0,1515054202,9),(10,NULL,16,1350,1514955600,'fare to field','diana akinyi',0,0,1515054239,9),(11,NULL,9,150,1514955600,'printing and photocopy','queenter',0,0,1515054290,9),(12,NULL,13,190,1514955600,'super','queenter',0,0,1515054350,9),(13,NULL,13,550,1515042000,'fred','fred',0,0,1515057226,9),(14,NULL,1,100,1515042000,'fred credit','fred',0,0,1515057579,9),(15,NULL,9,27,1515042000,'mpesa charges','dee',0,0,1515135819,9),(16,NULL,13,200,1515042000,'super','diana akinyi',0,0,1515135853,9),(17,NULL,4,700,1515128400,'electricity bill','omuga',0,0,1515135903,9),(18,NULL,13,50,1515128400,'tissue/omo','lavender',0,0,1515135954,9),(19,NULL,13,120,1515128400,'fred credit/tnna 60','fred',0,0,1515135994,9),(20,NULL,1,5500,1515128400,'sales','queenter',0,0,1515155989,9),(21,NULL,10,250,1515128400,'super','diana',0,0,1515224217,9),(22,NULL,10,500,1515128400,'fred','fred',0,0,1515224239,9),(23,NULL,10,1000,1515214800,'','fred',0,0,1515224269,9),(24,NULL,10,3373,1515214800,'','fred',0,0,1515239340,9),(25,NULL,1,100,1515214800,'office credit','lavender',0,0,1515239368,9),(26,NULL,10,150,1515214800,'fred soda 3','fred',0,0,1515242571,9),(27,NULL,10,50,1515214800,'transport water','nicholas odhiambo',0,0,1515242604,9),(28,NULL,10,500,1515214800,'super','dee',0,0,1515246768,9),(29,NULL,10,50,1515214800,'queen lunch','queen',0,0,1515389805,9),(30,NULL,10,2000,1515214800,'fred','fred',0,0,1515389834,9),(31,NULL,10,4130,1515301200,'fred','fred',0,0,1515396759,9),(32,NULL,10,100,1515387600,'fred','queen',0,0,1515396824,9),(33,NULL,10,80,1515387600,'printing and photocopy','queen',0,0,1515484473,9),(34,NULL,10,2510,1515387600,'fred','fred',0,0,1515484506,9),(35,NULL,10,250,1515387600,'fare to field','queen/lavy',0,0,1515484533,9),(36,NULL,10,100,1515387600,'maji','queen',0,0,1515484557,9),(37,NULL,10,50,1515387600,'queen lunch','queen',0,0,1515484579,9),(38,NULL,10,200,1515387600,'super','diana akinyi',0,0,1515484604,9),(39,NULL,10,300,1515474000,'office credit','queen',0,0,1515484623,9),(40,NULL,10,30,1515474000,'dee credit','diana akinyi',0,0,1515507813,9),(41,NULL,10,200,1515474000,'fare to school','diana akinyi',0,0,1515507835,9),(42,NULL,10,2070,1515474000,'fred','fred',0,0,1515507861,9),(43,NULL,10,120,1515474000,'lunch/20','fred',0,0,1515507904,9),(44,NULL,10,50,1515474000,'queen lunch','queen',0,0,1515507929,9),(45,NULL,10,260,1515560400,'fred','fred',0,0,1515735981,9),(46,NULL,1,130,1515646800,'fred credit','fred',0,0,1515736016,9),(47,NULL,10,50,1515646800,'tissue','queen',0,0,1515736047,9),(48,NULL,10,40,1515646800,'printing and photocopy','lavender',0,0,1515736076,9),(49,NULL,10,4150,1515733200,'fred','fred',0,0,1515761760,9),(50,NULL,1,600,1515733200,'office credit','office',0,0,1515761793,9),(51,NULL,10,50,1515733200,'queen lunch','queen',0,0,1515761811,9);
/*!40000 ALTER TABLE `expenses` ENABLE KEYS */;
UNLOCK TABLES;

--
-- Table structure for table `exptype`
--

DROP TABLE IF EXISTS `exptype`;
/*!40101 SET @saved_cs_client     = @@character_set_client */;
/*!40101 SET character_set_client = utf8 */;
CREATE TABLE `exptype` (
  `exptype_id` int(11) NOT NULL AUTO_INCREMENT,
  `exptype_type` varchar(50) NOT NULL,
  `exptype_short` varchar(8) NOT NULL,
  PRIMARY KEY (`exptype_id`)
) ENGINE=InnoDB AUTO_INCREMENT=20 DEFAULT CHARSET=latin1;
/*!40101 SET character_set_client = @saved_cs_client */;

--
-- Dumping data for table `exptype`
--

LOCK TABLES `exptype` WRITE;
/*!40000 ALTER TABLE `exptype` DISABLE KEYS */;
INSERT INTO `exptype` VALUES (1,'Airtime','EXP_AIT'),(2,'Bank Charges','EXP_BCH'),(3,'Committee Welfare','EXP_COW'),(4,'Electricity','EXP_ELC'),(5,'Gifts','EXP_GFT'),(6,'Internet','EXP_ITN'),(7,'IT','EXP_ITC'),(8,'Motorcycle','EXP_MOT'),(9,'Office Space','EXP_OFF'),(10,'Petty Cash','EXP_PCA'),(11,'Rent','EXP_RNT'),(12,'Staff Facilitation','EXP_SFC'),(13,'Staff Welfare','EXP_SWF'),(14,'Stationery','EXP_STN'),(15,'Tax','EXP_TAX'),(16,'Transport','EXP_TRN'),(17,'Insurance','EXP_INS'),(18,'Share Dividend','EXP_SHD'),(19,'Savings Interest','EXP_INT');
/*!40000 ALTER TABLE `exptype` ENABLE KEYS */;
UNLOCK TABLES;

--
-- Table structure for table `fees`
--

DROP TABLE IF EXISTS `fees`;
/*!40101 SET @saved_cs_client     = @@character_set_client */;
/*!40101 SET character_set_client = utf8 */;
CREATE TABLE `fees` (
  `fee_id` int(11) NOT NULL AUTO_INCREMENT,
  `fee_name` varchar(50) NOT NULL,
  `fee_short` varchar(8) NOT NULL,
  `fee_value` float DEFAULT NULL,
  PRIMARY KEY (`fee_id`)
) ENGINE=InnoDB AUTO_INCREMENT=11 DEFAULT CHARSET=latin1;
/*!40101 SET character_set_client = @saved_cs_client */;

--
-- Dumping data for table `fees`
--

LOCK TABLES `fees` WRITE;
/*!40000 ALTER TABLE `fees` DISABLE KEYS */;
INSERT INTO `fees` VALUES (1,'Entrance Fee','FEE_ENT',1000),(2,'Withdrawal Fee','FEE_WDL',0),(3,'Stationery Sales','FEE_STS',0),(4,'Anual Subscription','FEE_ASB',250),(5,'Loan Fee','FEE_LOF',5),(6,'Loan Application Fee','FEE_LAP',0),(7,'Loan Default Fine','FEE_LDF',0),(8,'Loan Interest Rate','FEE_LIR',0.71),(9,'Loan Insurance','FEE_INS',0),(10,'Loan Stationery','FEE_XL1',0);
/*!40000 ALTER TABLE `fees` ENABLE KEYS */;
UNLOCK TABLES;

--
-- Table structure for table `incomes`
--

DROP TABLE IF EXISTS `incomes`;
/*!40101 SET @saved_cs_client     = @@character_set_client */;
/*!40101 SET character_set_client = utf8 */;
CREATE TABLE `incomes` (
  `inc_id` int(11) NOT NULL AUTO_INCREMENT,
  `inctype_id` int(11) NOT NULL,
  `cust_id` int(11) DEFAULT NULL,
  `loan_id` int(11) DEFAULT NULL,
  `ltrans_id` int(11) DEFAULT NULL,
  `sav_id` int(11) DEFAULT NULL,
  `inc_amount` int(11) NOT NULL,
  `inc_date` int(15) NOT NULL,
  `inc_receipt` int(11) NOT NULL,
  `inc_text` varchar(200) NOT NULL,
  `inc_created` int(11) NOT NULL,
  `user_id` int(6) NOT NULL,
  PRIMARY KEY (`inc_id`)
) ENGINE=InnoDB AUTO_INCREMENT=2848 DEFAULT CHARSET=latin1;
/*!40101 SET character_set_client = @saved_cs_client */;

--
-- Dumping data for table `incomes`
--

LOCK TABLES `incomes` WRITE;
/*!40000 ALTER TABLE `incomes` DISABLE KEYS */;
INSERT INTO `incomes` VALUES (1,1,2,NULL,NULL,NULL,10000,1499659200,6222,'',1500365713,2),(2,6,2,NULL,NULL,NULL,2000,1499659200,6222,'',1500365713,2),(3,1,3,NULL,NULL,NULL,10000,1491192000,6102,'',1500368748,4),(4,6,3,NULL,NULL,NULL,2000,1491192000,6102,'',1500368748,4),(5,1,4,NULL,NULL,NULL,10000,1495252800,2154,'',1500369404,4),(6,6,4,NULL,NULL,NULL,2000,1495252800,2154,'',1500369404,4),(7,1,5,NULL,NULL,NULL,10000,1488517200,6004,'',1500369963,5),(8,6,5,NULL,NULL,NULL,2000,1488517200,6004,'',1500369963,5),(9,1,6,NULL,NULL,NULL,10000,1487221200,7777,'',1500370490,4),(10,6,6,NULL,NULL,NULL,2000,1487221200,7777,'',1500370490,4),(11,1,7,NULL,NULL,NULL,10000,1488171600,3495,'',1500370500,5),(12,6,7,NULL,NULL,NULL,2000,1488171600,3495,'',1500370500,5),(13,1,8,NULL,NULL,NULL,10000,1500350400,5716,'',1500370702,3),(14,6,8,NULL,NULL,NULL,2000,1500350400,5716,'',1500370702,3),(15,1,9,NULL,NULL,NULL,10000,1488344400,7777,'',1500370704,5),(16,6,9,NULL,NULL,NULL,2000,1488344400,7777,'',1500370704,5),(17,1,10,NULL,NULL,NULL,10000,1486616400,5794,'',1500370834,4),(18,6,10,NULL,NULL,NULL,2000,1486616400,5794,'',1500370834,4),(19,1,11,NULL,NULL,NULL,10000,1488862800,6008,'',1500370849,5),(20,6,11,NULL,NULL,NULL,2000,1488862800,6008,'',1500370849,5),(21,1,12,NULL,NULL,NULL,10000,1483506000,5706,'',1500370969,3),(22,6,12,NULL,NULL,NULL,2000,1483506000,5706,'',1500370969,3),(23,1,13,NULL,NULL,NULL,10000,1489636800,7777,'',1500371003,5),(24,6,13,NULL,NULL,NULL,2000,1489636800,7777,'',1500371003,5),(25,1,14,NULL,NULL,NULL,10000,1486702800,7777,'',1500371081,4),(26,6,14,NULL,NULL,NULL,2000,1486702800,7777,'',1500371081,4),(27,1,15,NULL,NULL,NULL,10000,1489464000,6016,'',1500371140,5),(28,6,15,NULL,NULL,NULL,2000,1489464000,6016,'',1500371140,5),(29,1,16,NULL,NULL,NULL,10000,1486702800,5799,'',1500371332,4),(30,6,16,NULL,NULL,NULL,2000,1486702800,5799,'',1500371332,4),(31,1,17,NULL,NULL,NULL,10000,1481778000,5434,'',1500371385,3),(32,6,17,NULL,NULL,NULL,2000,1481778000,5434,'',1500371385,3),(33,1,18,NULL,NULL,NULL,10000,1490068800,6029,'',1500371498,5),(34,6,18,NULL,NULL,NULL,2000,1490068800,6029,'',1500371498,5),(35,1,19,NULL,NULL,NULL,10000,1486875600,7777,'',1500371550,4),(36,6,19,NULL,NULL,NULL,2000,1486875600,7777,'',1500371550,4),(37,1,20,NULL,NULL,NULL,10000,1490068800,6028,'',1500371652,5),(38,6,20,NULL,NULL,NULL,2000,1490068800,6028,'',1500371652,5),(39,1,21,NULL,NULL,NULL,10000,1487048400,7777,'',1500371710,4),(40,6,21,NULL,NULL,NULL,2000,1487048400,7777,'',1500371710,4),(41,1,22,NULL,NULL,NULL,10000,1489464000,6015,'',1500371863,5),(42,6,22,NULL,NULL,NULL,2000,1489464000,6015,'',1500371863,5),(43,1,23,NULL,NULL,NULL,10000,1486184400,5780,'',1500371901,4),(44,6,23,NULL,NULL,NULL,2000,1486184400,5780,'',1500371901,4),(45,1,24,NULL,NULL,NULL,10000,1498881600,7777,'',1500372309,5),(46,6,24,NULL,NULL,NULL,2000,1498881600,7777,'',1500372309,5),(47,1,25,NULL,NULL,NULL,10000,1498190400,0,'',1500372427,5),(48,6,25,NULL,NULL,NULL,2000,1498190400,0,'',1500372427,5),(49,1,26,NULL,NULL,NULL,10000,1487394000,7777,'',1500372447,4),(50,6,26,NULL,NULL,NULL,2000,1487394000,7777,'',1500372447,4),(51,1,27,NULL,NULL,NULL,10000,1497499200,6192,'',1500372633,5),(52,6,27,NULL,NULL,NULL,2000,1497499200,6192,'',1500372633,5),(53,1,28,NULL,NULL,NULL,10000,1487739600,3484,'',1500372683,4),(54,6,28,NULL,NULL,NULL,2000,1487739600,3484,'',1500372683,4),(55,1,29,NULL,NULL,NULL,10000,1500379560,6180,'',1500372808,5),(56,6,29,NULL,NULL,NULL,2000,1500379560,6180,'',1500372808,5),(57,1,30,NULL,NULL,NULL,10000,1487739600,3481,'',1500372897,4),(58,6,30,NULL,NULL,NULL,2000,1487739600,3481,'',1500372897,4),(59,1,31,NULL,NULL,NULL,10000,1486702800,7777,'',1500373170,4),(60,6,31,NULL,NULL,NULL,2000,1486702800,7777,'',1500373170,4),(61,1,32,NULL,NULL,NULL,10000,1437217800,7777,'',1500373174,3),(62,6,32,NULL,NULL,NULL,2000,1437217800,7777,'',1500373174,3),(63,1,33,NULL,NULL,NULL,10000,1496030400,6169,'',1500373354,5),(64,6,33,NULL,NULL,NULL,2000,1496030400,6169,'',1500373354,5),(65,1,34,NULL,NULL,NULL,10000,1493956800,6147,'',1500373604,5),(66,6,34,NULL,NULL,NULL,2000,1493956800,6147,'',1500373604,5),(67,1,35,NULL,NULL,NULL,10000,1488344400,7777,'',1500373828,4),(68,6,35,NULL,NULL,NULL,2000,1488344400,7777,'',1500373828,4),(69,1,36,NULL,NULL,NULL,10000,1485320400,4133,'',1500373904,5),(70,6,36,NULL,NULL,NULL,2000,1485320400,4133,'',1500373904,5),(71,1,37,NULL,NULL,NULL,10000,1485320400,3437,'',1500374126,5),(72,6,37,NULL,NULL,NULL,2000,1485320400,3437,'',1500374126,5),(73,1,38,NULL,NULL,NULL,10000,1487048400,7777,'',1500374260,4),(74,6,38,NULL,NULL,NULL,2000,1487048400,7777,'',1500374260,4),(75,1,39,NULL,NULL,NULL,10000,1485320400,3444,'',1500374521,5),(76,6,39,NULL,NULL,NULL,2000,1485320400,3444,'',1500374521,5),(77,1,40,NULL,NULL,NULL,10000,1458187200,7777,'',1500375165,5),(78,6,40,NULL,NULL,NULL,2000,1458187200,7777,'',1500375165,5),(79,1,41,NULL,NULL,NULL,10000,1487048400,3469,'',1500375331,4),(80,6,41,NULL,NULL,NULL,2000,1487048400,3469,'',1500375331,4),(81,1,42,NULL,NULL,NULL,10000,1487048400,3468,'',1500375664,4),(82,6,42,NULL,NULL,NULL,2000,1487048400,3468,'',1500375664,4),(83,1,43,NULL,NULL,NULL,10000,1500379320,3470,'',1500375999,4),(84,6,43,NULL,NULL,NULL,2000,1500379320,3470,'',1500375999,4),(85,1,44,NULL,NULL,NULL,10000,1486962000,3471,'',1500376359,4),(86,6,44,NULL,NULL,NULL,2000,1486962000,3471,'',1500376359,4),(87,1,45,NULL,NULL,NULL,10000,1455253200,7777,'',1500376652,5),(88,6,45,NULL,NULL,NULL,2000,1455253200,7777,'',1500376652,5),(89,1,46,NULL,NULL,NULL,10000,1468872180,7777,'',1500377202,5),(90,6,46,NULL,NULL,NULL,2000,1468872180,7777,'',1500377202,5),(91,1,47,NULL,NULL,NULL,10000,1476244800,0,'',1500377412,5),(92,6,47,NULL,NULL,NULL,2000,1476244800,0,'',1500377412,5),(93,1,48,NULL,NULL,NULL,10000,1461902400,7777,'',1500377661,5),(94,6,48,NULL,NULL,NULL,2000,1461902400,7777,'',1500377661,5),(95,1,49,NULL,NULL,NULL,10000,1461902400,7777,'',1500377666,5),(96,6,49,NULL,NULL,NULL,2000,1461902400,7777,'',1500377666,5),(97,1,50,NULL,NULL,NULL,10000,1467086400,7777,'',1500377898,5),(98,6,50,NULL,NULL,NULL,2000,1467086400,7777,'',1500377898,5),(99,1,51,NULL,NULL,NULL,10000,1460433600,463,'',1500378321,5),(100,6,51,NULL,NULL,NULL,2000,1460433600,463,'',1500378321,5),(101,1,52,NULL,NULL,NULL,10000,1474776000,5342,'',1500378343,4),(102,6,52,NULL,NULL,NULL,2000,1474776000,5342,'',1500378343,4),(103,1,53,NULL,NULL,NULL,10000,1486702800,1108,'',1500378840,5),(104,6,53,NULL,NULL,NULL,2000,1486702800,1108,'',1500378840,5),(105,1,54,NULL,NULL,NULL,10000,1485493200,5767,'',1500379059,5),(106,6,54,NULL,NULL,NULL,2000,1485493200,5767,'',1500379059,5),(107,1,55,NULL,NULL,NULL,10000,1486011600,7777,'',1500379531,5),(108,6,55,NULL,NULL,NULL,2000,1486011600,7777,'',1500379531,5),(109,1,56,NULL,NULL,NULL,10000,1486011600,4159,'',1500379723,5),(110,6,56,NULL,NULL,NULL,2000,1486011600,4159,'',1500379723,5),(111,1,57,NULL,NULL,NULL,10000,1486443600,5785,'',1500380303,5),(112,6,57,NULL,NULL,NULL,2000,1486443600,5785,'',1500380303,5),(113,1,58,NULL,NULL,NULL,10000,1496548800,4613,'',1500380528,3),(114,6,58,NULL,NULL,NULL,2000,1496548800,4613,'',1500380528,3),(115,1,59,NULL,NULL,NULL,10000,1485752400,3446,'',1500380538,5),(116,6,59,NULL,NULL,NULL,2000,1485752400,3446,'',1500380538,5),(117,1,60,NULL,NULL,NULL,10000,1500004800,4585,'',1500380899,3),(118,6,60,NULL,NULL,NULL,2000,1500004800,4585,'',1500380899,3),(119,1,61,NULL,NULL,NULL,10000,1484802000,5758,'',1500381081,5),(120,6,61,NULL,NULL,NULL,2000,1484802000,5758,'',1500381081,5),(121,1,62,NULL,NULL,NULL,10000,1477022400,5543,'',1500381295,5),(122,6,62,NULL,NULL,NULL,2000,1477022400,5543,'',1500381295,5),(123,1,63,NULL,NULL,NULL,10000,1465185600,2992,'',1500381711,5),(124,6,63,NULL,NULL,NULL,2000,1465185600,2992,'',1500381711,5),(125,1,64,NULL,NULL,NULL,10000,1483938000,7777,'',1500381889,4),(126,6,64,NULL,NULL,NULL,2000,1483938000,7777,'',1500381889,4),(127,1,65,NULL,NULL,NULL,10000,1511586000,7777,'',1500382643,4),(128,6,65,NULL,NULL,NULL,2000,1511586000,7777,'',1500382643,4),(129,1,66,NULL,NULL,NULL,10000,1514610000,1048,'',1500382958,4),(130,6,66,NULL,NULL,NULL,2000,1514610000,1048,'',1500382958,4),(131,1,67,NULL,NULL,NULL,10000,1487566800,2449,'',1500383214,4),(132,6,67,NULL,NULL,NULL,2000,1487566800,2449,'',1500383214,4),(133,1,68,NULL,NULL,NULL,10000,1483074000,7777,'',1500383550,4),(134,6,68,NULL,NULL,NULL,2000,1483074000,7777,'',1500383550,4),(135,1,69,NULL,NULL,NULL,10000,1468641600,1057,'',1500383631,5),(136,6,69,NULL,NULL,NULL,2000,1468641600,1057,'',1500383631,5),(137,1,70,NULL,NULL,NULL,10000,1481605200,1057,'',1500383798,5),(138,6,70,NULL,NULL,NULL,2000,1481605200,1057,'',1500383798,5),(139,1,71,NULL,NULL,NULL,10000,1500350400,1456,'',1500383825,4),(140,6,71,NULL,NULL,NULL,2000,1500350400,1456,'',1500383825,4),(141,1,72,NULL,NULL,NULL,10000,1438660800,346,'',1500383886,4),(142,6,72,NULL,NULL,NULL,2000,1438660800,346,'',1500383886,4),(143,1,73,NULL,NULL,NULL,10000,1446872400,7777,'',1500383973,5),(144,6,73,NULL,NULL,NULL,2000,1446872400,7777,'',1500383973,5),(145,1,74,NULL,NULL,NULL,10000,1460001600,7777,'',1500384151,5),(146,6,74,NULL,NULL,NULL,2000,1460001600,7777,'',1500384151,5),(147,1,75,NULL,NULL,NULL,10000,1483678800,7777,'',1500384227,4),(148,6,75,NULL,NULL,NULL,2000,1483678800,7777,'',1500384227,4),(149,1,76,NULL,NULL,NULL,10000,1446613200,7777,'',1500384293,5),(150,6,76,NULL,NULL,NULL,2000,1446613200,7777,'',1500384293,5),(151,1,77,NULL,NULL,NULL,10000,1461816000,7777,'',1500384501,5),(152,6,77,NULL,NULL,NULL,2000,1461816000,7777,'',1500384501,5),(153,1,78,NULL,NULL,NULL,10000,1483678800,7777,'',1500384508,4),(154,6,78,NULL,NULL,NULL,2000,1483678800,7777,'',1500384508,4),(155,1,79,NULL,NULL,NULL,10000,1500350400,2345,'',1500384570,6),(156,6,79,NULL,NULL,NULL,2000,1500350400,2345,'',1500384570,6),(157,1,80,NULL,NULL,NULL,10000,1461902400,7777,'',1500384715,5),(158,6,80,NULL,NULL,NULL,2000,1461902400,7777,'',1500384715,5),(159,1,81,NULL,NULL,NULL,10000,1500350400,2143,'',1500384768,6),(160,6,81,NULL,NULL,NULL,2000,1500350400,2143,'',1500384768,6),(161,1,82,NULL,NULL,NULL,10000,1500350400,1234,'',1500384881,6),(162,6,82,NULL,NULL,NULL,2000,1500350400,1234,'',1500384881,6),(163,1,83,NULL,NULL,NULL,10000,1500350400,3254,'',1500385026,6),(164,6,83,NULL,NULL,NULL,2000,1500350400,3254,'',1500385026,6),(165,1,84,NULL,NULL,NULL,10000,1486357200,3457,'',1500385061,5),(166,6,84,NULL,NULL,NULL,2000,1486357200,3457,'',1500385061,5),(167,1,85,NULL,NULL,NULL,10000,1483938000,7777,'',1500385146,4),(168,6,85,NULL,NULL,NULL,2000,1483938000,7777,'',1500385146,4),(169,1,86,NULL,NULL,NULL,10000,1500350400,5476,'',1500385166,6),(170,6,86,NULL,NULL,NULL,2000,1500350400,5476,'',1500385166,6),(171,1,87,NULL,NULL,NULL,10000,1488344400,7777,'',1500385206,5),(172,6,87,NULL,NULL,NULL,2000,1488344400,7777,'',1500385206,5),(173,1,88,NULL,NULL,NULL,10000,1500350400,7689,'',1500385366,6),(174,6,88,NULL,NULL,NULL,2000,1500350400,7689,'',1500385366,6),(175,1,89,NULL,NULL,NULL,10000,1481173200,5417,'',1500385421,5),(176,6,89,NULL,NULL,NULL,2000,1481173200,5417,'',1500385421,5),(177,1,90,NULL,NULL,NULL,10000,1500350400,7689,'',1500385572,6),(178,6,90,NULL,NULL,NULL,2000,1500350400,7689,'',1500385572,6),(179,1,91,NULL,NULL,NULL,10000,1485320400,3443,'',1500385711,5),(180,6,91,NULL,NULL,NULL,2000,1485320400,3443,'',1500385711,5),(181,1,92,NULL,NULL,NULL,10000,1500350400,769,'',1500385720,6),(182,6,92,NULL,NULL,NULL,2000,1500350400,769,'',1500385720,6),(183,1,93,NULL,NULL,NULL,10000,1483074000,5283,'',1500385767,4),(184,6,93,NULL,NULL,NULL,2000,1483074000,5283,'',1500385767,4),(185,1,94,NULL,NULL,NULL,10000,1500350400,6789,'',1500385834,6),(186,6,94,NULL,NULL,NULL,2000,1500350400,6789,'',1500385834,6),(187,1,95,NULL,NULL,NULL,10000,1473912000,7777,'',1500385982,4),(188,6,95,NULL,NULL,NULL,2000,1473912000,7777,'',1500385982,4),(189,1,96,NULL,NULL,NULL,10000,1500350400,768,'',1500385989,6),(190,6,96,NULL,NULL,NULL,2000,1500350400,768,'',1500385989,6),(191,1,97,NULL,NULL,NULL,10000,1485320400,3438,'',1500386072,5),(192,6,97,NULL,NULL,NULL,2000,1485320400,3438,'',1500386072,5),(193,1,98,NULL,NULL,NULL,10000,1485320400,3439,'',1500386217,5),(194,6,98,NULL,NULL,NULL,2000,1485320400,3439,'',1500386217,5),(195,1,99,NULL,NULL,NULL,10000,1456808400,65327,'',1500386221,6),(196,6,99,NULL,NULL,NULL,2000,1456808400,65327,'',1500386221,6),(197,1,100,NULL,NULL,NULL,10000,1485147600,7777,'',1500386396,5),(198,6,100,NULL,NULL,NULL,2000,1485147600,7777,'',1500386396,5),(199,1,101,NULL,NULL,NULL,10000,1474948800,5354,'',1500386420,4),(200,6,101,NULL,NULL,NULL,2000,1474948800,5354,'',1500386420,4),(201,1,102,NULL,NULL,NULL,10000,1449896400,7689,'',1500386472,6),(202,6,102,NULL,NULL,NULL,2000,1449896400,7689,'',1500386472,6),(203,1,103,NULL,NULL,NULL,10000,1445227200,7645,'',1500386627,6),(204,6,103,NULL,NULL,NULL,2000,1445227200,7645,'',1500386627,6),(205,1,104,NULL,NULL,NULL,10000,1484024400,5723,'',1500386661,5),(206,6,104,NULL,NULL,NULL,2000,1484024400,5723,'',1500386661,5),(207,1,105,NULL,NULL,NULL,10000,1474516800,7777,'',1500386747,4),(208,6,105,NULL,NULL,NULL,2000,1474516800,7777,'',1500386747,4),(209,1,106,NULL,NULL,NULL,10000,1474084800,7689,'',1500386785,6),(210,6,106,NULL,NULL,NULL,2000,1474084800,7689,'',1500386785,6),(211,1,107,NULL,NULL,NULL,10000,1513746000,7777,'',1500386824,5),(212,6,107,NULL,NULL,NULL,2000,1513746000,7777,'',1500386824,5),(213,1,109,NULL,NULL,NULL,10000,1513746000,7777,'',1500386997,5),(214,6,109,NULL,NULL,NULL,2000,1513746000,7777,'',1500386997,5),(215,1,109,NULL,NULL,NULL,10000,1475726400,5375,'',1500386997,4),(216,6,109,NULL,NULL,NULL,2000,1475726400,5375,'',1500386997,4),(217,1,110,NULL,NULL,NULL,10000,1478581200,6745,'',1500387144,5),(218,6,110,NULL,NULL,NULL,2000,1478581200,6745,'',1500387144,5),(219,1,111,NULL,NULL,NULL,10000,1514610000,7777,'',1500387278,5),(220,6,111,NULL,NULL,NULL,2000,1514610000,7777,'',1500387278,5),(221,1,112,NULL,NULL,NULL,10000,1483074000,7856,'',1500387368,5),(222,6,112,NULL,NULL,NULL,2000,1483074000,7856,'',1500387368,5),(223,1,113,NULL,NULL,NULL,10000,1484024400,5120,'',1500387420,5),(224,6,113,NULL,NULL,NULL,2000,1484024400,5120,'',1500387420,5),(225,1,114,NULL,NULL,NULL,10000,1450587600,7899,'',1500387505,5),(226,6,114,NULL,NULL,NULL,2000,1450587600,7899,'',1500387505,5),(227,1,115,NULL,NULL,NULL,10000,1485752400,4154,'',1500387592,5),(228,6,115,NULL,NULL,NULL,2000,1485752400,4154,'',1500387592,5),(229,1,116,NULL,NULL,NULL,10000,1483678800,7856,'',1500387668,5),(230,6,116,NULL,NULL,NULL,2000,1483678800,7856,'',1500387668,5),(231,1,117,NULL,NULL,NULL,10000,1484542800,5751,'',1500387812,5),(232,6,117,NULL,NULL,NULL,2000,1484542800,5751,'',1500387812,5),(233,1,118,NULL,NULL,NULL,10000,1479445200,7689,'',1500387922,6),(234,6,118,NULL,NULL,NULL,2000,1479445200,7689,'',1500387922,6),(235,1,119,NULL,NULL,NULL,10000,1485320400,5763,'',1500387968,5),(236,6,119,NULL,NULL,NULL,2000,1485320400,5763,'',1500387968,5),(237,1,120,NULL,NULL,NULL,10000,1477454400,7856,'',1500388115,6),(238,6,120,NULL,NULL,NULL,2000,1477454400,7856,'',1500388115,6),(239,1,121,NULL,NULL,NULL,10000,1484715600,7856,'',1500388328,6),(240,6,121,NULL,NULL,NULL,2000,1484715600,7856,'',1500388328,6),(241,1,122,NULL,NULL,NULL,10000,1485147600,896,'',1500388877,6),(242,6,122,NULL,NULL,NULL,2000,1485147600,896,'',1500388877,6),(243,1,123,NULL,NULL,NULL,10000,1474948800,7856,'',1500389415,6),(244,6,123,NULL,NULL,NULL,2000,1474948800,7856,'',1500389415,6),(245,1,124,NULL,NULL,NULL,10000,1477886400,6745,'',1500389609,6),(246,6,124,NULL,NULL,NULL,2000,1477886400,6745,'',1500389609,6),(247,1,125,NULL,NULL,NULL,10000,1489377600,5687,'',1500389876,6),(248,6,125,NULL,NULL,NULL,2000,1489377600,5687,'',1500389876,6),(249,1,126,NULL,NULL,NULL,10000,1477108800,7654,'',1500397274,6),(250,6,126,NULL,NULL,NULL,2000,1477108800,7654,'',1500397274,6),(251,1,127,NULL,NULL,NULL,10000,1485320400,7856,'',1500397462,6),(252,6,127,NULL,NULL,NULL,2000,1485320400,7856,'',1500397462,6),(253,1,128,NULL,NULL,NULL,10000,1481778000,7860,'',1500397669,6),(254,6,128,NULL,NULL,NULL,2000,1481778000,7860,'',1500397669,6),(255,1,129,NULL,NULL,NULL,10000,1470456000,7890,'',1500397828,6),(256,6,129,NULL,NULL,NULL,2000,1470456000,7890,'',1500397828,6),(257,1,130,NULL,NULL,NULL,10000,1465272000,7777,'',1500439620,6),(258,6,130,NULL,NULL,NULL,2000,1465272000,7777,'',1500439620,6),(259,1,131,NULL,NULL,NULL,10000,1455944400,1169,'',1500439843,6),(260,6,131,NULL,NULL,NULL,2000,1455944400,1169,'',1500439843,6),(261,1,132,NULL,NULL,NULL,10000,1444017600,7777,'',1500440028,6),(262,6,132,NULL,NULL,NULL,2000,1444017600,7777,'',1500440028,6),(263,1,133,NULL,NULL,NULL,10000,1449205200,7777,'',1500440223,6),(264,6,133,NULL,NULL,NULL,2000,1449205200,7777,'',1500440223,6),(265,1,134,NULL,NULL,NULL,10000,1445227200,7856,'',1500440491,3),(266,6,134,NULL,NULL,NULL,2000,1445227200,7856,'',1500440491,3),(267,1,135,NULL,NULL,NULL,10000,1444708800,958,'',1500440493,6),(268,6,135,NULL,NULL,NULL,2000,1444708800,958,'',1500440493,6),(269,1,136,NULL,NULL,NULL,10000,1447218000,7856,'',1500440671,3),(270,6,136,NULL,NULL,NULL,2000,1447218000,7856,'',1500440671,3),(271,1,137,NULL,NULL,NULL,10000,1459137600,7777,'',1500440726,6),(272,6,137,NULL,NULL,NULL,2000,1459137600,7777,'',1500440726,6),(273,1,138,NULL,NULL,NULL,10000,1426046400,6754,'',1500440897,3),(274,6,138,NULL,NULL,NULL,2000,1426046400,6754,'',1500440897,3),(275,1,139,NULL,NULL,NULL,10000,1483678800,5478,'',1500440914,6),(276,6,139,NULL,NULL,NULL,2000,1483678800,5478,'',1500440914,6),(277,1,140,NULL,NULL,NULL,10000,1483678800,5479,'',1500441041,6),(278,6,140,NULL,NULL,NULL,2000,1483678800,5479,'',1500441041,6),(279,1,141,NULL,NULL,NULL,10000,1482814800,8967,'',1500441082,3),(280,6,141,NULL,NULL,NULL,2000,1482814800,8967,'',1500441082,3),(281,1,142,NULL,NULL,NULL,10000,1469764800,4944,'',1500441162,6),(282,6,142,NULL,NULL,NULL,2000,1469764800,4944,'',1500441162,6),(283,1,143,NULL,NULL,NULL,10000,1468900800,7856,'',1500441279,3),(284,6,143,NULL,NULL,NULL,2000,1468900800,7856,'',1500441279,3),(285,1,144,NULL,NULL,NULL,10000,1451624400,7777,'',1500441387,6),(286,6,144,NULL,NULL,NULL,2000,1451624400,7777,'',1500441387,6),(287,1,145,NULL,NULL,NULL,10000,1484370000,5643,'',1500441517,3),(288,6,145,NULL,NULL,NULL,2000,1484370000,5643,'',1500441517,3),(289,1,146,NULL,NULL,NULL,10000,1458014400,7777,'',1500441667,6),(290,6,146,NULL,NULL,NULL,2000,1458014400,7777,'',1500441667,6),(291,1,147,NULL,NULL,NULL,10000,1484024400,7855,'',1500441875,3),(292,6,147,NULL,NULL,NULL,2000,1484024400,7855,'',1500441875,3),(293,1,148,NULL,NULL,NULL,10000,1472443200,2940,'',1500441994,6),(294,6,148,NULL,NULL,NULL,2000,1472443200,2940,'',1500441994,6),(295,1,149,NULL,NULL,NULL,10000,1484024400,7856,'',1500442082,3),(296,6,149,NULL,NULL,NULL,2000,1484024400,7856,'',1500442082,3),(297,1,150,NULL,NULL,NULL,10000,1472443200,4766,'',1500442188,6),(298,6,150,NULL,NULL,NULL,2000,1472443200,4766,'',1500442188,6),(299,1,151,NULL,NULL,NULL,10000,1454389200,5634,'',1500442295,3),(300,6,151,NULL,NULL,NULL,2000,1454389200,5634,'',1500442295,3),(301,1,152,NULL,NULL,NULL,10000,1459396800,3517,'',1500442365,6),(302,6,152,NULL,NULL,NULL,2000,1459396800,3517,'',1500442365,6),(303,1,153,NULL,NULL,NULL,10000,1451192400,7777,'',1500442662,6),(304,6,153,NULL,NULL,NULL,2000,1451192400,7777,'',1500442662,6),(305,8,63,NULL,NULL,0,5000,1500436800,108,'',1500464285,6),(306,8,130,NULL,NULL,0,5000,1500436800,12,'',1500465585,6),(307,8,134,NULL,NULL,0,5000,1500436800,12,'',1500466372,6),(308,8,152,NULL,NULL,0,5000,1500436800,54,'',1500469136,6),(309,7,145,1,NULL,NULL,0,1485406800,1453,'',1501057166,6),(310,3,145,1,NULL,NULL,0,1486098000,4587,'',1501057204,6),(311,10,145,1,NULL,NULL,0,1486098000,4587,'',1501057204,6),(312,4,145,NULL,1,NULL,500,1494302400,5943,'',1501057548,6),(313,4,145,NULL,2,NULL,750,1496289600,19560,'',1501057649,6),(314,4,145,NULL,3,NULL,750,1496721600,5962,'',1501057742,6),(315,4,145,NULL,4,NULL,750,1500955200,5975,'',1501057843,6),(316,4,145,NULL,5,NULL,750,1492142400,4587,'',1501057949,6),(317,4,145,NULL,6,NULL,750,1488862800,2136,'',1501057988,6),(318,7,25,2,NULL,NULL,0,1499659200,1245,'',1502089968,6),(319,3,25,2,NULL,NULL,0,1499140800,5412,'',1502090014,6),(320,10,25,2,NULL,NULL,0,1499140800,5412,'',1502090014,6),(321,4,25,NULL,13,NULL,675,1499918400,79,'',1502090087,6),(322,4,25,NULL,14,NULL,675,1501041600,3,'',1502090198,6),(323,7,15,3,NULL,NULL,0,1497240000,5462,'',1502090531,6),(324,3,15,3,NULL,NULL,0,1498017600,8976,'',1502090567,6),(325,10,15,3,NULL,NULL,0,1498017600,8976,'',1502090567,6),(326,4,15,NULL,16,NULL,750,1500955200,5978,'',1502090651,6),(327,7,41,4,NULL,NULL,0,1496721600,4567,'',1502090913,6),(328,7,41,5,NULL,NULL,0,1496721600,4567,'',1502090917,6),(329,3,41,5,NULL,NULL,0,1498017600,2145,'',1502091009,6),(330,10,41,5,NULL,NULL,0,1498017600,2145,'',1502091009,6),(331,4,41,NULL,22,NULL,578,1501560000,188,'',1502091032,6),(332,7,22,6,NULL,NULL,0,1496721600,3452,'',1502091236,6),(333,3,22,6,NULL,NULL,0,1498190400,2365,'',1502091308,6),(334,10,22,6,NULL,NULL,0,1498190400,2365,'',1502091308,6),(335,4,22,NULL,25,NULL,500,1500955200,5977,'',1502091365,6),(336,1,154,NULL,NULL,NULL,1000,1502683200,22006,'',1502697857,6),(337,6,154,NULL,NULL,NULL,0,1502683200,22006,'',1502697857,6),(338,1,155,NULL,NULL,NULL,1000,1502683200,6249,'',1502718020,5),(339,6,155,NULL,NULL,NULL,0,1502683200,6249,'',1502718020,5),(340,1,156,NULL,NULL,NULL,1000,1447131600,1168,'',1503730626,6),(341,6,156,NULL,NULL,NULL,0,1447131600,1168,'',1503730626,6),(342,2,156,NULL,NULL,416,1000,1478232000,1,'',1503738117,6),(343,8,156,NULL,NULL,420,250,1503720000,1,'',1503738749,6),(344,2,156,NULL,NULL,421,1000,1491192000,2,'',1503738821,6),(345,8,74,NULL,NULL,431,250,1503892800,10,'',1503924159,6),(346,7,74,7,NULL,NULL,0,1495252800,2145,'',1503924588,6),(347,3,74,7,NULL,NULL,0,1495425600,2154,'',1503924712,6),(348,10,74,7,NULL,NULL,0,1495425600,2154,'',1503924712,6),(349,4,74,NULL,31,NULL,750,1496030400,94421,'',1503933797,6),(350,4,74,NULL,32,NULL,850,1496462400,3660,'',1503933827,6),(351,4,74,NULL,33,NULL,850,1499918400,609,'',1503933862,6),(352,4,74,NULL,34,NULL,950,1500696000,4,'',1503933893,6),(353,4,74,NULL,35,NULL,550,1502078400,77,'',1503933915,6),(354,1,157,NULL,NULL,NULL,1000,1483592400,5474,'',1504347290,6),(355,6,157,NULL,NULL,NULL,0,1483592400,5474,'',1504347290,6),(356,4,15,NULL,17,NULL,500,1503547200,15,'',1504504831,6),(357,4,41,NULL,23,NULL,536,1502424000,6283,'',1504505092,6),(358,4,15,NULL,18,NULL,500,1503028800,591,'',1504505465,6),(359,4,22,NULL,26,NULL,500,1504065600,14,'',1504693980,6),(360,4,22,NULL,27,NULL,500,1504670400,62498,'',1504694080,6),(361,1,158,NULL,NULL,NULL,1000,1504756800,6267,'',1504773529,5),(362,6,158,NULL,NULL,NULL,0,1504756800,6267,'',1504773529,5),(363,7,62,8,NULL,NULL,0,1488862800,6789,'',1505134718,6),(364,7,5,9,NULL,NULL,0,1504238400,8975,'',1505204987,6),(365,3,5,9,NULL,NULL,0,1505016000,4569,'',1505205036,6),(366,10,5,9,NULL,NULL,0,1505016000,4569,'',1505205036,6),(367,7,154,10,NULL,NULL,0,1504238400,4576,'',1505205163,6),(368,3,154,10,NULL,NULL,0,1505016000,5679,'',1505205213,6),(369,10,154,10,NULL,NULL,0,1505016000,5679,'',1505205213,6),(370,1,159,NULL,NULL,NULL,1000,1472616000,4777,'',1505288624,6),(371,6,159,NULL,NULL,NULL,0,1472616000,4777,'',1505288624,6),(372,1,160,NULL,NULL,NULL,1000,1478581200,5659,'',1505293901,6),(373,6,160,NULL,NULL,NULL,0,1478581200,5659,'',1505293901,6),(374,7,140,11,NULL,NULL,0,1489550400,2145,'',1505309691,6),(375,3,140,11,NULL,NULL,0,1491105600,2145,'',1505309768,6),(376,10,140,11,NULL,NULL,0,1491105600,2145,'',1505309768,6),(377,4,140,NULL,59,NULL,1750,1493697600,5935,'',1505309942,6),(378,4,140,NULL,60,NULL,1750,1496635200,585950,'',1505309989,6),(379,4,140,NULL,61,NULL,1750,1499400000,73,'',1505310052,6),(380,4,140,NULL,62,NULL,1750,1503288000,81,'',1505310098,6),(381,4,140,NULL,63,NULL,1750,1505275200,6273,'',1505310215,6),(382,4,145,NULL,7,NULL,750,1505102400,66,'',1505310300,6),(383,8,142,NULL,NULL,566,250,1505448000,1245,'',1505453207,6),(384,8,144,NULL,NULL,568,250,1505448000,451,'',1505453289,6),(385,8,45,NULL,NULL,571,250,1505448000,478,'',1505453433,6),(386,8,143,NULL,NULL,574,250,1505448000,7845,'',1505453607,6),(387,8,129,NULL,NULL,578,250,1505448000,102,'',1505453883,6),(388,8,133,NULL,NULL,581,250,1505448000,5412,'',1505454010,6),(389,8,51,NULL,NULL,583,250,1505448000,1210,'',1505454240,6),(390,8,103,NULL,NULL,604,250,1505448000,4578,'',1505456399,6),(391,1,161,NULL,NULL,NULL,1000,1460952000,2145,'',1505481544,6),(392,6,161,NULL,NULL,NULL,0,1460952000,2145,'',1505481544,6),(393,8,161,NULL,NULL,626,250,1505448000,4512,'',1505483488,6),(394,8,153,NULL,NULL,633,250,1505534400,2145,'',1505554777,6),(395,8,102,NULL,NULL,638,250,1505534400,1203,'',1505555640,6),(397,2,58,NULL,NULL,664,1000,1505534400,3,'',1505568099,6),(398,8,135,NULL,NULL,667,250,1505707200,21047,'',1505728880,6),(399,8,131,NULL,NULL,668,250,1505707200,2102,'',1505729038,6),(400,7,125,12,NULL,NULL,0,1505102400,2104,'',1505737131,6),(401,3,125,12,NULL,NULL,0,1505707200,2014,'',1505737199,6),(402,10,125,12,NULL,NULL,0,1505707200,2014,'',1505737199,6),(403,7,74,13,NULL,NULL,0,1504238400,1245,'',1505822589,6),(404,3,74,13,NULL,NULL,0,1505016000,1245,'',1505822753,6),(405,10,74,13,NULL,NULL,0,1505016000,1245,'',1505822753,6),(406,1,162,NULL,NULL,NULL,1000,1512622800,999,'',1512646996,5),(407,6,162,NULL,NULL,NULL,0,1512622800,999,'',1512646996,5),(408,7,2,14,NULL,NULL,150,1512622800,222,'',1512648086,5),(409,3,2,14,NULL,NULL,250,1512622800,0,'',1512648177,5),(410,10,2,14,NULL,NULL,0,1512622800,0,'',1512648177,5),(411,7,155,15,NULL,NULL,150,1512622800,222,'',1512650497,5),(412,3,155,15,NULL,NULL,250,1512622800,0,'',1512650539,5),(413,10,155,15,NULL,NULL,0,1512622800,0,'',1512650539,5),(414,4,155,NULL,81,NULL,500,1512622800,555,'',1512650613,5),(415,7,7,16,NULL,NULL,150,1512622800,55,'',1512650960,5),(416,3,7,16,NULL,NULL,250,1512622800,0,'',1512650989,5),(417,10,7,16,NULL,NULL,0,1512622800,0,'',1512650989,5),(418,4,7,NULL,95,NULL,32,1512622800,222,'',1512651066,5),(419,4,7,NULL,96,NULL,36,1512622800,222,'',1512651097,5),(420,4,7,NULL,97,NULL,36,1512622800,555,'',1512651121,5),(421,4,7,NULL,98,NULL,36,1512622800,555,'',1512651194,5),(422,4,7,NULL,99,NULL,36,1513314000,55,'',1512651287,5),(423,4,41,NULL,24,NULL,536,1504152000,426,'',1513162069,6),(424,2,143,NULL,NULL,670,0,1503288000,37,'',1513162958,6),(425,7,59,17,NULL,NULL,150,1485925200,123,'',1513163280,6),(426,3,59,17,NULL,NULL,1500,1486357200,1203,'',1513163346,6),(427,10,59,17,NULL,NULL,0,1486357200,1203,'',1513163346,6),(428,4,59,NULL,109,NULL,900,1488949200,1230,'',1513163439,6),(429,4,59,NULL,110,NULL,900,1491624000,1250,'',1513163539,6),(430,4,59,NULL,111,NULL,900,1494216000,83119,'',1513163575,6),(431,4,59,NULL,112,NULL,900,1501560000,18,'',1513163795,6),(432,4,59,NULL,113,NULL,900,1502856000,2130,'',1513163853,6),(433,4,59,NULL,114,NULL,900,1504843200,86542,'',1513163922,6),(434,4,59,NULL,115,NULL,900,1507780800,6287,'',1513164005,6),(435,4,59,NULL,116,NULL,900,1497412800,6191,'',1513164260,6),(437,1,163,NULL,NULL,NULL,200,1514523600,2222,'',1513164805,9),(438,6,163,NULL,NULL,NULL,0,1514523600,2222,'',1513164805,9),(439,7,6,18,NULL,NULL,150,1491278400,1234,'',1513164914,6),(440,3,6,18,NULL,NULL,2000,1492747200,12530,'',1513164938,6),(441,10,6,18,NULL,NULL,0,1492747200,12530,'',1513164938,6),(442,4,6,NULL,121,NULL,1000,1495425600,223,'',1513165070,6),(443,4,6,NULL,122,NULL,1000,1498104000,17,'',1513165232,6),(444,4,6,NULL,123,NULL,1000,1498881600,153,'',1513165268,6),(445,4,6,NULL,124,NULL,1000,1499054400,3991,'',1513165292,6),(446,4,6,NULL,125,NULL,1000,1500523200,347,'',1513165352,6),(447,7,163,19,NULL,NULL,150,1511845200,222,'',1513165357,9),(448,4,6,NULL,126,NULL,1000,1501732800,348,'',1513165399,6),(449,3,163,19,NULL,NULL,250,1511931600,222,'',1513165401,9),(450,10,163,19,NULL,NULL,0,1511931600,222,'',1513165401,9),(451,4,6,NULL,127,NULL,1000,1503288000,3,'',1513165455,6),(452,4,6,NULL,128,NULL,1000,1503720000,22,'',1513165482,6),(453,4,6,NULL,129,NULL,1000,1503979200,41,'',1513165507,6),(454,4,163,NULL,133,NULL,32,1512104400,111,'',1513165510,9),(455,4,163,NULL,134,NULL,36,1512363600,222,'',1513165545,9),(456,4,163,NULL,135,NULL,36,1512622800,212,'',1513165572,9),(457,4,6,NULL,130,NULL,1000,1506312000,2130,'',1513165584,6),(459,4,6,NULL,131,NULL,850,1507176000,1253,'',1513165636,6),(460,4,163,NULL,136,NULL,36,1512795600,43,'',1513165663,9),(461,4,6,NULL,132,NULL,800,1507867200,2104,'',1513165679,6),(462,4,6,NULL,147,NULL,350,1508472000,12454,'',1513165706,6),(463,1,164,NULL,NULL,NULL,200,1511931600,111,'',1513165934,9),(464,6,164,NULL,NULL,NULL,0,1511931600,111,'',1513165934,9),(465,7,164,20,NULL,NULL,150,1511845200,7777,'',1513166074,9),(466,3,164,20,NULL,NULL,100,1511931600,333,'',1513166271,9),(467,10,164,20,NULL,NULL,0,1511931600,333,'',1513166271,9),(468,4,164,NULL,154,NULL,18,1512622800,222,'',1513166369,9),(469,4,74,NULL,76,NULL,1000,1505102400,567,'',1513166789,6),(470,4,74,NULL,77,NULL,1050,1505707200,71,'',1513166836,6),(471,4,74,NULL,78,NULL,1450,1506312000,2145,'',1513166868,6),(472,4,74,NULL,79,NULL,1350,1507867200,1350,'',1513166926,6),(473,4,74,NULL,169,NULL,1000,1508385600,1400,'',1513166953,6),(474,1,165,NULL,NULL,NULL,200,1511845200,134,'',1513167205,9),(475,6,165,NULL,NULL,NULL,0,1511845200,134,'',1513167205,9),(476,1,166,NULL,NULL,NULL,200,1514350800,111,'',1513167339,9),(477,6,166,NULL,NULL,NULL,0,1514350800,111,'',1513167339,9),(478,1,167,NULL,NULL,NULL,200,1511758800,111,'',1513167569,9),(479,6,167,NULL,NULL,NULL,0,1511758800,111,'',1513167569,9),(480,7,53,21,NULL,NULL,150,1493611200,1234,'',1513167690,6),(481,3,53,21,NULL,NULL,2700,1494129600,1234,'',1513167737,6),(482,10,53,21,NULL,NULL,0,1494129600,1234,'',1513167737,6),(483,4,53,NULL,176,NULL,1630,1496808000,74745,'',1513167792,6),(484,4,53,NULL,177,NULL,1620,1499313600,6216,'',1513167858,6),(485,4,53,NULL,178,NULL,1000,1500350400,1,'',1513167912,6),(486,4,53,NULL,179,NULL,1620,1501992000,6408,'',1513167980,6),(487,4,53,NULL,180,NULL,1620,1505102400,7683,'',1513168102,6),(488,4,53,NULL,181,NULL,1620,1507608000,1245,'',1513168168,6),(489,7,165,22,NULL,NULL,150,1511758800,666,'',1513168187,9),(490,4,53,NULL,182,NULL,1620,1510030800,124,'',1513168226,6),(491,3,165,22,NULL,NULL,250,1511931600,6669,'',1513168306,9),(492,10,165,22,NULL,NULL,0,1511931600,6669,'',1513168306,9),(493,4,165,NULL,188,NULL,32,1512018000,999,'',1513168359,9),(494,4,53,NULL,183,NULL,1620,1512536400,214,'',1513168366,6),(495,4,165,NULL,189,NULL,36,1512104400,2222,'',1513168427,9),(496,4,165,NULL,190,NULL,36,1514869200,555,'',1513168457,9),(497,4,165,NULL,191,NULL,36,1515042000,102,'',1513168498,9),(498,7,159,23,NULL,NULL,150,1485925200,1301,'',1513168532,6),(499,4,165,NULL,192,NULL,36,1515128400,985,'',1513168533,9),(500,3,159,23,NULL,NULL,2500,1486616400,2104,'',1513168558,6),(501,10,159,23,NULL,NULL,0,1486616400,2104,'',1513168558,6),(502,4,165,NULL,193,NULL,36,1512622800,5852,'',1513168565,9),(503,4,165,NULL,194,NULL,36,1512709200,369,'',1513168611,9),(504,4,165,NULL,195,NULL,36,1513054800,256,'',1513168647,9),(505,4,159,NULL,202,NULL,1550,1488862800,707,'',1513168657,6),(506,4,159,NULL,203,NULL,1550,1491364800,5397,'',1513168794,6),(507,4,159,NULL,204,NULL,1550,1492488000,10,'',1513168843,6),(508,4,159,NULL,205,NULL,1550,1495080000,73,'',1513168922,6),(509,4,159,NULL,206,NULL,1550,1495252800,2114,'',1513168943,6),(510,4,159,NULL,207,NULL,1550,1497067200,783,'',1513169006,6),(511,4,159,NULL,208,NULL,1550,1497412800,49,'',1513169035,6),(512,4,159,NULL,209,NULL,1550,1500264000,68,'',1513169129,6),(513,4,159,NULL,210,NULL,1550,1500868800,531,'',1513169174,6),(514,4,159,NULL,211,NULL,1550,1502683200,4164260,'',1513169213,6),(515,4,159,NULL,212,NULL,1550,1505102400,56,'',1513169274,6),(516,4,159,NULL,213,NULL,260,1507003200,260,'',1513169321,6),(517,1,168,NULL,NULL,NULL,200,1513213877,568,'',1513169453,9),(518,6,168,NULL,NULL,NULL,0,1513213877,568,'',1513169453,9),(519,7,88,24,NULL,NULL,150,1487048400,2140,'',1513170313,6),(520,3,88,24,NULL,NULL,1500,1487912400,1204,'',1513170333,6),(521,10,88,24,NULL,NULL,0,1487912400,1204,'',1513170333,6),(522,7,167,25,NULL,NULL,150,1511067600,698,'',1513170412,9),(524,4,88,NULL,214,NULL,750,1489377600,10,'',1513170501,6),(525,3,167,25,NULL,NULL,250,1514523600,5555,'',1513170501,9),(526,10,167,25,NULL,NULL,0,1514523600,5555,'',1513170501,9),(528,4,88,NULL,215,NULL,750,1496808000,7573,'',1513170667,6),(529,1,169,NULL,NULL,NULL,200,1500004800,4444,'',1513170769,9),(530,6,169,NULL,NULL,NULL,0,1500004800,4444,'',1513170769,9),(531,4,88,NULL,216,NULL,750,1501473600,3233,'',1513170803,6),(532,4,88,NULL,217,NULL,750,1503892800,36,'',1513170866,6),(533,7,169,26,NULL,NULL,150,1511586000,598,'',1513170888,9),(534,4,88,NULL,218,NULL,750,1506657600,383,'',1513170936,6),(535,3,169,26,NULL,NULL,250,1512104400,2365,'',1513170983,9),(536,10,169,26,NULL,NULL,0,1512104400,2365,'',1513170983,9),(537,4,88,NULL,219,NULL,750,1509595200,2314,'',1513170996,6),(538,4,169,NULL,240,NULL,32,1512190800,2569,'',1513171018,9),(539,4,169,NULL,241,NULL,36,1512277200,2365,'',1513171055,9),(540,4,169,NULL,242,NULL,36,1512363600,8526,'',1513171082,9),(541,4,169,NULL,243,NULL,36,1512450000,2587,'',1513171110,9),(542,4,169,NULL,244,NULL,36,1512536400,9658,'',1513171136,9),(543,4,169,NULL,245,NULL,36,1512622800,9854,'',1513171167,9),(544,4,169,NULL,246,NULL,36,1512709200,2569,'',1513171213,9),(545,4,169,NULL,247,NULL,36,1512795600,25697,'',1513171264,9),(546,4,169,NULL,248,NULL,36,1512882000,9651,'',1513171291,9),(547,4,169,NULL,249,NULL,36,1512968400,9852,'',1513171327,9),(548,1,170,NULL,NULL,NULL,200,1486357200,1205,'',1513171404,6),(549,6,170,NULL,NULL,NULL,0,1486357200,1205,'',1513171404,6),(550,1,171,NULL,NULL,NULL,200,1506398400,5896,'',1513171482,9),(551,6,171,NULL,NULL,NULL,0,1506398400,5896,'',1513171482,9),(552,7,171,27,NULL,NULL,150,1511586000,2365,'',1513171570,9),(553,7,170,28,NULL,NULL,150,1491192000,1250,'',1513171574,6),(554,3,171,27,NULL,NULL,250,1512104400,6398,'',1513171607,9),(555,10,171,27,NULL,NULL,0,1512104400,6398,'',1513171607,9),(556,3,170,28,NULL,NULL,2000,1492401600,1234,'',1513171621,6),(557,10,170,28,NULL,NULL,0,1492401600,1234,'',1513171621,6),(558,4,171,NULL,254,NULL,32,1512190800,8526,'',1513171632,9),(559,4,171,NULL,255,NULL,36,1512277200,52698,'',1513171655,9),(560,4,171,NULL,256,NULL,36,1512363600,8563,'',1513171676,9),(561,4,171,NULL,257,NULL,36,1512450000,652587,'',1513171715,9),(562,4,170,NULL,268,NULL,1000,1495339200,218,'',1513171727,6),(563,4,171,NULL,258,NULL,36,1512622800,4852,'',1513171741,9),(564,4,171,NULL,259,NULL,36,1512709200,2589,'',1513171776,9),(565,4,171,NULL,260,NULL,36,1512795600,5287,'',1513171810,9),(566,4,171,NULL,261,NULL,36,1512968400,2698,'',1513171857,9),(567,4,88,NULL,220,NULL,750,1495771200,433,'',1513171899,6),(568,4,171,NULL,262,NULL,36,1513054800,5698,'',1513171978,9),(569,4,170,NULL,269,NULL,1000,1497931200,6,'',1513172070,6),(570,4,170,NULL,270,NULL,1000,1500523200,9,'',1513172139,6),(571,1,172,NULL,NULL,NULL,200,1511845200,2365,'',1513172208,9),(572,6,172,NULL,NULL,NULL,0,1511845200,2365,'',1513172208,9),(573,4,170,NULL,271,NULL,1000,1503201600,79,'',1513172224,6),(574,4,170,NULL,272,NULL,500,1503633600,43,'',1513172255,6),(575,7,172,29,NULL,NULL,150,1512363600,569,'',1513172305,9),(576,4,170,NULL,273,NULL,1000,1505880000,12,'',1513172322,6),(577,3,172,29,NULL,NULL,250,1513659600,6985,'',1513172336,9),(578,10,172,29,NULL,NULL,0,1513659600,6985,'',1513172336,9),(579,4,170,NULL,274,NULL,1000,1506484800,14,'',1513172353,6),(580,4,170,NULL,275,NULL,400,1507262400,4512,'',1513172392,6),(581,4,170,NULL,276,NULL,300,1508126400,10,'',1513172420,6),(582,4,170,NULL,277,NULL,1000,1508731200,214,'',1513172454,6),(583,4,170,NULL,278,NULL,1000,1509595200,201,'',1513172489,6),(584,1,173,NULL,NULL,NULL,200,1513141200,5863,'',1513172507,9),(585,6,173,NULL,NULL,NULL,0,1513141200,5863,'',1513172507,9),(586,4,170,NULL,279,NULL,300,1510722000,21,'',1513172522,6),(587,4,170,NULL,294,NULL,500,1511326800,120,'',1513172553,6),(588,7,173,30,NULL,NULL,150,1512450000,5631,'',1513172573,9),(589,4,170,NULL,295,NULL,1040,1512104400,1204,'',1513172587,6),(590,3,173,30,NULL,NULL,250,1512450000,2596,'',1513172607,9),(591,10,173,30,NULL,NULL,0,1512450000,2596,'',1513172607,9),(592,4,170,NULL,310,NULL,700,1512536400,2145,'',1513172612,6),(593,4,170,NULL,311,NULL,260,1512968400,5421,'',1513172634,6),(594,1,174,NULL,NULL,NULL,200,1511154000,2469,'',1513172744,9),(595,6,174,NULL,NULL,NULL,0,1511154000,2469,'',1513172744,9),(596,4,5,NULL,40,NULL,650,1511067600,210,'',1513172794,6),(597,7,174,31,NULL,NULL,150,1511931600,2169,'',1513172836,9),(598,4,5,NULL,41,NULL,630,1510376400,2145,'',1513172861,6),(599,3,174,31,NULL,NULL,100,1512450000,2593,'',1513172864,9),(600,10,174,31,NULL,NULL,0,1512450000,2593,'',1513172864,9),(601,1,175,NULL,NULL,NULL,200,1511931600,2469,'',1513173021,9),(602,6,175,NULL,NULL,NULL,0,1511931600,2469,'',1513173021,9),(603,7,38,32,NULL,NULL,150,1488949200,1234,'',1513173021,6),(604,3,38,32,NULL,NULL,2000,1490414400,1234,'',1513173049,6),(605,10,38,32,NULL,NULL,0,1490414400,1234,'',1513173049,6),(606,7,175,33,NULL,NULL,150,1511845200,3697,'',1513173116,9),(607,3,175,33,NULL,NULL,150,1512536400,1258,'',1513173146,9),(608,10,175,33,NULL,NULL,0,1512536400,1258,'',1513173146,9),(609,4,38,NULL,326,NULL,1190,1493092800,82,'',1513173178,6),(610,4,38,NULL,327,NULL,1160,1494043200,6,'',1513173221,6),(611,4,38,NULL,328,NULL,1160,1496203200,350,'',1513173294,6),(612,4,38,NULL,329,NULL,1160,1496721600,60766,'',1513173330,6),(613,1,176,NULL,NULL,NULL,200,1510290000,2574,'',1513173403,9),(614,6,176,NULL,NULL,NULL,0,1510290000,2574,'',1513173403,9),(615,1,177,NULL,NULL,NULL,200,1510290000,2147,'',1513173408,9),(616,6,177,NULL,NULL,NULL,0,1510290000,2147,'',1513173408,9),(617,4,38,NULL,330,NULL,1000,1499054400,3354,'',1513173410,6),(618,7,177,34,NULL,NULL,150,1509681600,4136,'',1513173509,9),(619,4,38,NULL,331,NULL,1160,1501819200,460,'',1513173517,6),(620,4,38,NULL,332,NULL,700,1502251200,981,'',1513173548,6),(621,3,177,34,NULL,NULL,280,1481000400,2698,'',1513173542,9),(622,10,177,34,NULL,NULL,0,1481000400,2698,'',1513173542,9),(623,4,38,NULL,333,NULL,1160,1505275200,77907,'',1513173631,6),(624,4,38,NULL,334,NULL,1160,1506312000,214,'',1513173674,6),(625,4,38,NULL,335,NULL,900,1507176000,124,'',1513173701,6),(626,1,178,NULL,NULL,NULL,200,1512536400,2596,'',1513173707,9),(627,6,178,NULL,NULL,NULL,0,1512536400,2596,'',1513173707,9),(628,7,178,35,NULL,NULL,150,1512104400,2598,'',1513173775,9),(629,3,178,35,NULL,NULL,250,1512536400,2874,'',1513173806,9),(630,10,178,35,NULL,NULL,0,1512536400,2874,'',1513173806,9),(631,4,178,NULL,466,NULL,32,1512622800,2569,'',1513173832,9),(632,4,38,NULL,336,NULL,1160,1507608000,124,'',1513173832,6),(633,4,178,NULL,467,NULL,36,1512709200,658,'',1513173859,9),(634,4,178,NULL,468,NULL,36,1512795600,2567,'',1513173886,9),(635,4,154,NULL,46,NULL,1320,1507608000,145,'',1513173920,6),(636,4,178,NULL,469,NULL,36,1512882000,2692,'',1513173941,9),(637,4,154,NULL,47,NULL,1280,1510203600,2145,'',1513173962,6),(638,4,178,NULL,470,NULL,36,1513054800,1258,'',1513173964,9),(639,4,154,NULL,48,NULL,1280,1512968400,124,'',1513174005,6),(640,1,179,NULL,NULL,NULL,200,1512104400,269,'',1513174105,9),(641,6,179,NULL,NULL,NULL,0,1512104400,269,'',1513174105,9),(642,7,179,36,NULL,NULL,150,1512795600,5858,'',1513174191,9),(643,7,10,37,NULL,NULL,150,1490068800,1254,'',1513174208,6),(644,3,179,36,NULL,NULL,250,1512968400,6987,'',1513174225,9),(645,10,179,36,NULL,NULL,0,1512968400,6987,'',1513174225,9),(646,3,10,37,NULL,NULL,750,1491192000,2145,'',1513174227,6),(647,10,10,37,NULL,NULL,0,1491192000,2145,'',1513174227,6),(648,4,179,NULL,480,NULL,32,1513054800,2698,'',1513174248,9),(649,4,179,NULL,481,NULL,36,1513141200,2541,'',1513174291,9),(650,4,10,NULL,487,NULL,450,1497585600,65,'',1513174369,6),(651,1,180,NULL,NULL,NULL,200,1512795600,2593,'',1513174398,9),(652,6,180,NULL,NULL,NULL,0,1512795600,2593,'',1513174398,9),(653,4,10,NULL,489,NULL,400,1498795200,7,'',1513174408,6),(654,4,10,NULL,491,NULL,450,1499832000,2458,'',1513174456,6),(655,7,180,38,NULL,NULL,150,1512795600,5986,'',1513174460,9),(656,3,180,38,NULL,NULL,250,1512968400,698,'',1513174487,9),(657,10,180,38,NULL,NULL,0,1512968400,698,'',1513174487,9),(658,4,180,NULL,506,NULL,32,1513054800,289,'',1513174525,9),(659,4,180,NULL,507,NULL,36,1513141200,2547,'',1513174543,9),(660,4,10,NULL,493,NULL,450,1503374400,718,'',1513174551,6),(661,4,10,NULL,495,NULL,450,1505188800,3757,'',1513174626,6),(662,1,181,NULL,NULL,NULL,200,1512450000,1478,'',1513174684,9),(663,6,181,NULL,NULL,NULL,0,1512450000,1478,'',1513174684,9),(664,4,10,NULL,497,NULL,450,1510894800,124,'',1513174728,6),(665,7,181,39,NULL,NULL,150,1512277200,693,'',1513174736,9),(666,3,181,39,NULL,NULL,250,1513054800,5269,'',1513174767,9),(667,10,181,39,NULL,NULL,0,1513054800,5269,'',1513174767,9),(668,4,10,NULL,499,NULL,450,1510030800,510,'',1513174793,6),(669,1,182,NULL,NULL,NULL,200,1512882000,987,'',1513174891,9),(670,6,182,NULL,NULL,NULL,0,1512882000,987,'',1513174891,9),(671,7,182,40,NULL,NULL,150,1512882000,2589,'',1513174952,9),(672,4,140,NULL,64,NULL,1750,1507521600,90,'',1513174966,6),(673,3,182,40,NULL,NULL,250,1513054800,5897,'',1513174976,9),(674,10,182,40,NULL,NULL,0,1513054800,5897,'',1513174976,9),(675,4,140,NULL,65,NULL,1540,1508299200,1245,'',1513175010,6),(676,4,140,NULL,66,NULL,1750,1509681600,10,'',1513175046,6),(677,4,140,NULL,67,NULL,1750,1512450000,210,'',1513175096,6),(678,1,183,NULL,NULL,NULL,200,1512882000,458,'',1513175107,9),(679,6,183,NULL,NULL,NULL,0,1512882000,458,'',1513175107,9),(680,7,9,41,NULL,NULL,150,1494302400,1234,'',1513175275,6),(681,3,9,41,NULL,NULL,1500,1494993600,1235,'',1513175307,6),(682,10,9,41,NULL,NULL,0,1494993600,1235,'',1513175307,6),(683,4,9,NULL,548,NULL,900,1500177600,3839,'',1513175479,6),(684,4,9,NULL,549,NULL,900,1502856000,72,'',1513175563,6),(685,4,9,NULL,550,NULL,900,1503288000,5,'',1513175600,6),(686,4,9,NULL,551,NULL,900,1505016000,153,'',1513175672,6),(687,4,9,NULL,552,NULL,900,1505620800,294,'',1513175720,6),(688,4,9,NULL,553,NULL,900,1507435200,231,'',1513175770,6),(689,4,9,NULL,554,NULL,900,1508040000,214,'',1513175809,6),(690,4,9,NULL,555,NULL,900,1509854400,120,'',1513175867,6),(691,4,9,NULL,556,NULL,900,1510462800,214,'',1513175904,6),(692,4,9,NULL,557,NULL,900,1513054800,123,'',1513175954,6),(693,4,9,NULL,558,NULL,900,1513054800,10,'',1513175997,6),(694,4,125,NULL,71,NULL,965,1509422400,10,'',1513176161,6),(695,4,125,NULL,72,NULL,500,1509681600,12,'',1513176187,6),(696,4,169,NULL,250,NULL,36,1513141200,1234,'',1513177086,9),(697,4,172,NULL,280,NULL,32,1513141200,234,'',1513177182,9),(698,4,182,NULL,534,NULL,32,1513141200,365,'',1513177220,9),(699,4,175,NULL,338,NULL,27,1513141200,569,'',1513177275,9),(700,1,184,NULL,NULL,NULL,200,1511672400,111,'',1513232527,9),(701,6,184,NULL,NULL,NULL,0,1511672400,111,'',1513232527,9),(702,1,185,NULL,NULL,NULL,200,1513227600,3259,'',1513233362,9),(703,6,185,NULL,NULL,NULL,0,1513227600,3259,'',1513233362,9),(704,7,184,42,NULL,NULL,150,1510462800,589,'',1513234487,9),(705,3,184,42,NULL,NULL,250,1514523600,369,'',1513234523,9),(706,10,184,42,NULL,NULL,0,1514523600,369,'',1513234523,9),(707,4,184,NULL,560,NULL,32,1512018000,256,'',1513234558,9),(708,4,184,NULL,561,NULL,36,1512104400,259,'',1513234588,9),(709,4,184,NULL,562,NULL,36,1512277200,587,'',1513234617,9),(710,4,184,NULL,563,NULL,36,1512363600,789,'',1513234645,9),(711,4,184,NULL,564,NULL,36,1512450000,874,'',1513234669,9),(712,4,184,NULL,565,NULL,36,1512622800,698,'',1513234693,9),(713,4,184,NULL,566,NULL,36,1512622800,584,'',1513234741,9),(714,4,184,NULL,567,NULL,36,1512709200,254,'',1513234790,9),(715,4,184,NULL,568,NULL,36,1512795600,987,'',1513234811,9),(716,4,184,NULL,569,NULL,36,1512968400,594,'',1513234835,9),(717,4,184,NULL,570,NULL,36,1513054800,596,'',1513234865,9),(718,4,184,NULL,571,NULL,36,1513141200,59,'',1513234918,9),(719,4,184,NULL,572,NULL,72,1513227600,5,'',1513234938,9),(720,7,184,43,NULL,NULL,150,1513227600,875,'',1513235251,9),(721,7,166,44,NULL,NULL,150,1513227600,58,'',1513236066,9),(722,3,166,44,NULL,NULL,250,1513227600,36,'',1513236230,9),(723,10,166,44,NULL,NULL,0,1513227600,36,'',1513236230,9),(724,7,53,45,NULL,NULL,150,1513141200,58,'',1513236374,9),(725,3,53,45,NULL,NULL,250,1513141200,152,'',1513236417,9),(726,10,53,45,NULL,NULL,0,1513141200,152,'',1513236417,9),(727,7,185,46,NULL,NULL,150,1513227600,258,'',1513236985,9),(728,3,184,43,NULL,NULL,250,1513227600,699,'',1513246802,9),(729,10,184,43,NULL,NULL,0,1513227600,699,'',1513246802,9),(730,7,176,47,NULL,NULL,150,1513227600,9,'',1513247166,9),(731,7,168,48,NULL,NULL,150,1513227600,8,'',1513247438,9),(732,4,179,NULL,482,NULL,36,1513227600,10,'',1513257144,9),(733,4,178,NULL,471,NULL,36,1513227600,23,'',1513257273,9),(734,7,167,49,NULL,NULL,150,1513227600,23,'',1513257736,9),(735,4,171,NULL,263,NULL,36,1513227600,25,'',1513257879,9),(736,3,167,49,NULL,NULL,250,1513227600,562,'',1513259608,9),(737,10,167,49,NULL,NULL,0,1513227600,562,'',1513259608,9),(738,4,165,NULL,196,NULL,36,1513227600,36,'',1513262192,9),(739,4,169,NULL,251,NULL,36,1513227600,222,'',1513312729,9),(740,7,183,50,NULL,NULL,150,1513141200,256,'',1513314990,9),(741,3,183,50,NULL,NULL,100,1513227600,333,'',1513315094,9),(742,10,183,50,NULL,NULL,0,1513227600,333,'',1513315094,9),(744,4,183,NULL,630,NULL,18,1513141200,333,'',1513315186,9),(745,4,183,NULL,631,NULL,14,1513314000,11,'',1513315217,9),(746,7,177,51,NULL,NULL,150,1511586000,26,'',1513315610,9),(747,3,177,51,NULL,NULL,250,1512622800,333,'',1513315664,9),(748,10,177,51,NULL,NULL,0,1512622800,333,'',1513315664,9),(749,4,171,NULL,264,NULL,36,1513314000,111,'',1513327144,9),(751,4,171,NULL,266,NULL,36,1513141200,111,'',1513327568,9),(753,4,166,NULL,574,NULL,32,1513314000,16,'',1513343560,9),(754,4,174,NULL,312,NULL,18,1513314000,15,'',1513343662,9),(757,3,185,46,NULL,NULL,350,1513314000,333,'',1513344827,9),(758,10,185,46,NULL,NULL,0,1513314000,333,'',1513344827,9),(759,4,163,NULL,137,NULL,36,1513314000,333,'',1513346643,9),(760,4,163,NULL,138,NULL,36,1513227600,5,'',1513346745,9),(761,4,179,NULL,483,NULL,36,1513314000,333,'',1513346799,9),(765,4,182,NULL,535,NULL,36,1513314000,333,'',1513408539,9),(766,4,184,NULL,602,NULL,32,1513314000,333,'',1513408587,9),(767,4,167,NULL,616,NULL,32,1513314000,333,'',1513408614,9),(768,4,169,NULL,252,NULL,72,1513314000,333,'',1513408653,9),(769,4,164,NULL,155,NULL,182,1513314000,111,'',1513408682,9),(770,4,181,NULL,520,NULL,32,1513314000,4,'',1513408760,9),(771,4,178,NULL,472,NULL,36,1513400400,12,'',1513421416,9),(772,4,171,NULL,265,NULL,72,1513400400,333,'',1513426729,9),(773,7,169,52,NULL,NULL,150,1513400400,333,'',1513426963,9),(774,7,171,53,NULL,NULL,150,1513400400,333,'',1513427248,9),(776,4,182,NULL,536,NULL,36,1513400400,22,'',1513429695,9),(777,3,171,53,NULL,NULL,250,1513400400,222,'',1513430590,9),(778,10,171,53,NULL,NULL,0,1513400400,222,'',1513430590,9),(779,3,169,52,NULL,NULL,250,1513400400,0,'',1513436964,5),(780,10,169,52,NULL,NULL,0,1513400400,0,'',1513436964,5),(781,4,167,NULL,617,NULL,36,1513400400,333,'',1513574247,9),(782,4,167,NULL,618,NULL,36,1513486800,333,'',1513574276,9),(783,4,184,NULL,603,NULL,36,1513400400,333,'',1513574333,9),(784,4,169,NULL,686,NULL,32,1513486800,333,'',1513574388,9),(786,4,171,NULL,672,NULL,32,1513486800,333,'',1513574685,9),(787,4,165,NULL,197,NULL,180,1513486800,333,'',1513575016,9),(789,1,186,NULL,NULL,NULL,150,1513314000,111,'',1513593797,9),(790,6,186,NULL,NULL,NULL,0,1513314000,111,'',1513593797,9),(791,7,186,54,NULL,NULL,150,1513400400,111,'',1513593912,9),(792,7,186,55,NULL,NULL,150,1513400400,111,'',1513593915,9),(793,4,178,NULL,473,NULL,36,1513573200,24,'',1513594134,9),(794,1,187,NULL,NULL,NULL,150,1513573200,111,'',1513595260,9),(795,6,187,NULL,NULL,NULL,0,1513573200,111,'',1513595260,9),(796,7,187,56,NULL,NULL,150,1513400400,111,'',1513595356,9),(797,3,187,56,NULL,NULL,250,1513573200,9,'',1513595387,9),(798,10,187,56,NULL,NULL,0,1513573200,9,'',1513595387,9),(799,4,172,NULL,281,NULL,468,1513573200,10,'',1513599884,9),(800,7,172,57,NULL,NULL,150,1513573200,10,'',1513599995,9),(801,4,181,NULL,521,NULL,36,1513573200,12,'',1513608221,9),(802,3,186,54,NULL,NULL,250,1513573200,11,'',1513608281,9),(803,10,186,54,NULL,NULL,0,1513573200,11,'',1513608281,9),(806,4,171,NULL,673,NULL,36,1513659600,333,'',1513662950,9),(807,4,169,NULL,687,NULL,36,1513659600,333,'',1513662993,9),(808,4,178,NULL,474,NULL,216,1513659600,111,'',1513671827,9),(809,7,178,58,NULL,NULL,150,1513659600,222,'',1513671967,9),(810,7,178,59,NULL,NULL,150,1513659600,222,'',1513671973,9),(811,3,178,58,NULL,NULL,250,1513659600,222,'',1513727099,5),(812,10,178,58,NULL,NULL,0,1513659600,222,'',1513727099,5),(813,3,172,57,NULL,NULL,250,1513659600,2222,'',1513743382,5),(814,10,172,57,NULL,NULL,0,1513659600,2222,'',1513743382,5),(816,4,167,NULL,619,NULL,36,1513746000,333,'',1513747111,9),(817,4,171,NULL,674,NULL,36,1513746000,333,'',1513747175,9),(819,4,183,NULL,633,NULL,14,1513746000,333,'',1513747277,9),(820,1,188,NULL,NULL,NULL,150,1513746000,30,'',1513747855,9),(821,6,188,NULL,NULL,NULL,0,1513746000,30,'',1513747855,9),(822,7,188,60,NULL,NULL,150,1513659600,30,'',1513747942,9),(823,1,189,NULL,NULL,NULL,150,1513746000,31,'',1513748103,9),(824,6,189,NULL,NULL,NULL,0,1513746000,31,'',1513748103,9),(825,7,189,61,NULL,NULL,150,1513746000,333,'',1513748303,9),(826,4,169,NULL,688,NULL,36,1513746000,333,'',1513749162,9),(827,4,187,NULL,700,NULL,32,1513659600,333,'',1513770793,9),(828,4,185,NULL,658,NULL,50,1513746000,16,'',1513775905,9),(830,4,186,NULL,714,NULL,32,1513659600,333,'',1513775984,9),(831,4,186,NULL,715,NULL,36,1513746000,333,'',1513776007,9),(833,4,167,NULL,620,NULL,36,1513832400,333,'',1513840093,9),(835,4,187,NULL,701,NULL,36,1513832400,333,'',1513840337,9),(836,4,171,NULL,675,NULL,36,1513832400,333,'',1513840369,9),(838,4,169,NULL,689,NULL,36,1513832400,333,'',1513840390,9),(839,4,183,NULL,634,NULL,14,1513832400,18,'',1513862858,9),(840,4,184,NULL,607,NULL,36,1513832400,17,'',1513862880,9),(842,4,171,NULL,677,NULL,36,1513918800,333,'',1513920379,9),(843,4,187,NULL,702,NULL,36,1513918800,333,'',1513920414,9),(844,4,167,NULL,621,NULL,36,1513918800,333,'',1513920443,9),(845,1,190,NULL,NULL,NULL,150,1513659600,333,'',1513922114,9),(846,6,190,NULL,NULL,NULL,0,1513659600,333,'',1513922114,9),(847,7,190,62,NULL,NULL,150,1513918800,333,'',1513922290,9),(848,3,190,62,NULL,NULL,150,1513746000,333,'',1513922316,9),(849,10,190,62,NULL,NULL,0,1513746000,333,'',1513922316,9),(850,4,10,NULL,501,NULL,450,1513486800,2103,'',1513924847,6),(851,4,9,NULL,559,NULL,500,1513486800,1203,'',1513924878,6),(852,4,163,NULL,139,NULL,88,1513918800,333,'',1514005367,9),(853,4,190,NULL,756,NULL,27,1513918800,333,'',1514005405,9),(854,4,185,NULL,659,NULL,50,1513918800,26,'',1514005445,9),(856,4,186,NULL,716,NULL,36,1513918800,333,'',1514005495,9),(857,4,180,NULL,508,NULL,36,1514005200,333,'',1514005514,9),(858,4,169,NULL,691,NULL,36,1513918800,333,'',1514005553,9),(862,4,184,NULL,608,NULL,36,1514005200,333,'',1514037941,9),(865,4,181,NULL,522,NULL,36,1514005200,38,'',1514038061,9),(866,4,183,NULL,635,NULL,14,1514005200,21,'',1514038091,9),(867,4,190,NULL,757,NULL,21,1514005200,333,'',1514038114,9),(868,4,190,NULL,758,NULL,21,1513832400,333,'',1514038162,9),(869,4,186,NULL,717,NULL,36,1514005200,333,'',1514038189,9),(870,4,190,NULL,759,NULL,21,1514091600,333,'',1514093009,9),(871,4,186,NULL,718,NULL,36,1514091600,333,'',1514093031,9),(872,4,171,NULL,676,NULL,36,1514091600,333,'',1514093051,9),(874,4,169,NULL,690,NULL,36,1514091600,333,'',1514093109,9),(875,4,187,NULL,703,NULL,36,1514091600,333,'',1514093130,9),(876,4,187,NULL,704,NULL,36,1514091600,333,'',1514093131,9),(877,4,178,NULL,728,NULL,32,1514091600,333,'',1514093155,9),(878,4,171,NULL,678,NULL,36,1514005200,333,'',1514352630,5),(879,4,171,NULL,679,NULL,36,1514178000,333,'',1514352685,5),(880,4,171,NULL,680,NULL,36,1514264400,333,'',1514352708,5),(882,4,167,NULL,624,NULL,36,1514264400,333,'',1514352838,5),(883,4,187,NULL,705,NULL,36,1514178000,333,'',1514353019,5),(884,4,187,NULL,706,NULL,36,1514264400,333,'',1514353112,5),(885,4,178,NULL,729,NULL,36,1514264400,21,'',1514353169,5),(886,4,186,NULL,719,NULL,36,1514264400,333,'',1514353202,5),(887,4,185,NULL,660,NULL,50,1514264400,22,'',1514353285,5),(888,4,166,NULL,575,NULL,36,1514264400,23,'',1514353355,5),(889,4,190,NULL,760,NULL,21,1514264400,333,'',1514353416,5),(890,4,169,NULL,692,NULL,36,1514178000,333,'',1514353568,5),(891,4,169,NULL,693,NULL,36,1514178000,333,'',1514353585,5),(892,4,169,NULL,694,NULL,36,1514264400,333,'',1514353601,5),(897,4,182,NULL,537,NULL,36,1513486800,333,'',1514354679,5),(898,4,182,NULL,538,NULL,36,1513573200,333,'',1514354745,5),(899,4,182,NULL,539,NULL,36,1513746000,333,'',1514354789,5),(900,4,182,NULL,540,NULL,36,1514005200,333,'',1514354801,5),(901,4,167,NULL,622,NULL,36,1514005200,333,'',1514355048,5),(902,4,167,NULL,623,NULL,36,1514091600,333,'',1514355061,5),(903,4,179,NULL,484,NULL,36,1513400400,333,'',1514355154,5),(904,4,179,NULL,485,NULL,36,1513486800,333,'',1514355266,5),(905,4,179,NULL,486,NULL,36,1513573200,333,'',1514355308,5),(906,4,179,NULL,488,NULL,36,1513659600,23,'',1514355395,5),(907,4,179,NULL,490,NULL,36,1513746000,26,'',1514355421,5),(909,4,179,NULL,492,NULL,108,1513918800,29,'',1514355528,5),(910,4,179,NULL,494,NULL,36,1514005200,20,'',1514355564,5),(911,4,15,NULL,19,NULL,600,1507176000,55,'',1514360455,6),(912,4,15,NULL,20,NULL,750,1500264000,2101,'',1514360505,6),(913,4,179,NULL,496,NULL,36,1514350800,333,'',1514364187,5),(914,4,171,NULL,681,NULL,36,1514350800,333,'',1514379825,5),(915,4,171,NULL,682,NULL,144,1513573200,333,'',1514379879,5),(916,3,189,61,NULL,NULL,200,1514350800,24,'',1514380646,5),(917,10,189,61,NULL,NULL,0,1514350800,24,'',1514380646,5),(918,7,171,63,NULL,NULL,150,1514350800,333,'',1514381355,5),(919,7,171,64,NULL,NULL,150,1514350800,333,'',1514381357,5),(920,3,171,64,NULL,NULL,250,1514350800,333,'',1514381381,5),(921,10,171,64,NULL,NULL,0,1514350800,333,'',1514381381,5),(922,7,182,65,NULL,NULL,150,1514350800,26,'',1514385805,5),(923,3,182,65,NULL,NULL,250,1514350800,26,'',1514385827,5),(924,10,182,65,NULL,NULL,0,1514350800,26,'',1514385827,5),(925,4,163,NULL,140,NULL,200,1514350800,333,'',1514436312,5),(926,4,167,NULL,625,NULL,36,1514350800,333,'',1514436376,5),(927,4,178,NULL,730,NULL,36,1514437200,23,'',1514442076,5),(930,4,186,NULL,720,NULL,36,1514437200,30,'',1514458277,5),(931,4,177,NULL,644,NULL,32,1512709200,333,'',1514458681,9),(932,4,177,NULL,645,NULL,36,1513314000,26,'',1514458696,9),(933,4,53,NULL,588,NULL,32,1513400400,333,'',1514458948,9),(934,4,53,NULL,589,NULL,468,1513918800,333,'',1514458967,9),(935,1,191,NULL,NULL,NULL,150,1514264400,17,'',1514463751,9),(936,6,191,NULL,NULL,NULL,0,1514264400,17,'',1514463751,9),(937,7,191,66,NULL,NULL,150,1514437200,333,'',1514463806,9),(938,3,191,66,NULL,NULL,250,1514437200,333,'',1514463827,9),(939,10,191,66,NULL,NULL,0,1514437200,333,'',1514463827,9),(940,4,190,NULL,761,NULL,21,1514437200,333,'',1514463944,9),(941,1,192,NULL,NULL,NULL,150,1514437200,30,'',1514464508,9),(942,6,192,NULL,NULL,NULL,0,1514437200,30,'',1514464508,9),(943,7,192,67,NULL,NULL,150,1514437200,30,'',1514464546,9),(944,4,184,NULL,609,NULL,36,1514178000,333,'',1514469718,9),(945,4,184,NULL,604,NULL,36,1513573200,333,'',1514470087,9),(946,4,184,NULL,605,NULL,36,1513659600,333,'',1514470114,9),(947,4,184,NULL,606,NULL,36,1513746000,333,'',1514470166,9),(948,4,183,NULL,637,NULL,14,1514437200,32,'',1514471400,9),(949,4,183,NULL,632,NULL,52,1513659600,333,'',1514471479,9),(950,4,183,NULL,636,NULL,60,1514178000,333,'',1514471542,9),(951,1,193,NULL,NULL,NULL,150,1514437200,33,'',1514471991,9),(952,6,193,NULL,NULL,NULL,0,1514437200,33,'',1514471991,9),(953,7,193,68,NULL,NULL,150,1514437200,33,'',1514472047,9),(954,3,192,67,NULL,NULL,250,1514437200,333,'',1514473713,9),(955,10,192,67,NULL,NULL,0,1514437200,333,'',1514473713,9),(956,4,180,NULL,509,NULL,36,1514437200,333,'',1514523702,9),(957,4,171,NULL,790,NULL,32,1514437200,333,'',1514523740,9),(958,4,187,NULL,707,NULL,36,1514437200,333,'',1514523805,9),(959,4,169,NULL,695,NULL,36,1514437200,333,'',1514523854,9),(960,4,186,NULL,721,NULL,252,1514523600,34,'',1514529415,9),(961,4,172,NULL,742,NULL,32,1512968400,333,'',1514531281,9),(962,7,183,69,NULL,NULL,150,1514523600,36,'',1514532690,9),(963,7,176,70,NULL,NULL,150,1509508800,0,'',1514532951,9),(964,3,176,70,NULL,NULL,500,1514523600,0,'',1514532974,9),(965,10,176,70,NULL,NULL,0,1514523600,0,'',1514532974,9),(966,3,188,60,NULL,NULL,200,1514523600,29,'',1514533150,9),(967,10,188,60,NULL,NULL,0,1514523600,29,'',1514533150,9),(968,4,167,NULL,626,NULL,144,1514523600,333,'',1514533265,9),(969,7,179,71,NULL,NULL,150,1514523600,333,'',1514547540,9),(970,3,193,68,NULL,NULL,250,1514523600,31,'',1514547578,9),(971,10,193,68,NULL,NULL,0,1514523600,31,'',1514547578,9),(973,3,183,69,NULL,NULL,150,1514523600,333,'',1514557662,9),(974,10,183,69,NULL,NULL,0,1514523600,333,'',1514557662,9),(975,3,179,71,NULL,NULL,250,1514523600,333,'',1514557692,9),(976,10,179,71,NULL,NULL,0,1514523600,333,'',1514557692,9),(977,4,171,NULL,791,NULL,36,1514523600,333,'',1514614851,9),(980,4,184,NULL,610,NULL,36,1514264400,333,'',1514614968,9),(981,4,184,NULL,611,NULL,36,1514523600,333,'',1514615110,9),(982,4,184,NULL,612,NULL,144,1514523600,333,'',1514615121,9),(983,7,186,72,NULL,NULL,150,1514523600,333,'',1514615600,9),(984,4,178,NULL,731,NULL,36,1514610000,44,'',1514615635,9),(985,7,62,73,NULL,NULL,150,1512104400,0,'',1514615772,9),(986,3,62,73,NULL,NULL,50,1514523600,0,'',1514615799,9),(987,10,62,73,NULL,NULL,0,1514523600,0,'',1514615799,9),(988,7,62,74,NULL,NULL,150,1512104400,0,'',1514615969,9),(989,3,62,74,NULL,NULL,500,1514523600,0,'',1514615991,9),(990,10,62,74,NULL,NULL,0,1514523600,0,'',1514615991,9),(991,4,181,NULL,523,NULL,36,1514523600,42,'',1514616404,9),(992,3,168,48,NULL,NULL,250,1514610000,0,'',1514626911,9),(993,10,168,48,NULL,NULL,0,1514610000,0,'',1514626911,9),(994,3,186,72,NULL,NULL,500,1514610000,0,'',1514626988,9),(995,10,186,72,NULL,NULL,0,1514610000,0,'',1514626988,9),(996,7,184,75,NULL,NULL,150,1514610000,45,'',1514634372,9),(997,3,184,75,NULL,NULL,350,1514610000,45,'',1514634395,9),(998,10,184,75,NULL,NULL,0,1514610000,45,'',1514634395,9),(999,3,184,75,NULL,NULL,350,1514610000,0,'',1514634419,9),(1000,10,184,75,NULL,NULL,0,1514610000,0,'',1514634419,9),(1001,7,87,76,NULL,NULL,150,1514610000,888,'',1514635532,9),(1002,3,87,76,NULL,NULL,350,1514610000,66,'',1514635558,9),(1003,10,87,76,NULL,NULL,0,1514610000,66,'',1514635558,9),(1004,7,184,77,NULL,NULL,150,1514610000,45,'',1514635666,9),(1005,3,184,77,NULL,NULL,350,1514610000,0,'',1514635687,9),(1006,10,184,77,NULL,NULL,0,1514610000,0,'',1514635687,9),(1007,4,190,NULL,762,NULL,21,1514523600,333,'',1514637435,9),(1008,4,185,NULL,661,NULL,50,1514610000,48,'',1514640017,9),(1009,4,185,NULL,662,NULL,500,1513573200,111,'',1514640168,9),(1012,7,167,78,NULL,NULL,150,1514610000,333,'',1514643726,9),(1013,7,53,79,NULL,NULL,150,1514610000,333,'',1514643804,9),(1014,4,188,NULL,874,NULL,36,1514610000,333,'',1514871674,9),(1015,4,188,NULL,875,NULL,28,1514696400,333,'',1514871701,9),(1016,4,180,NULL,510,NULL,36,1514696400,333,'',1514871750,9),(1017,4,179,NULL,916,NULL,32,1514782800,333,'',1514871806,9),(1018,4,171,NULL,792,NULL,36,1546146000,333,'',1514871850,9),(1019,4,187,NULL,708,NULL,36,1546146000,333,'',1514872057,9),(1020,4,187,NULL,709,NULL,36,1514696400,333,'',1514872079,9),(1021,4,187,NULL,710,NULL,144,1514869200,37,'',1514872254,9),(1022,4,171,NULL,793,NULL,36,1517461200,333,'',1514872390,9),(1024,4,184,NULL,1091,NULL,80,1517461200,333,'',1514872454,9),(1025,3,167,78,NULL,NULL,250,1517461200,333,'',1514872487,9),(1026,10,167,78,NULL,NULL,0,1517461200,333,'',1514872487,9),(1027,4,183,NULL,902,NULL,27,1517461200,333,'',1514872549,9),(1028,7,187,80,NULL,NULL,150,1514869200,0,'',1514872840,9),(1029,7,187,81,NULL,NULL,150,1514869200,38,'',1514873155,9),(1030,7,185,82,NULL,NULL,150,1514869200,0,'',1514878757,9),(1031,4,169,NULL,696,NULL,36,1514437200,333,'',1514880665,9),(1032,4,169,NULL,697,NULL,36,1514523600,333,'',1514880689,9),(1034,4,175,NULL,339,NULL,21,1513314000,333,'',1514887878,9),(1035,4,175,NULL,340,NULL,21,1514005200,570,'',1514887944,9),(1036,4,175,NULL,341,NULL,231,1514264400,333,'',1514887962,9),(1037,7,175,83,NULL,NULL,150,1514869200,41,'',1514888089,9),(1038,4,145,NULL,8,NULL,750,1507003200,210,'',1514892829,6),(1039,4,145,NULL,9,NULL,500,1514437200,60,'',1514892935,6),(1040,4,145,NULL,10,NULL,750,1512363600,7777,'',1514892991,6),(1041,4,5,NULL,42,NULL,630,1514523600,1,'',1514893218,6),(1042,4,140,NULL,68,NULL,1470,1543986000,214,'',1514897172,6),(1043,4,179,NULL,917,NULL,36,1514869200,333,'',1514897215,9),(1045,4,181,NULL,524,NULL,36,1514869200,333,'',1514902210,5),(1046,4,182,NULL,804,NULL,32,1514610000,333,'',1514902285,5),(1047,4,182,NULL,805,NULL,36,1514869200,42,'',1514902303,5),(1048,3,187,81,NULL,NULL,250,1514869200,38,'',1514902349,5),(1049,10,187,81,NULL,NULL,0,1514869200,38,'',1514902349,5),(1050,7,176,84,NULL,NULL,150,1514869200,47,'',1514904067,9),(1051,3,176,84,NULL,NULL,200,1514869200,47,'',1514904124,9),(1052,10,176,84,NULL,NULL,0,1514869200,47,'',1514904124,9),(1053,7,134,85,NULL,NULL,150,1514869200,907,'',1514904284,9),(1054,3,134,85,NULL,NULL,1775,1514869200,5643,'',1514904305,9),(1055,10,134,85,NULL,NULL,0,1514869200,5643,'',1514904305,9),(1056,7,157,86,NULL,NULL,150,1514869200,453,'',1514904694,9),(1057,3,157,86,NULL,NULL,1950,1515128400,321,'',1514904719,9),(1058,10,157,86,NULL,NULL,0,1515128400,321,'',1514904719,9),(1059,7,58,87,NULL,NULL,150,1514869200,32,'',1514904801,9),(1060,3,58,87,NULL,NULL,3178,1515128400,123,'',1514904823,9),(1061,10,58,87,NULL,NULL,0,1515128400,123,'',1514904823,9),(1062,7,74,88,NULL,NULL,150,1514869200,342,'',1514904914,9),(1063,3,74,88,NULL,NULL,190,1515128400,432,'',1514904931,9),(1064,10,74,88,NULL,NULL,0,1515128400,432,'',1514904931,9),(1065,4,184,NULL,1092,NULL,36,1514869200,333,'',1514957943,9),(1066,4,186,NULL,1000,NULL,83,1514869200,333,'',1514957967,9),(1067,4,188,NULL,876,NULL,28,1514869200,333,'',1514957991,9),(1068,4,171,NULL,794,NULL,36,1514782800,333,'',1514958048,9),(1069,4,171,NULL,795,NULL,36,1514869200,333,'',1514958062,9),(1070,4,169,NULL,698,NULL,72,1514869200,333,'',1514958088,9),(1071,1,194,NULL,NULL,NULL,150,1514869200,47,'',1514958225,9),(1072,6,194,NULL,NULL,NULL,0,1514869200,47,'',1514958225,9),(1073,7,194,89,NULL,NULL,150,1514955600,47,'',1514958269,9),(1074,3,185,82,NULL,NULL,100,1514869200,222,'',1514969345,5),(1075,10,185,82,NULL,NULL,0,1514869200,222,'',1514969345,5),(1076,3,185,82,NULL,NULL,100,1514869200,0,'',1514969354,5),(1077,10,185,82,NULL,NULL,0,1514869200,0,'',1514969354,5),(1078,7,185,90,NULL,NULL,150,1514869200,0,'',1514969554,5),(1079,3,185,90,NULL,NULL,100,1514869200,0,'',1514969590,5),(1080,10,185,90,NULL,NULL,0,1514869200,0,'',1514969590,5),(1081,7,53,91,NULL,NULL,150,1514523600,0,'',1514969812,5),(1082,3,53,91,NULL,NULL,300,1514869200,0,'',1514969844,5),(1083,10,53,91,NULL,NULL,0,1514869200,0,'',1514969844,5),(1084,7,164,92,NULL,NULL,150,1514955600,48,'',1514971397,9),(1085,7,157,93,NULL,NULL,150,1514955600,333,'',1514971593,6),(1086,7,157,94,NULL,NULL,150,1514955600,333,'',1514971729,6),(1087,3,157,94,NULL,NULL,1950,1515128400,333,'',1514971747,6),(1088,10,157,94,NULL,NULL,0,1515128400,333,'',1514971747,6),(1089,7,53,95,NULL,NULL,150,1515128400,333,'',1514972052,6),(1090,3,53,95,NULL,NULL,4710,1515128400,333,'',1514972071,6),(1091,10,53,95,NULL,NULL,0,1515128400,333,'',1514972071,6),(1092,7,74,96,NULL,NULL,150,1514955600,333,'',1514972323,6),(1093,3,74,96,NULL,NULL,1900,1515128400,333,'',1514972343,6),(1094,10,74,96,NULL,NULL,0,1515128400,333,'',1514972343,6),(1095,1,195,NULL,NULL,NULL,150,1514955600,49,'',1514984620,9),(1096,6,195,NULL,NULL,NULL,0,1514955600,49,'',1514984620,9),(1097,7,195,97,NULL,NULL,150,1514955600,49,'',1514984661,9),(1098,1,196,NULL,NULL,NULL,150,1514955600,50,'',1514984750,9),(1099,6,196,NULL,NULL,NULL,0,1514955600,50,'',1514984750,9),(1100,7,196,98,NULL,NULL,150,1514955600,50,'',1514984796,9),(1102,3,196,98,NULL,NULL,200,1514955600,333,'',1514992071,9),(1103,10,196,98,NULL,NULL,0,1514955600,333,'',1514992071,9),(1104,4,179,NULL,918,NULL,36,1514955600,333,'',1514992389,9),(1105,3,194,89,NULL,NULL,150,1514955600,0,'',1514992418,9),(1106,10,194,89,NULL,NULL,0,1514955600,0,'',1514992418,9),(1107,3,175,83,NULL,NULL,250,1514955600,52,'',1514992452,9),(1108,10,175,83,NULL,NULL,0,1514955600,52,'',1514992452,9),(1109,3,164,92,NULL,NULL,100,1515042000,0,'',1515045277,6),(1110,10,164,92,NULL,NULL,0,1515042000,0,'',1515045277,6),(1111,7,168,99,NULL,NULL,150,1515042000,202,'',1515045641,6),(1112,3,168,99,NULL,NULL,5000,1515128400,202,'',1515045855,6),(1113,10,168,99,NULL,NULL,0,1515128400,202,'',1515045855,6),(1114,4,184,NULL,1093,NULL,36,1514955600,333,'',1515046323,9),(1116,4,187,NULL,1134,NULL,32,1514955600,333,'',1515046438,9),(1117,4,186,NULL,1001,NULL,71,1514955600,333,'',1515046490,9),(1118,4,171,NULL,796,NULL,36,1514955600,333,'',1515046531,9),(1119,4,188,NULL,877,NULL,28,1514955600,333,'',1515046576,9),(1120,4,167,NULL,226,NULL,32,1514955600,333,'',1515046606,9),(1121,7,161,100,NULL,NULL,150,1515042000,111,'',1515046852,6),(1122,7,164,101,NULL,NULL,150,1515042000,111,'',1515048124,6),(1123,3,164,101,NULL,NULL,150,1515042000,111,'',1515048153,6),(1124,10,164,101,NULL,NULL,0,1515042000,111,'',1515048153,6),(1125,4,182,NULL,541,NULL,252,1514350800,333,'',1515048242,9),(1126,4,173,NULL,297,NULL,36,1513486800,333,'',1515048422,9),(1127,4,173,NULL,298,NULL,36,1514869200,333,'',1515048439,9),(1128,4,173,NULL,296,NULL,32,1513314000,35,'',1515048549,9),(1130,9,0,0,NULL,NULL,2827,1514782800,0,'commission',1515055330,9),(1131,10,0,0,NULL,NULL,1350,1514869200,0,'from emily',1515055690,9),(1132,7,0,0,NULL,NULL,850,1514869200,0,'emily',1515055810,9),(1133,10,0,0,NULL,NULL,1350,1514869200,0,'juliet',1515056016,9),(1134,7,169,102,NULL,NULL,150,1515042000,54,'',1515057431,9),(1135,4,181,NULL,525,NULL,36,1515042000,55,'',1515060855,9),(1136,4,192,NULL,832,NULL,32,1514955600,35,'',1515134732,9),(1137,4,192,NULL,833,NULL,468,1515042000,56,'',1515134762,9),(1138,4,176,NULL,1148,NULL,36,1515042000,58,'',1515134814,9),(1139,4,187,NULL,1135,NULL,36,1515042000,333,'',1515134841,9),(1140,4,184,NULL,1094,NULL,36,1515042000,333,'',1515134870,9),(1141,4,167,NULL,227,NULL,36,1515042000,333,'',1515134904,9),(1143,4,179,NULL,919,NULL,36,1515042000,59,'',1515135031,9),(1144,4,191,NULL,818,NULL,32,1514523600,111,'',1515136658,9),(1145,4,191,NULL,819,NULL,36,1514869200,111,'',1515136677,9),(1146,4,191,NULL,820,NULL,36,1514869200,39,'',1515136694,9),(1147,4,191,NULL,821,NULL,36,1515042000,60,'',1515136714,9),(1148,3,195,97,NULL,NULL,200,1515042000,0,'',1515136737,9),(1149,10,195,97,NULL,NULL,0,1515042000,0,'',1515136737,9),(1150,1,197,NULL,NULL,NULL,0,1515128400,53,'',1515139851,9),(1151,6,197,NULL,NULL,NULL,0,1515128400,53,'',1515139851,9),(1152,7,197,103,NULL,NULL,150,1515042000,0,'',1515139916,9),(1153,4,183,NULL,904,NULL,21,1515128400,333,'',1515147006,9),(1154,4,9,NULL,1392,NULL,400,1515128400,1111,'',1515147258,6),(1155,7,9,104,NULL,NULL,150,1515128400,222,'',1515147890,6),(1156,3,9,104,NULL,NULL,1250,1515128400,111,'',1515147906,6),(1157,10,9,104,NULL,NULL,0,1515128400,111,'',1515147906,6),(1158,4,178,NULL,732,NULL,36,1514869200,25,'',1515148390,9),(1159,4,178,NULL,733,NULL,324,1515128400,61,'',1515148405,9),(1160,4,182,NULL,806,NULL,36,1515128400,62,'',1515152015,9),(1161,4,172,NULL,743,NULL,468,1515128400,64,'',1515154143,9),(1162,7,172,105,NULL,NULL,150,1515128400,65,'',1515154205,9),(1163,1,198,NULL,NULL,NULL,0,1486270800,111,'',1515154509,6),(1164,6,198,NULL,NULL,NULL,0,1486270800,111,'',1515154509,6),(1166,7,198,106,NULL,NULL,150,1515128400,222,'',1515154703,6),(1167,3,198,106,NULL,NULL,750,1515128400,222,'',1515154731,6),(1168,10,198,106,NULL,NULL,0,1515128400,222,'',1515154731,6),(1172,1,199,NULL,NULL,NULL,0,1515128400,1111,'',1515159935,6),(1173,6,199,NULL,NULL,NULL,0,1515128400,1111,'',1515159935,6),(1174,4,62,NULL,958,NULL,83,1515128400,6,'',1515160198,9),(1175,4,140,NULL,69,NULL,1750,1515128400,4,'',1515160264,9),(1176,4,140,NULL,70,NULL,2240,1515128400,417,'',1515160332,9),(1177,3,197,103,NULL,NULL,150,1515128400,0,'',1515160515,9),(1178,10,197,103,NULL,NULL,0,1515128400,0,'',1515160515,9),(1179,3,169,102,NULL,NULL,250,1515128400,0,'',1515160535,9),(1180,10,169,102,NULL,NULL,0,1515128400,0,'',1515160535,9),(1181,7,190,107,NULL,NULL,150,1515128400,0,'',1515160609,9),(1182,3,190,107,NULL,NULL,150,1515128400,333,'',1515161201,9),(1183,10,190,107,NULL,NULL,0,1515128400,333,'',1515161201,9),(1184,4,190,NULL,764,NULL,50,1515128400,333,'',1515161396,9),(1185,4,190,NULL,763,NULL,97,1514696400,333,'',1515161455,9),(1186,4,180,NULL,511,NULL,36,1515128400,66,'',1515163227,9),(1187,4,166,NULL,576,NULL,36,1515128400,67,'',1515163815,9),(1188,4,187,NULL,1136,NULL,36,1515128400,333,'',1515223604,9),(1189,4,186,NULL,1002,NULL,71,1515128400,333,'',1515223670,9),(1190,4,184,NULL,1095,NULL,36,1515128400,333,'',1515223704,9),(1191,4,171,NULL,797,NULL,36,1515128400,333,'',1515223732,9),(1192,4,183,NULL,905,NULL,21,1515128400,333,'',1515223761,9),(1193,4,195,NULL,1378,NULL,36,1515128400,333,'',1515223797,9),(1194,4,167,NULL,228,NULL,36,1515128400,333,'',1515223828,9),(1196,7,192,108,NULL,NULL,150,1515214800,0,'',1515227366,9),(1197,4,168,NULL,986,NULL,32,1515214800,68,'',1515228358,9),(1198,7,161,109,NULL,NULL,150,1515214800,333,'',1515229972,9),(1199,4,176,NULL,1149,NULL,28,1515214800,69,'',1515239167,9),(1200,4,183,NULL,906,NULL,21,1515214800,333,'',1515239294,9),(1201,4,185,NULL,1231,NULL,18,1515214800,333,'',1515242531,9),(1202,1,200,NULL,NULL,NULL,0,1515214800,70,'',1515246113,9),(1203,6,200,NULL,NULL,NULL,0,1515214800,70,'',1515246113,9),(1204,7,200,110,NULL,NULL,150,1515214800,70,'',1515246147,9),(1205,3,172,105,NULL,NULL,250,1515214800,0,'',1515246172,9),(1206,10,172,105,NULL,NULL,0,1515214800,0,'',1515246172,9),(1207,1,201,NULL,NULL,NULL,0,1515214800,0,'',1515246365,9),(1208,6,201,NULL,NULL,NULL,0,1515214800,0,'',1515246365,9),(1209,7,201,111,NULL,NULL,150,1515214800,0,'',1515246404,9),(1210,4,171,NULL,798,NULL,36,1515214800,333,'',1515389079,9),(1211,4,171,NULL,799,NULL,36,1515301200,333,'',1515389093,9),(1212,4,169,NULL,1419,NULL,32,1515214800,333,'',1515389134,9),(1213,4,167,NULL,229,NULL,36,1515214800,333,'',1515389166,9),(1214,4,187,NULL,1137,NULL,36,1515214800,333,'',1515389200,9),(1215,4,180,NULL,512,NULL,36,1515214800,333,'',1515389229,9),(1216,4,197,NULL,1405,NULL,27,1515301200,333,'',1515389272,9),(1217,4,184,NULL,1096,NULL,36,1515301200,333,'',1515389311,9),(1218,4,195,NULL,1379,NULL,28,1515301200,333,'',1515389363,9),(1219,4,180,NULL,513,NULL,36,1515387600,333,'',1515390233,9),(1220,4,169,NULL,1420,NULL,36,1515387600,333,'',1515393236,9),(1223,4,191,NULL,822,NULL,36,1515387600,71,'',1515398824,9),(1224,1,202,NULL,NULL,NULL,0,1515387600,73,'',1515398984,9),(1225,6,202,NULL,NULL,NULL,0,1515387600,73,'',1515398984,9),(1226,7,202,112,NULL,NULL,150,1515387600,72,'',1515399033,9),(1227,4,171,NULL,800,NULL,144,1515387600,333,'',1515405813,9),(1228,7,171,113,NULL,NULL,150,1515387600,0,'',1515406178,9),(1229,3,200,110,NULL,NULL,150,1515387600,0,'',1515411803,9),(1230,10,200,110,NULL,NULL,0,1515387600,0,'',1515411803,9),(1231,1,203,NULL,NULL,NULL,0,1515387600,76,'',1515411957,9),(1232,6,203,NULL,NULL,NULL,0,1515387600,76,'',1515411957,9),(1233,7,203,114,NULL,NULL,150,1515387600,76,'',1515412001,9),(1234,7,175,115,NULL,NULL,150,1514782800,0,'',1515412946,9),(1235,3,175,115,NULL,NULL,150,1514955600,0,'',1515412977,9),(1236,10,175,115,NULL,NULL,0,1514955600,0,'',1515412977,9),(1238,7,101,116,NULL,NULL,150,1515387600,333,'',1515415741,6),(1239,3,101,116,NULL,NULL,750,1515387600,209,'',1515420261,6),(1240,10,101,116,NULL,NULL,0,1515387600,209,'',1515420261,6),(1241,1,204,NULL,NULL,NULL,0,1515387600,0,'',1515420948,9),(1242,6,204,NULL,NULL,NULL,0,1515387600,0,'',1515420948,9),(1243,4,154,NULL,49,NULL,1280,1515387600,111,'',1515434220,5),(1244,4,187,NULL,1138,NULL,36,1515387600,333,'',1515474042,9),(1245,4,184,NULL,1097,NULL,36,1515387600,333,'',1515474081,9),(1246,4,188,NULL,878,NULL,28,1515387600,333,'',1515474108,9),(1247,4,176,NULL,1150,NULL,336,1515387600,333,'',1515474163,9),(1248,7,176,117,NULL,NULL,150,1515474000,0,'',1515474249,9),(1249,4,197,NULL,1406,NULL,21,1515387600,333,'',1515474291,9),(1250,4,175,NULL,1476,NULL,173,1515387600,333,'',1515474318,9),(1251,4,168,NULL,987,NULL,468,1515387600,76,'',1515474364,9),(1252,3,203,114,NULL,NULL,150,1515387600,0,'',1515474394,9),(1253,10,203,114,NULL,NULL,0,1515387600,0,'',1515474394,9),(1254,7,204,118,NULL,NULL,150,1514782800,0,'',1515474682,9),(1255,3,204,118,NULL,NULL,250,1515387600,0,'',1515474700,9),(1256,10,204,118,NULL,NULL,0,1515387600,0,'',1515474700,9),(1257,1,205,NULL,NULL,NULL,0,1515474000,81,'',1515474801,9),(1258,6,205,NULL,NULL,NULL,0,1515474000,81,'',1515474801,9),(1259,7,205,119,NULL,NULL,150,1515474000,81,'',1515474834,9),(1260,7,171,120,NULL,NULL,150,1515387600,333,'',1515476871,9),(1261,1,206,NULL,NULL,NULL,0,1515474000,0,'',1515477618,9),(1262,6,206,NULL,NULL,NULL,0,1515474000,0,'',1515477618,9),(1263,7,206,121,NULL,NULL,150,1515387600,0,'',1515477684,9),(1264,4,193,NULL,888,NULL,32,1515387600,111,'',1515477766,9),(1265,4,59,NULL,117,NULL,900,1515387600,207,'',1515477916,9),(1266,3,171,120,NULL,NULL,500,1515474000,111,'',1515490557,6),(1267,10,171,120,NULL,NULL,0,1515474000,111,'',1515490557,6),(1268,3,205,119,NULL,NULL,500,1515474000,111,'',1515490724,6),(1269,10,205,119,NULL,NULL,0,1515474000,111,'',1515490724,6),(1271,4,167,NULL,231,NULL,36,1515474000,333,'',1515491727,9),(1272,3,192,108,NULL,NULL,500,1515474000,111,'',1515492878,6),(1273,10,192,108,NULL,NULL,0,1515474000,111,'',1515492878,6),(1274,7,168,122,NULL,NULL,150,1515474000,82,'',1515496781,9),(1275,4,169,NULL,1421,NULL,36,1515474000,83,'',1515499667,9),(1276,1,207,NULL,NULL,NULL,0,1515474000,84,'',1515501007,9),(1277,6,207,NULL,NULL,NULL,0,1515474000,84,'',1515501007,9),(1278,7,207,123,NULL,NULL,150,1515474000,84,'',1515501055,9),(1279,4,181,NULL,526,NULL,288,1515474000,85,'',1515502714,9),(1280,4,196,NULL,1294,NULL,36,1515128400,333,'',1515504654,9),(1281,4,196,NULL,1295,NULL,28,1515387600,72,'',1515504691,9),(1282,4,196,NULL,1296,NULL,28,1515474000,86,'',1515504704,9),(1283,3,201,111,NULL,NULL,200,1515474000,111,'',1515505460,6),(1284,10,201,111,NULL,NULL,0,1515474000,111,'',1515505460,6),(1285,3,206,121,NULL,NULL,150,1515387600,0,'',1515505767,9),(1286,10,206,121,NULL,NULL,0,1515387600,0,'',1515505767,9),(1287,4,206,NULL,1593,NULL,27,1515474000,87,'',1515505778,9),(1288,4,197,NULL,1407,NULL,21,1515474000,88,'',1515505803,9),(1289,4,200,NULL,1461,NULL,27,1515474000,89,'',1515505849,9),(1290,4,53,NULL,1270,NULL,1694,1515301200,2104,'',1515508729,6),(1291,4,154,NULL,50,NULL,1280,1515387600,1245,'',1515508890,6),(1292,4,59,NULL,118,NULL,900,1515387600,21450,'',1515508955,6),(1293,4,186,NULL,1003,NULL,71,1515474000,333,'',1515560748,9),(1294,4,195,NULL,1380,NULL,28,1515474000,333,'',1515560783,9),(1295,4,188,NULL,879,NULL,28,1515474000,333,'',1515560827,9),(1297,4,179,NULL,920,NULL,36,1515387600,333,'',1515561458,9),(1298,3,207,123,NULL,NULL,150,1515474000,0,'',1515561815,9),(1299,10,207,123,NULL,NULL,0,1515474000,0,'',1515561815,9),(1300,7,205,124,NULL,NULL,150,1515474000,0,'',1515564915,9),(1301,3,205,124,NULL,NULL,500,1515474000,0,'',1515564935,9),(1302,10,205,124,NULL,NULL,0,1515474000,0,'',1515564935,9),(1303,7,135,125,NULL,NULL,150,1514782800,1204,'',1515576083,6),(1304,2,151,NULL,NULL,781,0,1514869200,12,'',1515576407,6),(1305,1,208,NULL,NULL,NULL,1000,1515560400,0,'',1515581737,9),(1306,6,208,NULL,NULL,NULL,0,1515560400,0,'',1515581737,9),(1307,7,208,126,NULL,NULL,0,1515560400,0,'',1515581845,9),(1308,3,208,126,NULL,NULL,410,1515560400,0,'',1515581870,9),(1309,10,208,126,NULL,NULL,0,1515560400,0,'',1515581870,9),(1310,7,208,127,NULL,NULL,0,1515560400,2140,'',1515582378,6),(1311,3,208,127,NULL,NULL,413,1515560400,2140,'',1515582393,6),(1312,10,208,127,NULL,NULL,0,1515560400,2140,'',1515582393,6),(1313,4,175,NULL,1475,NULL,127,1515560400,91,'',1515589676,9),(1314,7,175,128,NULL,NULL,0,1515560400,91,'',1515589844,9),(1315,4,179,NULL,921,NULL,36,1515474000,333,'',1515590814,9),(1316,4,167,NULL,232,NULL,36,1515560400,333,'',1515593791,9),(1317,4,179,NULL,922,NULL,36,1515560400,333,'',1515593825,9),(1318,4,197,NULL,1408,NULL,21,1515560400,333,'',1515646888,9),(1319,4,184,NULL,1098,NULL,36,1515560400,333,'',1515646927,9),(1320,4,187,NULL,1139,NULL,36,1515560400,333,'',1515646979,9),(1321,4,171,NULL,1523,NULL,80,1515560400,333,'',1515647009,9),(1322,1,209,NULL,NULL,NULL,1000,1515646800,216,'',1515650337,6),(1323,6,209,NULL,NULL,NULL,0,1515646800,216,'',1515650337,6),(1324,4,185,NULL,1232,NULL,14,1515646800,333,'',1515672650,9),(1325,4,169,NULL,1422,NULL,36,1515646800,333,'',1515672704,9),(1326,4,195,NULL,1381,NULL,308,1515646800,333,'',1515672815,9),(1327,7,195,129,NULL,NULL,0,1515646800,97,'',1515673883,9),(1328,7,209,130,NULL,NULL,0,1515646800,0,'',1515674962,9),(1329,1,210,NULL,NULL,NULL,1000,1515646800,0,'',1515676120,9),(1330,6,210,NULL,NULL,NULL,0,1515646800,0,'',1515676120,9),(1331,4,184,NULL,1099,NULL,36,1515646800,333,'',1515732546,9),(1332,4,169,NULL,1423,NULL,36,1515646800,333,'',1515732575,9),(1333,4,187,NULL,1140,NULL,36,1515646800,333,'',1515732609,9),(1334,4,188,NULL,880,NULL,28,1515646800,333,'',1515732657,9),(1335,4,197,NULL,1409,NULL,21,1515646800,333,'',1515732682,9),(1336,4,179,NULL,923,NULL,36,1515646800,52,'',1515732726,9),(1337,7,210,131,NULL,NULL,0,1515646800,333,'',1515732840,9),(1338,7,175,132,NULL,NULL,0,1515646800,0,'',1515732917,9),(1339,3,175,132,NULL,NULL,100,1515646800,0,'',1515732951,9),(1340,10,175,132,NULL,NULL,0,1515646800,0,'',1515732951,9),(1341,1,211,NULL,NULL,NULL,1000,1515646800,0,'',1515733044,9),(1342,6,211,NULL,NULL,NULL,0,1515646800,0,'',1515733044,9),(1343,7,211,133,NULL,NULL,0,1515646800,0,'',1515733080,9),(1344,1,212,NULL,NULL,NULL,1000,1515646800,0,'',1515733303,9),(1345,6,212,NULL,NULL,NULL,0,1515646800,0,'',1515733303,9),(1346,7,212,134,NULL,NULL,0,1515733200,0,'',1515733683,9),(1347,4,167,NULL,233,NULL,36,1515733200,333,'',1515761537,9),(1348,4,164,NULL,1336,NULL,18,1515733200,333,'',1515761582,9),(1349,4,192,NULL,1558,NULL,120,1515733200,53,'',1515761615,9),(1350,4,206,NULL,1594,NULL,21,1515733200,59,'',1515761649,9),(1352,7,176,135,NULL,NULL,0,1515387600,111,'',1515762029,9),(1353,3,176,135,NULL,NULL,250,1515646800,0,'',1515762118,9),(1354,10,176,135,NULL,NULL,0,1515646800,0,'',1515762118,9),(1355,4,62,NULL,959,NULL,71,1515733200,219,'',1515765426,9),(1356,4,180,NULL,514,NULL,36,1515733200,333,'',1515766636,9),(1358,1,213,NULL,NULL,NULL,1000,1515733200,0,'',1515769373,9),(1359,6,213,NULL,NULL,NULL,0,1515733200,0,'',1515769373,9),(1360,7,213,136,NULL,NULL,0,1515733200,0,'',1515769403,9),(1361,4,184,NULL,1100,NULL,36,1515801600,333,'',1515994023,9),(1362,3,213,136,NULL,NULL,100,1515801600,0,'',1516007802,9),(1363,10,213,136,NULL,NULL,0,1515801600,0,'',1516007802,9),(1364,4,213,NULL,1773,NULL,18,1515974400,66,'',1516007878,9),(1365,1,214,NULL,NULL,NULL,1000,1515974400,0,'',1516008911,9),(1366,6,214,NULL,NULL,NULL,0,1515974400,0,'',1516008911,9),(1367,7,214,137,NULL,NULL,0,1515974400,0,'',1516008947,9),(1368,7,214,138,NULL,NULL,0,1515974400,0,'',1516009779,9),(1369,7,210,139,NULL,NULL,0,1515974400,0,'',1516009899,9),(1370,1,215,NULL,NULL,NULL,1000,1516320000,333,'',1516617480,9),(1371,6,215,NULL,NULL,NULL,0,1516320000,333,'',1516617480,9),(1372,7,215,140,NULL,NULL,0,1516406400,333,'',1516617567,9),(1373,7,215,141,NULL,NULL,0,1516320000,333,'',1516617782,9),(1374,1,216,NULL,NULL,NULL,1000,1516320000,333,'',1516617929,9),(1375,6,216,NULL,NULL,NULL,0,1516320000,333,'',1516617929,9),(1376,7,216,142,NULL,NULL,0,1516320000,333,'',1516617993,9),(1377,1,217,NULL,NULL,NULL,1000,1516579200,3333,'',1516618083,9),(1378,6,217,NULL,NULL,NULL,0,1516579200,3333,'',1516618083,9),(1379,7,217,143,NULL,NULL,0,1516579200,333,'',1516618123,9),(1380,1,218,NULL,NULL,NULL,1000,1516406400,333,'',1516618196,9),(1381,6,218,NULL,NULL,NULL,0,1516406400,333,'',1516618196,9),(1382,7,218,144,NULL,NULL,0,1516320000,222,'',1516618257,9),(1383,4,15,NULL,21,NULL,750,1515888000,1111,'',1516618264,6),(1384,4,9,NULL,1394,NULL,770,1515974400,1111,'',1516618334,6),(1386,1,219,NULL,NULL,NULL,1000,1516320000,333,'',1516618520,9),(1387,6,219,NULL,NULL,NULL,0,1516320000,333,'',1516618520,9),(1388,7,219,145,NULL,NULL,0,1516579200,333,'',1516618590,9),(1390,7,178,146,NULL,NULL,0,1516147200,222,'',1516619212,9),(1391,3,178,146,NULL,NULL,150,1516406400,333,'',1516619260,9),(1392,10,178,146,NULL,NULL,0,1516406400,333,'',1516619260,9),(1393,3,214,138,NULL,NULL,400,1516233600,333,'',1516619311,9),(1394,10,214,138,NULL,NULL,0,1516233600,333,'',1516619311,9),(1395,7,215,147,NULL,NULL,0,1516320000,333,'',1516619485,9),(1396,3,216,142,NULL,NULL,250,1516406400,333,'',1516619535,9),(1397,10,216,142,NULL,NULL,0,1516406400,333,'',1516619535,9),(1398,4,216,NULL,1830,NULL,32,1516492800,333,'',1516619553,9),(1399,4,216,NULL,1831,NULL,36,1516492800,333,'',1516619568,9),(1400,1,220,NULL,NULL,NULL,1000,1516579200,9,'',1516619955,9),(1401,6,220,NULL,NULL,NULL,0,1516579200,9,'',1516619955,9),(1402,3,209,130,NULL,NULL,250,1484870400,333,'',1516620177,9),(1403,10,209,130,NULL,NULL,0,1484870400,333,'',1516620177,9),(1404,3,211,133,NULL,NULL,250,1516320000,333,'',1516620202,9),(1405,10,211,133,NULL,NULL,0,1516320000,333,'',1516620202,9),(1406,3,210,139,NULL,NULL,500,1516320000,333,'',1516620227,9),(1407,10,210,139,NULL,NULL,0,1516320000,333,'',1516620227,9),(1408,4,178,NULL,1788,NULL,27,1516665600,36,'',1516701566,9),(1409,4,164,NULL,1337,NULL,182,1516665600,6,'',1516701594,9),(1410,1,221,NULL,NULL,NULL,1000,1515801600,333,'',1516701830,9),(1411,6,221,NULL,NULL,NULL,0,1515801600,333,'',1516701830,9),(1412,7,221,148,NULL,NULL,0,1515801600,222,'',1516701896,9),(1415,4,200,NULL,1462,NULL,21,1515628800,333,'',1516702348,9),(1416,4,200,NULL,1463,NULL,21,1515715200,333,'',1516702360,9),(1417,4,200,NULL,1464,NULL,21,1515801600,333,'',1516702373,9),(1418,4,200,NULL,1465,NULL,21,1516060800,333,'',1516702455,9),(1419,4,200,NULL,1466,NULL,189,1516233600,333,'',1516702473,9),(1420,7,192,149,NULL,NULL,0,1516665600,111,'',1516702499,6),(1421,3,192,149,NULL,NULL,1500,1515542400,1111,'',1516702516,6),(1422,10,192,149,NULL,NULL,0,1515542400,1111,'',1516702516,6),(1423,7,200,150,NULL,NULL,0,1516320000,20,'',1516702535,9),(1424,7,175,151,NULL,NULL,0,1516665600,1111,'',1516702679,6),(1425,3,175,151,NULL,NULL,1500,1515628800,1111,'',1516702706,6),(1426,10,175,151,NULL,NULL,0,1515628800,1111,'',1516702706,6),(1427,7,195,152,NULL,NULL,0,1516320000,222,'',1516702744,9),(1428,3,195,152,NULL,NULL,225,1516406400,333,'',1516702768,9),(1429,10,195,152,NULL,NULL,0,1516406400,333,'',1516702768,9),(1430,4,180,NULL,515,NULL,180,1516406400,25,'',1516702846,9),(1431,4,184,NULL,1101,NULL,36,1515974400,333,'',1516703361,9),(1432,4,184,NULL,1102,NULL,260,1515974400,333,'',1516703375,9),(1433,4,184,NULL,1103,NULL,100,1516060800,333,'',1516703394,9),(1434,7,184,153,NULL,NULL,0,1516665600,333,'',1516703493,9),(1435,3,184,153,NULL,NULL,350,1516060800,333,'',1516703517,9),(1436,10,184,153,NULL,NULL,0,1516060800,333,'',1516703517,9),(1437,4,184,NULL,1926,NULL,50,1516147200,333,'',1516703594,9),(1438,4,184,NULL,1927,NULL,50,1516233600,333,'',1516703606,9),(1441,4,166,NULL,577,NULL,396,1515888000,333,'',1516703673,9),(1442,4,211,NULL,1858,NULL,32,1515801600,333,'',1516704038,9),(1443,4,211,NULL,1859,NULL,36,1515888000,333,'',1516704051,9),(1444,4,211,NULL,1860,NULL,36,1516060800,333,'',1516704069,9),(1446,4,211,NULL,1861,NULL,36,1516147200,333,'',1516704139,9),(1447,4,211,NULL,1862,NULL,36,1516406400,333,'',1516704169,9),(1448,4,213,NULL,1774,NULL,14,1516060800,333,'',1516704664,9),(1449,4,213,NULL,1775,NULL,14,1516147200,333,'',1516704677,9),(1450,4,213,NULL,1776,NULL,14,1516233600,333,'',1516704689,9),(1451,4,213,NULL,1777,NULL,14,1516320000,333,'',1516704702,9),(1453,4,185,NULL,1233,NULL,168,1516320000,333,'',1516704851,9),(1454,4,179,NULL,924,NULL,36,1515715200,333,'',1516704990,9),(1455,4,179,NULL,925,NULL,36,1516233600,333,'',1516705003,9),(1456,4,179,NULL,926,NULL,144,1516492800,333,'',1516705014,9),(1457,4,171,NULL,1524,NULL,71,1515715200,333,'',1516786801,9),(1458,4,171,NULL,1525,NULL,71,1515801600,333,'',1516786812,9),(1459,4,171,NULL,1526,NULL,71,1515888000,333,'',1516786827,9),(1460,4,171,NULL,1527,NULL,71,1515974400,333,'',1516786838,9),(1461,4,171,NULL,1528,NULL,71,1516147200,333,'',1516786852,9),(1462,4,171,NULL,1529,NULL,71,1516320000,333,'',1516786865,9),(1463,4,171,NULL,1530,NULL,71,1516406400,333,'',1516786876,9),(1464,4,171,NULL,1531,NULL,71,1516579200,333,'',1516786888,9),(1465,4,175,NULL,1745,NULL,18,1516320000,333,'',1516786924,9),(1466,4,167,NULL,234,NULL,36,1515801600,333,'',1516786976,9),(1467,4,167,NULL,235,NULL,36,1515888000,333,'',1516786993,9),(1468,4,167,NULL,236,NULL,36,1516060800,333,'',1516787011,9),(1469,4,167,NULL,230,NULL,144,1515369600,333,'',1516787078,9),(1470,4,207,NULL,1610,NULL,27,1516147200,333,'',1516787174,9),(1471,4,207,NULL,1611,NULL,273,1516752000,333,'',1516787183,9),(1472,7,209,154,NULL,NULL,0,1515715200,333,'',1516787318,9),(1473,3,209,154,NULL,NULL,250,1515801600,333,'',1516787343,9),(1474,10,209,154,NULL,NULL,0,1515801600,333,'',1516787343,9),(1475,4,183,NULL,903,NULL,21,1514851200,333,'',1516787492,9),(1476,4,183,NULL,907,NULL,21,1515801600,333,'',1516787514,9),(1477,4,183,NULL,908,NULL,21,1516060800,333,'',1516787535,9),(1478,4,183,NULL,909,NULL,147,1516579200,11,'',1516787577,9),(1479,4,182,NULL,807,NULL,36,1515974400,333,'',1516787894,9),(1480,4,182,NULL,808,NULL,36,1516320000,333,'',1516787905,9),(1481,4,182,NULL,809,NULL,36,1516579200,333,'',1516787924,9),(1482,4,196,NULL,1297,NULL,28,1515974400,333,'',1516788809,9),(1483,4,196,NULL,1298,NULL,280,1516147200,333,'',1516789330,9),(1484,4,197,NULL,1410,NULL,21,1515801600,333,'',1516789561,9),(1485,4,197,NULL,1411,NULL,21,1515888000,333,'',1516789574,9),(1486,4,197,NULL,1412,NULL,21,1515974400,333,'',1516789590,9),(1487,4,197,NULL,1413,NULL,21,1516147200,333,'',1516789605,9),(1488,4,197,NULL,1414,NULL,21,1516406400,333,'',1516789621,9),(1489,4,197,NULL,1415,NULL,21,1516752000,333,'',1516789638,9),(1490,4,216,NULL,1832,NULL,36,1516665600,333,'',1516797278,9),(1491,4,186,NULL,1004,NULL,71,1516665600,333,'',1516797468,9),(1492,4,184,NULL,1928,NULL,50,1516665600,333,'',1516797788,9),(1493,4,172,NULL,1447,NULL,32,1515974400,333,'',1516797974,9),(1494,4,172,NULL,1448,NULL,468,1516579200,333,'',1516797984,9),(1495,4,169,NULL,1424,NULL,36,1515801600,333,'',1516798090,9),(1496,4,169,NULL,1425,NULL,36,1515888000,333,'',1516798105,9),(1497,4,169,NULL,1426,NULL,36,1516060800,333,'',1516798118,9),(1498,4,169,NULL,1427,NULL,36,1516147200,333,'',1516798130,9),(1499,4,169,NULL,1428,NULL,36,1516233600,800,'',1516798144,9),(1500,4,169,NULL,1429,NULL,144,1516665600,333,'',1516798160,9),(1502,4,195,NULL,1912,NULL,34,1516752000,333,'',1516798327,9),(1503,4,204,NULL,1509,NULL,32,1515974400,333,'',1516798877,9),(1504,4,190,NULL,1433,NULL,27,1515369600,333,'',1516798961,9),(1505,4,190,NULL,1434,NULL,21,1515628800,333,'',1516798973,9),(1506,4,173,NULL,299,NULL,36,1515715200,26,'',1516799254,9),(1507,4,189,NULL,776,NULL,36,1514505600,333,'',1516799506,9),(1508,4,192,NULL,1559,NULL,1280,1517011200,333,'',1517041649,9),(1509,4,206,NULL,1595,NULL,21,1515888000,333,'',1517041736,9),(1510,4,206,NULL,1596,NULL,21,1516060800,333,'',1517041758,9),(1511,4,206,NULL,1597,NULL,21,1516147200,333,'',1517041800,9),(1512,4,206,NULL,1598,NULL,21,1515456000,333,'',1517041827,9),(1513,4,206,NULL,1599,NULL,21,1515542400,333,'',1517041837,9),(1514,4,206,NULL,1600,NULL,21,1516924800,333,'',1517041851,9),(1515,4,206,NULL,1601,NULL,21,1516320000,333,'',1517041895,9),(1516,4,187,NULL,1141,NULL,36,1515801600,333,'',1517042205,9),(1517,4,187,NULL,1142,NULL,36,1515888000,333,'',1517042220,9),(1518,4,187,NULL,1143,NULL,36,1515024000,333,'',1517042246,9),(1519,4,187,NULL,1144,NULL,144,1516147200,333,'',1517042263,9),(1520,7,187,155,NULL,NULL,0,1517011200,333,'',1517042368,9),(1521,3,187,155,NULL,NULL,250,1516233600,333,'',1517042400,9),(1522,10,187,155,NULL,NULL,0,1516233600,333,'',1517042400,9),(1523,4,184,NULL,1929,NULL,50,1516752000,333,'',1517042567,9),(1525,4,210,NULL,1872,NULL,83,1517011200,333,'',1517291498,9),(1526,4,214,NULL,1802,NULL,61,1517184000,333,'',1517291536,9),(1529,4,214,NULL,1803,NULL,739,1517270400,333,'',1517310863,9),(1530,4,214,NULL,1804,NULL,800,1517270400,333,'',1517310897,9),(1531,3,217,143,NULL,NULL,250,1516924800,333,'',1517311599,9),(1532,10,217,143,NULL,NULL,0,1516924800,333,'',1517311599,9),(1533,4,217,NULL,1968,NULL,32,1517011200,333,'',1517311623,9),(1534,4,217,NULL,1969,NULL,36,1517097600,333,'',1517311639,9),(1535,4,217,NULL,1970,NULL,36,1517184000,333,'',1517311656,9),(1536,7,220,156,NULL,NULL,0,1516665600,333,'',1517312443,9),(1537,7,200,157,NULL,NULL,0,1515801600,333,'',1517315492,9),(1538,3,200,157,NULL,NULL,250,1516752000,333,'',1517315520,9),(1539,10,200,157,NULL,NULL,0,1516752000,333,'',1517315520,9),(1540,4,200,NULL,1982,NULL,32,1516924800,333,'',1517315545,9),(1541,4,200,NULL,1983,NULL,36,1517270400,35,'',1517315562,9),(1542,7,169,158,NULL,NULL,0,1517270400,36,'',1517315964,9),(1543,7,196,159,NULL,NULL,0,1517184000,333,'',1517316065,9),(1544,4,204,NULL,1510,NULL,468,1517270400,333,'',1517317377,9),(1545,3,169,158,NULL,NULL,250,1517270400,1111,'',1517319387,6),(1546,10,169,158,NULL,NULL,0,1517270400,1111,'',1517319387,6),(1547,3,196,159,NULL,NULL,250,1517270400,1111,'',1517319408,6),(1548,10,196,159,NULL,NULL,0,1517270400,1111,'',1517319408,6),(1549,3,221,148,NULL,NULL,200,1517270400,1111,'',1517319439,6),(1550,10,221,148,NULL,NULL,0,1517270400,1111,'',1517319439,6),(1551,1,222,NULL,NULL,NULL,1000,1517270400,333,'',1517319830,9),(1552,6,222,NULL,NULL,NULL,0,1517270400,333,'',1517319830,9),(1553,7,222,160,NULL,NULL,0,1517270400,333,'',1517319999,9),(1554,1,223,NULL,NULL,NULL,1000,1515974400,333,'',1517320490,9),(1555,6,223,NULL,NULL,NULL,0,1515974400,333,'',1517320490,9),(1556,7,223,161,NULL,NULL,0,1517270400,333,'',1517320593,9),(1557,3,223,161,NULL,NULL,200,1515974400,333,'',1517320631,9),(1558,10,223,161,NULL,NULL,0,1515974400,333,'',1517320631,9),(1559,4,223,NULL,2038,NULL,36,1516320000,333,'',1517320657,9),(1560,4,223,NULL,2039,NULL,364,1517270400,333,'',1517320809,9),(1561,7,223,162,NULL,NULL,0,1517270400,333,'',1517320887,9),(1562,4,192,NULL,1560,NULL,150,1517270400,333,'',1517321941,9),(1563,4,192,NULL,1561,NULL,50,1517270400,333,'',1517321988,9),(1564,4,182,NULL,810,NULL,36,1517270400,333,'',1517322142,9),(1565,4,217,NULL,1971,NULL,36,1517356800,333,'',1517549030,9),(1566,4,217,NULL,1972,NULL,36,1517443200,333,'',1517549044,9),(1567,4,196,NULL,2010,NULL,32,1517356800,333,'',1517549431,9),(1568,4,216,NULL,1833,NULL,396,1517443200,333,'',1517549516,9),(1569,4,210,NULL,1873,NULL,71,1517443200,333,'',1517549544,9),(1570,7,214,163,NULL,NULL,0,1517443200,333,'',1517549671,9),(1571,4,169,NULL,1996,NULL,32,1517443200,333,'',1517549863,9),(1574,4,74,NULL,1282,NULL,600,1516665600,111,'',1517550810,9),(1575,4,74,NULL,1283,NULL,874,1517356800,111,'',1517550833,9),(1576,4,9,NULL,1395,NULL,760,1516492800,111,'',1517550972,9),(1577,4,9,NULL,1396,NULL,400,1516579200,111,'',1517551000,9),(1578,4,9,NULL,1397,NULL,500,1517270400,111,'',1517551027,9),(1579,4,88,NULL,221,NULL,750,1516752000,111,'',1517551201,9),(1580,4,145,NULL,11,NULL,750,1517184000,111,'',1517551662,9),(1581,4,9,NULL,1398,NULL,760,1515974400,111,'',1517552145,9),(1582,4,154,NULL,51,NULL,1280,1517443200,111,'',1517552628,9),(1583,4,189,NULL,777,NULL,364,1514592000,333,'',1517561045,9),(1584,4,193,NULL,889,NULL,36,1517011200,26,'',1517561269,9),(1589,4,188,NULL,881,NULL,28,1515888000,333,'',1517571101,9),(1590,4,188,NULL,882,NULL,168,1484524800,333,'',1517571124,9),(1591,7,188,164,NULL,NULL,0,1516406400,333,'',1517571192,9),(1592,3,188,164,NULL,NULL,250,1516924800,333,'',1517571218,9),(1593,10,188,164,NULL,NULL,0,1516924800,333,'',1517571218,9),(1594,4,188,NULL,2055,NULL,32,1517184000,333,'',1517571293,9),(1595,4,188,NULL,2056,NULL,36,1517529600,333,'',1517571305,9),(1596,4,195,NULL,1913,NULL,32,1517270400,333,'',1517918088,9),(1597,4,195,NULL,1914,NULL,32,1517529600,333,'',1517918099,9),(1598,4,195,NULL,1915,NULL,32,1517702400,333,'',1517918113,9),(1599,4,221,NULL,2024,NULL,36,1517875200,66,'',1517918183,9),(1601,4,184,NULL,1930,NULL,50,1516838400,333,'',1517918521,9),(1602,4,184,NULL,1931,NULL,50,1516924800,333,'',1517918561,9),(1603,4,184,NULL,1932,NULL,50,1517011200,333,'',1517918582,9),(1604,4,184,NULL,1933,NULL,50,1517097600,333,'',1517918620,9),(1605,4,184,NULL,1934,NULL,50,1517184000,333,'',1517918641,9),(1606,4,184,NULL,1935,NULL,50,1517270400,333,'',1517918657,9),(1607,4,184,NULL,1936,NULL,50,1517356800,333,'',1517918679,9),(1608,4,184,NULL,1937,NULL,50,1517443200,333,'',1517918694,9),(1609,4,184,NULL,1938,NULL,50,1517616000,333,'',1517918719,9),(1610,4,184,NULL,1939,NULL,50,1517788800,333,'',1517918735,9),(1612,4,182,NULL,811,NULL,36,1517875200,64,'',1517919035,9),(1613,4,62,NULL,960,NULL,71,1517270400,69,'',1517919134,9),(1614,4,62,NULL,961,NULL,71,1517875200,65,'',1517919154,9),(1615,4,217,NULL,1973,NULL,36,1517529600,333,'',1517919195,9),(1616,4,217,NULL,1974,NULL,36,1517616000,333,'',1517919207,9),(1617,4,217,NULL,1975,NULL,36,1517788800,333,'',1517919222,9),(1618,4,168,NULL,1350,NULL,1700,1517788800,105,'',1517919319,9),(1619,4,53,NULL,1271,NULL,1696,1517788800,111,'',1517919354,9),(1620,4,208,NULL,1742,NULL,1274,1517788800,111,'',1517919419,9),(1622,7,214,165,NULL,NULL,0,1517529600,111,'',1517919613,9),(1623,3,214,165,NULL,NULL,450,1517875200,111,'',1517919632,9),(1624,10,214,165,NULL,NULL,0,1517875200,111,'',1517919632,9),(1625,7,183,166,NULL,NULL,0,1517184000,111,'',1517919833,9),(1626,3,183,166,NULL,NULL,150,1517875200,111,'',1517919850,9),(1627,10,183,166,NULL,NULL,0,1517875200,111,'',1517919850,9),(1628,4,169,NULL,1997,NULL,36,1517702400,333,'',1517920303,9),(1629,4,192,NULL,1900,NULL,2000,1517875200,36,'',1517978815,9),(1630,4,200,NULL,1984,NULL,36,1517529600,333,'',1517980520,9),(1631,4,169,NULL,1998,NULL,36,1517788800,333,'',1517980683,9),(1632,4,217,NULL,1976,NULL,36,1517875200,333,'',1517980734,9),(1633,4,187,NULL,1954,NULL,32,1516320000,333,'',1517981225,9),(1635,4,187,NULL,1955,NULL,36,1516406400,333,'',1517981307,9),(1636,4,187,NULL,1956,NULL,36,1516665600,333,'',1517981325,9),(1637,4,187,NULL,1957,NULL,36,1516752000,333,'',1517981366,9),(1638,4,187,NULL,1958,NULL,36,1516838400,333,'',1517981390,9),(1639,4,187,NULL,1959,NULL,36,1516924800,333,'',1517981411,9),(1640,4,187,NULL,1960,NULL,36,1517097600,333,'',1517981429,9),(1641,4,187,NULL,1961,NULL,36,1517184000,333,'',1517981451,9),(1642,4,187,NULL,1962,NULL,36,1514851200,333,'',1517981471,9),(1643,4,178,NULL,1789,NULL,21,1516838400,333,'',1517982054,9),(1644,4,178,NULL,1790,NULL,21,1517011200,333,'',1517982071,9),(1645,4,178,NULL,1791,NULL,21,1517270400,333,'',1517982086,9),(1646,4,168,NULL,1351,NULL,1700,1517875200,108,'',1517982146,9),(1647,1,224,NULL,NULL,NULL,1000,1517875200,23,'',1517982542,9),(1648,6,224,NULL,NULL,NULL,0,1517875200,23,'',1517982542,9),(1649,7,224,167,NULL,NULL,0,1517875200,36,'',1517982621,9),(1650,1,225,NULL,NULL,NULL,1000,1517788800,333,'',1517982708,9),(1651,6,225,NULL,NULL,NULL,0,1517788800,333,'',1517982708,9),(1652,7,225,168,NULL,NULL,0,1517788800,333,'',1517982765,9),(1653,4,182,NULL,812,NULL,216,1516924800,333,'',1517982920,9),(1654,4,175,NULL,1746,NULL,14,1516924800,333,'',1517983157,9),(1655,4,175,NULL,1747,NULL,168,1517875200,333,'',1517983185,9),(1656,4,194,NULL,1308,NULL,27,1516838400,333,'',1517983459,9),(1657,4,194,NULL,1309,NULL,203,1517270400,333,'',1517983468,9),(1658,4,194,NULL,1310,NULL,70,1517443200,333,'',1517983527,9),(1659,7,194,169,NULL,NULL,0,1517270400,333,'',1517983578,9),(1660,3,194,169,NULL,NULL,200,1517616000,333,'',1517983612,9),(1661,10,194,169,NULL,NULL,0,1517616000,333,'',1517983612,9),(1662,4,53,NULL,1272,NULL,1696,1517961600,111,'',1517984405,9),(1663,7,184,170,NULL,NULL,0,1517875200,333,'',1517984582,9),(1664,4,190,NULL,1435,NULL,21,1516924800,333,'',1517984641,9),(1665,4,191,NULL,823,NULL,36,1515024000,333,'',1517994444,9),(1666,4,191,NULL,824,NULL,36,1517270400,111,'',1517994471,9),(1668,4,191,NULL,825,NULL,36,1515110400,333,'',1517994564,9),(1669,4,191,NULL,826,NULL,36,1515542400,333,'',1517994616,9),(1670,4,191,NULL,827,NULL,80,1515628800,333,'',1517994634,9),(1671,4,191,NULL,828,NULL,100,1515974400,333,'',1517994651,9),(1672,7,191,171,NULL,NULL,0,1516752000,333,'',1517994744,9),(1673,3,191,171,NULL,NULL,100,1516924800,333,'',1517994763,9),(1674,10,191,171,NULL,NULL,0,1516924800,333,'',1517994763,9),(1675,4,191,NULL,2122,NULL,18,1517184000,333,'',1517994779,9),(1677,4,191,NULL,2123,NULL,14,1517270400,333,'',1517994827,9),(1678,4,191,NULL,2124,NULL,14,1517356800,333,'',1517994840,9),(1679,4,191,NULL,2125,NULL,14,1517443200,333,'',1517994854,9),(1680,4,191,NULL,2126,NULL,14,1517875200,333,'',1517994866,9),(1681,4,213,NULL,1778,NULL,14,1516406400,333,'',1517995995,9),(1682,4,213,NULL,1779,NULL,14,1516579200,333,'',1517996018,9),(1683,4,213,NULL,1780,NULL,14,1516665600,333,'',1517996049,9),(1684,4,213,NULL,1781,NULL,14,1517011200,333,'',1517996073,9),(1685,4,213,NULL,1782,NULL,70,1517356800,333,'',1517996090,9),(1686,1,226,NULL,NULL,NULL,1000,1517961600,72,'',1517999813,9),(1687,6,226,NULL,NULL,NULL,0,1517961600,72,'',1517999813,9),(1688,7,226,172,NULL,NULL,0,1517961600,72,'',1517999892,9),(1689,4,210,NULL,1874,NULL,1396,1517961600,333,'',1518001191,9),(1690,4,210,NULL,1875,NULL,450,1517961600,333,'',1518001240,9),(1691,4,217,NULL,1977,NULL,36,1517961600,333,'',1518155525,9),(1692,4,217,NULL,1978,NULL,144,1518048000,333,'',1518155545,9),(1693,7,172,173,NULL,NULL,0,1517011200,222,'',1518155721,9),(1694,3,172,173,NULL,NULL,250,1517011200,333,'',1518155765,9),(1695,10,172,173,NULL,NULL,0,1517011200,333,'',1518155765,9),(1696,4,172,NULL,2136,NULL,32,1518048000,222,'',1518155787,9),(1697,7,185,174,NULL,NULL,0,1518048000,333,'',1518155843,9),(1698,3,185,174,NULL,NULL,100,1518048000,333,'',1518155864,9),(1699,10,185,174,NULL,NULL,0,1518048000,333,'',1518155864,9),(1700,4,187,NULL,1963,NULL,36,1517961600,333,'',1518155956,9),(1702,4,169,NULL,1999,NULL,36,1517961600,333,'',1518156104,9),(1703,3,184,170,NULL,NULL,350,1518048000,333,'',1518156136,9),(1704,10,184,170,NULL,NULL,0,1518048000,333,'',1518156136,9),(1705,3,223,162,NULL,NULL,250,1518048000,333,'',1518156152,9),(1706,10,223,162,NULL,NULL,0,1518048000,333,'',1518156152,9),(1707,3,224,167,NULL,NULL,250,1518048000,333,'',1518156171,9),(1708,10,224,167,NULL,NULL,0,1518048000,333,'',1518156171,9),(1709,7,225,175,NULL,NULL,0,1517788800,333,'',1518156264,9),(1710,3,225,175,NULL,NULL,200,1518048000,333,'',1518156284,9),(1711,10,225,175,NULL,NULL,0,1518048000,333,'',1518156284,9),(1712,4,183,NULL,2094,NULL,27,1518048000,333,'',1518156336,9),(1714,7,167,176,NULL,NULL,0,1516838400,333,'',1518156766,9),(1715,3,167,176,NULL,NULL,100,1516838400,333,'',1518156794,9),(1716,10,167,176,NULL,NULL,0,1516838400,333,'',1518156794,9),(1717,4,167,NULL,2227,NULL,18,1516924800,333,'',1518156826,9),(1719,4,167,NULL,2228,NULL,14,1517011200,333,'',1518156855,9),(1720,4,167,NULL,2229,NULL,14,1517097600,333,'',1518156868,9),(1721,4,167,NULL,2230,NULL,14,1517184000,333,'',1518156880,9),(1722,4,167,NULL,2231,NULL,14,1517270400,333,'',1518156896,9),(1723,4,167,NULL,2232,NULL,14,1517356800,333,'',1518156910,9),(1724,4,167,NULL,2233,NULL,14,1517529600,333,'',1518156928,9),(1725,4,167,NULL,2234,NULL,14,1517702400,333,'',1518156943,9),(1726,4,167,NULL,2235,NULL,44,1517788800,333,'',1518156960,9),(1727,4,167,NULL,2236,NULL,40,1517961600,333,'',1518156973,9),(1728,4,177,NULL,646,NULL,36,1513382400,333,'',1518179011,9),(1729,4,177,NULL,647,NULL,36,1516233600,333,'',1518179059,9),(1731,4,196,NULL,2011,NULL,36,1517443200,333,'',1518426059,9),(1732,4,196,NULL,2012,NULL,36,1517961600,333,'',1518426075,9),(1733,4,209,NULL,1940,NULL,32,1517011200,333,'',1518426125,9),(1734,4,209,NULL,1941,NULL,468,1518220800,333,'',1518426161,9),(1735,4,169,NULL,2001,NULL,36,1518220800,333,'',1518426256,9),(1736,4,194,NULL,2108,NULL,36,1518220800,333,'',1518426397,9),(1737,4,225,NULL,2213,NULL,36,1518134400,333,'',1518426663,9),(1738,4,225,NULL,2214,NULL,28,1518220800,333,'',1518426673,9),(1739,4,225,NULL,2215,NULL,28,1518307200,333,'',1518426690,9),(1740,7,217,177,NULL,NULL,0,1517529600,333,'',1518426775,9),(1741,1,227,NULL,NULL,NULL,1000,1518393600,333,'',1518427048,9),(1742,6,227,NULL,NULL,NULL,0,1518393600,333,'',1518427048,9),(1743,1,228,NULL,NULL,NULL,1000,1517356800,333,'',1518427198,9),(1744,6,228,NULL,NULL,NULL,0,1517356800,333,'',1518427198,9),(1745,4,208,NULL,1743,NULL,50,1518307200,111,'',1518427402,9),(1746,4,171,NULL,1532,NULL,71,1516665600,333,'',1518428964,9),(1747,4,171,NULL,1533,NULL,71,1516838400,333,'',1518428984,9),(1748,4,171,NULL,1534,NULL,71,1516924800,333,'',1518429003,9),(1749,4,171,NULL,1535,NULL,71,1517184000,333,'',1518429033,9),(1750,4,171,NULL,1536,NULL,71,1517270400,333,'',1518429123,9),(1751,4,171,NULL,1537,NULL,71,1517356800,333,'',1518429145,9),(1752,4,171,NULL,1538,NULL,426,1517702400,333,'',1518429162,9),(1753,7,171,178,NULL,NULL,0,1517097600,333,'',1518439669,9),(1754,3,171,178,NULL,NULL,500,1517184000,333,'',1518439718,9),(1755,10,171,178,NULL,NULL,0,1517184000,333,'',1518439718,9),(1756,7,171,179,NULL,NULL,0,1517097600,333,'',1518439772,9),(1757,3,171,179,NULL,NULL,500,1517184000,333,'',1518439797,9),(1758,10,171,179,NULL,NULL,0,1517184000,333,'',1518439797,9),(1759,4,171,NULL,2256,NULL,80,1517270400,333,'',1518439833,9),(1760,4,171,NULL,2257,NULL,71,1517356800,333,'',1518439853,9),(1761,4,171,NULL,2258,NULL,71,1517443200,333,'',1518439890,9),(1762,4,171,NULL,2259,NULL,71,1517702400,333,'',1518439903,9),(1763,4,171,NULL,2260,NULL,71,1517875200,333,'',1518439918,9),(1764,4,171,NULL,2261,NULL,71,1518393600,333,'',1518439936,9),(1765,4,196,NULL,2013,NULL,36,1518393600,333,'',1518439983,9),(1766,4,169,NULL,2000,NULL,36,1517529600,333,'',1518440294,9),(1767,1,229,NULL,NULL,NULL,1000,1518393600,333,'',1518440865,9),(1768,6,229,NULL,NULL,NULL,0,1518393600,333,'',1518440865,9),(1769,1,230,NULL,NULL,NULL,1000,1518393600,333,'',1518441005,9),(1770,6,230,NULL,NULL,NULL,0,1518393600,333,'',1518441005,9),(1771,7,230,180,NULL,NULL,0,1518393600,333,'',1518441074,9),(1772,7,229,181,NULL,NULL,0,1518393600,333,'',1518441137,9),(1773,4,178,NULL,1792,NULL,210,1517270400,111,'',1518441352,9),(1774,4,196,NULL,2014,NULL,36,1518480000,333,'',1518670460,9),(1775,4,196,NULL,2015,NULL,36,1518566400,333,'',1518670478,9),(1776,4,169,NULL,2002,NULL,288,1518393600,333,'',1518670542,9),(1777,4,225,NULL,2216,NULL,28,1518393600,333,'',1518670619,9),(1778,4,225,NULL,2217,NULL,28,1518480000,333,'',1518670633,9),(1779,4,225,NULL,2218,NULL,28,1518566400,333,'',1518670643,9),(1780,4,187,NULL,1964,NULL,36,1518566400,333,'',1518670690,9),(1781,4,172,NULL,2137,NULL,36,1518566400,333,'',1518670741,9),(1783,4,224,NULL,2199,NULL,32,1518480000,333,'',1518675884,9),(1784,4,224,NULL,2200,NULL,36,1518566400,333,'',1518675898,9),(1785,7,171,182,NULL,NULL,0,1517011200,333,'',1518675969,9),(1786,3,171,182,NULL,NULL,500,1517184000,333,'',1518675994,9),(1787,10,171,182,NULL,NULL,0,1517184000,333,'',1518675994,9),(1788,4,171,NULL,2277,NULL,80,1517270400,333,'',1518676014,9),(1789,4,171,NULL,2278,NULL,71,1517356800,333,'',1518676031,9),(1792,4,171,NULL,2279,NULL,71,1517702400,333,'',1518676105,9),(1793,4,171,NULL,2280,NULL,71,1517875200,333,'',1518676115,9),(1794,4,171,NULL,2281,NULL,71,1518393600,333,'',1518676129,9),(1795,4,188,NULL,2057,NULL,36,1517788800,333,'',1518676167,9),(1796,4,191,NULL,2127,NULL,14,1518480000,333,'',1518676287,9),(1798,4,196,NULL,2016,NULL,36,1518652800,333,'',1518676692,9),(1800,4,191,NULL,2128,NULL,97,1518048000,333,'',1518677372,9),(1801,4,191,NULL,2129,NULL,15,1518566400,333,'',1518677437,9),(1802,7,191,183,NULL,NULL,0,1518566400,333,'',1518677485,9),(1803,4,184,NULL,2164,NULL,50,1518652800,97,'',1518690540,9),(1804,4,224,NULL,2201,NULL,36,1518652800,98,'',1518690593,9),(1805,4,192,NULL,1901,NULL,2490,1518652800,333,'',1518781181,9),(1806,4,193,NULL,890,NULL,36,1518739200,333,'',1518781214,9),(1807,4,175,NULL,1906,NULL,1500,1517875200,108,'',1518781816,9),(1808,4,175,NULL,1907,NULL,1000,1518652800,115,'',1518781833,9),(1809,4,221,NULL,2025,NULL,364,1518480000,333,'',1518781914,9),(1810,7,221,184,NULL,NULL,0,1518739200,98,'',1518782000,9),(1812,4,225,NULL,2219,NULL,28,1518652800,333,'',1518783074,9),(1813,4,185,NULL,2150,NULL,18,1518480000,333,'',1518783137,9),(1814,4,9,NULL,1399,NULL,760,1518480000,111,'',1518783218,9),(1818,4,225,NULL,2220,NULL,28,1518739200,333,'',1518850946,9),(1819,4,187,NULL,1965,NULL,36,1518739200,333,'',1518850975,9),(1820,4,174,NULL,313,NULL,14,1518739200,222,'',1518851034,9),(1821,4,177,NULL,648,NULL,36,1518480000,333,'',1518851270,9),(1822,4,9,NULL,1400,NULL,760,1518825600,111,'',1518851636,9),(1823,1,231,NULL,NULL,NULL,1000,1518220800,222,'',1518852193,9),(1824,6,231,NULL,NULL,NULL,0,1518220800,222,'',1518852193,9),(1825,7,231,185,NULL,NULL,0,1518220800,333,'',1518852339,9),(1826,3,231,185,NULL,NULL,1000,1518220800,333,'',1518852436,9),(1827,10,231,185,NULL,NULL,0,1518220800,333,'',1518852436,9),(1828,4,101,NULL,1489,NULL,525,1517788800,111,'',1518872042,9),(1829,4,194,NULL,2109,NULL,364,1518825600,117,'',1518875055,9),(1831,2,6,NULL,NULL,853,0,1512259200,33,'',1519028756,6),(1833,2,6,NULL,NULL,857,0,0,63,'',1519028902,6),(1834,2,6,NULL,NULL,859,0,1513900800,63,'',1519028971,6),(1835,2,6,NULL,NULL,861,0,1485129600,56,'',1519029016,6),(1836,2,6,NULL,NULL,863,0,1517184000,56,'',1519029145,6),(1837,2,6,NULL,NULL,865,0,1517875200,56,'',1519029292,6),(1839,4,225,NULL,2221,NULL,28,1518825600,333,'',1519029380,6),(1840,4,225,NULL,2222,NULL,28,1518912000,333,'',1519029390,6),(1841,7,194,186,NULL,NULL,0,1518998400,1,'',1519029479,6),(1842,4,187,NULL,1966,NULL,36,1518825600,36,'',1519029604,6),(1843,3,217,177,NULL,NULL,250,1518998400,333,'',1519047921,6),(1844,10,217,177,NULL,NULL,0,1518998400,333,'',1519047921,6),(1845,4,187,NULL,1967,NULL,36,1518998400,333,'',1519048027,6),(1846,4,171,NULL,2262,NULL,71,1518998400,2,'',1519048056,6),(1847,4,53,NULL,1245,NULL,600,1518998400,111,'',1519048161,6),(1848,4,214,NULL,2073,NULL,70,1519084800,333,'',1519193635,6),(1849,4,186,NULL,1005,NULL,71,1519084800,333,'',1519193731,6),(1850,4,172,NULL,2138,NULL,432,1519084800,333,'',1519193770,6),(1851,4,171,NULL,2263,NULL,994,1519084800,333,'',1519193806,6),(1852,4,192,NULL,1902,NULL,2490,1519084800,333,'',1519193845,6),(1853,4,175,NULL,1908,NULL,1000,1519084800,333,'',1519193876,6),(1854,3,168,122,NULL,NULL,250,1518998400,333,'',1519193949,6),(1855,10,168,122,NULL,NULL,0,1518998400,333,'',1519193949,6),(1856,4,223,NULL,2185,NULL,32,1519084800,333,'',1519193977,6),(1857,4,225,NULL,2223,NULL,28,1518998400,333,'',1519194009,6),(1858,4,225,NULL,2224,NULL,28,1519084800,333,'',1519194019,6),(1859,7,210,187,NULL,NULL,0,1519084800,333,'',1519194086,6),(1860,4,184,NULL,2165,NULL,50,1519084800,333,'',1519194929,6),(1861,4,197,NULL,1416,NULL,21,1519171200,333,'',1519195287,6),(1862,4,196,NULL,2017,NULL,252,1519171200,333,'',1519212559,6),(1863,7,171,188,NULL,NULL,0,1519171200,333,'',1519221036,6),(1864,3,171,188,NULL,NULL,650,1519171200,333,'',1519221060,6),(1865,10,171,188,NULL,NULL,0,1519171200,333,'',1519221060,6),(1866,4,217,NULL,2319,NULL,32,1519171200,333,'',1519221105,6),(1867,4,175,NULL,1909,NULL,1000,1519257600,13,'',1519297122,6),(1868,4,224,NULL,2202,NULL,36,1519084800,333,'',1519297188,6),(1869,4,224,NULL,2203,NULL,36,1519257600,63,'',1519297201,6),(1870,4,225,NULL,2225,NULL,28,1519171200,333,'',1519297239,6),(1871,4,224,NULL,2204,NULL,324,1519344000,333,'',1519395769,6),(1872,4,184,NULL,2166,NULL,50,1519344000,333,'',1519395801,6),(1873,4,217,NULL,2320,NULL,36,1519344000,333,'',1519395859,6),(1874,4,185,NULL,2151,NULL,182,1519344000,333,'',1519395894,6),(1875,4,223,NULL,2186,NULL,36,1519344000,333,'',1519396121,6),(1876,4,223,NULL,2187,NULL,432,1519344000,333,'',1519396137,6),(1877,4,193,NULL,891,NULL,36,1519344000,333,'',1519396191,6),(1878,4,205,NULL,1624,NULL,83,1519344000,333,'',1519396221,6),(1879,4,200,NULL,1985,NULL,36,1519344000,333,'',1519396270,6),(1880,7,224,189,NULL,NULL,0,1519344000,333,'',1519396347,6),(1881,4,168,NULL,2333,NULL,32,1519689600,333,'',1519726554,6),(1882,4,214,NULL,2074,NULL,64,1519603200,333,'',1519726600,6),(1883,4,225,NULL,2226,NULL,28,1519257600,333,'',1519726690,6),(1884,4,186,NULL,1006,NULL,71,1519603200,333,'',1519726723,6),(1885,4,193,NULL,892,NULL,36,1519430400,333,'',1519726821,6),(1886,4,168,NULL,1352,NULL,1700,1519862400,222,'',1520231346,6),(1887,4,168,NULL,1353,NULL,1700,1520035200,222,'',1520231359,6),(1888,4,53,NULL,1273,NULL,1696,1520035200,333,'',1520231499,6),(1891,7,187,190,NULL,NULL,0,1519776000,333,'',1520231837,6),(1892,7,185,191,NULL,NULL,0,1519776000,333,'',1520231933,6),(1893,4,217,NULL,2321,NULL,36,1519689600,333,'',1520232058,6),(1894,7,169,192,NULL,NULL,0,1522195200,333,'',1520232175,6),(1895,1,232,NULL,NULL,NULL,1000,1519516800,333,'',1520232397,6),(1896,6,232,NULL,NULL,NULL,0,1519516800,333,'',1520232397,6),(1897,7,232,193,NULL,NULL,0,1519603200,333,'',1520232534,6),(1898,3,232,193,NULL,NULL,50,1519603200,333,'',1520232554,6),(1899,10,232,193,NULL,NULL,0,1519603200,333,'',1520232554,6),(1900,4,232,NULL,2370,NULL,9,1519689600,333,'',1520232594,6),(1901,4,232,NULL,2371,NULL,7,1519862400,333,'',1520232608,6),(1902,4,232,NULL,2372,NULL,7,1520035200,333,'',1520232625,6),(1903,1,233,NULL,NULL,NULL,1000,1520208000,333,'',1520232888,6),(1904,6,233,NULL,NULL,NULL,0,1520208000,333,'',1520232888,6),(1905,7,233,194,NULL,NULL,0,1519776000,333,'',1520232987,6),(1906,4,168,NULL,2334,NULL,468,1520294400,333,'',1520403990,6),(1907,4,184,NULL,2167,NULL,50,1520380800,333,'',1520404030,6),(1908,4,101,NULL,1490,NULL,495,1520294400,333,'',1520404070,6),(1910,4,175,NULL,1910,NULL,1500,1520208000,333,'',1520404200,6),(1911,4,214,NULL,2075,NULL,64,1520208000,333,'',1520404231,6),(1912,4,214,NULL,2076,NULL,64,1520380800,333,'',1520404249,6),(1914,4,232,NULL,2373,NULL,77,1520294400,333,'',1520404348,6),(1915,7,232,195,NULL,NULL,0,1520294400,333,'',1520404430,6),(1916,3,232,195,NULL,NULL,100,1520294400,333,'',1520404450,6),(1917,10,232,195,NULL,NULL,0,1520294400,333,'',1520404450,6),(1918,4,232,NULL,2384,NULL,18,1520380800,333,'',1520404473,6),(1919,1,234,NULL,NULL,NULL,1000,1520208000,333,'',1520404575,6),(1920,6,234,NULL,NULL,NULL,0,1520208000,333,'',1520404575,6),(1921,7,234,196,NULL,NULL,0,1520208000,333,'',1520404619,6),(1922,4,193,NULL,893,NULL,324,1520294400,333,'',1520404822,6),(1923,4,214,NULL,2077,NULL,64,1520380800,333,'',1520404875,6),(1924,4,214,NULL,2078,NULL,574,1520380800,333,'',1520404904,6),(1925,7,234,197,NULL,NULL,0,1520208000,333,'',1520405115,6),(1929,4,183,NULL,2098,NULL,21,1520294400,333,'',1520406047,6),(1930,4,183,NULL,2095,NULL,21,1518307200,333,'',1520406486,9),(1931,4,183,NULL,2096,NULL,21,1518480000,333,'',1520406506,9),(1932,4,183,NULL,2097,NULL,21,1518825600,333,'',1520406525,9),(1933,4,177,NULL,649,NULL,324,1520899200,222,'',1520406765,9),(1934,4,231,NULL,2305,NULL,860,1520294400,111,'',1520406800,9),(1935,4,206,NULL,1602,NULL,105,1520380800,333,'',1520408789,9),(1936,1,235,NULL,NULL,NULL,1000,1520467200,333,'',1520512277,9),(1937,6,235,NULL,NULL,NULL,0,1520467200,333,'',1520512277,9),(1938,7,235,198,NULL,NULL,0,1520467200,333,'',1520512348,9),(1939,7,214,199,NULL,NULL,0,1520553600,333,'',1520835128,9),(1940,3,214,199,NULL,NULL,250,1520553600,333,'',1520835148,9),(1941,10,214,199,NULL,NULL,0,1520553600,333,'',1520835148,9),(1942,4,232,NULL,2385,NULL,14,1520467200,333,'',1520835246,9),(1943,4,232,NULL,2386,NULL,14,1520553600,333,'',1520835260,9),(1944,4,232,NULL,2387,NULL,14,1520640000,333,'',1520835274,9),(1945,4,175,NULL,1911,NULL,500,1520553600,333,'',1520838279,9),(1946,4,10,NULL,502,NULL,400,1520467200,333,'',1520838394,9),(1947,4,232,NULL,2388,NULL,14,1520812800,333,'',1520931774,9),(1948,4,184,NULL,2168,NULL,330,1520899200,444,'',1520933582,9),(1949,4,171,NULL,2347,NULL,110,1519603200,333,'',1521003683,9),(1950,4,171,NULL,2348,NULL,92,1519776000,333,'',1521003702,9),(1951,4,171,NULL,2349,NULL,92,1520035200,333,'',1521003722,9),(1952,4,171,NULL,2350,NULL,92,1521158400,333,'',1521202356,9),(1953,4,232,NULL,2389,NULL,14,1521158400,333,'',1521202459,9),(1954,1,236,NULL,NULL,NULL,1000,1521158400,333,'',1521202769,9),(1955,6,236,NULL,NULL,NULL,0,1521158400,333,'',1521202769,9),(1956,4,192,NULL,1903,NULL,2490,1521072000,333,'',1521202988,9),(1957,4,184,NULL,2169,NULL,170,1521072000,333,'',1521203022,9),(1958,4,184,NULL,2170,NULL,350,1521158400,333,'',1521203034,9),(1959,4,174,NULL,314,NULL,168,1521158400,333,'',1521203096,9),(1960,4,9,NULL,1401,NULL,760,1521072000,111,'',1521204013,9),(1961,4,171,NULL,2351,NULL,92,1521417600,333,'',1521635702,9),(1962,4,208,NULL,1744,NULL,1238,1521158400,111,'',1521635785,9),(1963,4,53,NULL,1275,NULL,400,1521417600,333,'',1521635883,9),(1964,4,232,NULL,2390,NULL,14,1521417600,333,'',1521636039,9),(1965,4,214,NULL,2398,NULL,32,1521676800,333,'',1521704719,9),(1967,7,210,200,NULL,NULL,0,1521849600,333,'',1521880087,9),(1968,1,237,NULL,NULL,NULL,1000,1521763200,333,'',1521880439,9),(1969,6,237,NULL,NULL,NULL,0,1521763200,333,'',1521880439,9),(1970,7,225,201,NULL,NULL,0,1520294400,333,'',1521880555,9),(1971,7,237,202,NULL,NULL,0,1521763200,333,'',1521880660,9),(1972,4,232,NULL,2391,NULL,14,1521504000,333,'',1521880907,9),(1973,4,232,NULL,2392,NULL,14,1521590400,333,'',1521880922,9),(1974,4,232,NULL,2393,NULL,70,1521849600,333,'',1521880940,9),(1975,7,179,203,NULL,NULL,0,1522022400,333,'',1522061370,9),(1976,7,195,204,NULL,NULL,0,1522022400,333,'',1522061467,9),(1977,1,238,NULL,NULL,NULL,1000,1522022400,333,'',1522061677,9),(1978,6,238,NULL,NULL,NULL,0,1522022400,333,'',1522061677,9),(1979,7,238,205,NULL,NULL,0,1522022400,333,'',1522061775,9),(1980,7,184,206,NULL,NULL,0,1522022400,333,'',1522061840,9),(1981,4,214,NULL,2399,NULL,36,1522022400,333,'',1522062047,9),(1982,7,223,207,NULL,NULL,0,1522022400,333,'',1522062854,9),(1983,4,214,NULL,2400,NULL,36,1522011600,333,'',1522131443,9),(1984,4,214,NULL,2401,NULL,396,1522011600,333,'',1522131536,9),(1985,7,232,208,NULL,NULL,0,1522098000,333,'',1522131592,9),(1986,3,232,208,NULL,NULL,200,1522098000,333,'',1522131616,9),(1987,10,232,208,NULL,NULL,0,1522098000,333,'',1522131616,9),(1988,3,169,192,NULL,NULL,250,1522270800,333,'',1522323409,9),(1989,10,169,192,NULL,NULL,0,1522270800,333,'',1522323409,9),(1990,3,184,206,NULL,NULL,250,1522270800,333,'',1522323426,9),(1991,10,184,206,NULL,NULL,0,1522270800,333,'',1522323426,9),(1992,3,225,201,NULL,NULL,250,1522270800,333,'',1522323443,9),(1993,10,225,201,NULL,NULL,0,1522270800,333,'',1522323443,9),(1994,3,187,190,NULL,NULL,250,1522270800,333,'',1522323457,9),(1995,10,187,190,NULL,NULL,0,1522270800,333,'',1522323457,9),(1996,3,221,184,NULL,NULL,250,1522270800,333,'',1522323474,9),(1997,10,221,184,NULL,NULL,0,1522270800,333,'',1522323474,9),(1998,3,237,202,NULL,NULL,250,1522270800,333,'',1522323491,9),(1999,10,237,202,NULL,NULL,0,1522270800,333,'',1522323491,9),(2000,4,232,NULL,2416,NULL,36,1522184400,333,'',1522323536,9),(2002,4,195,NULL,1916,NULL,320,1517605200,333,'',1522324057,9),(2003,7,237,209,NULL,NULL,0,1522270800,333,'',1522324287,9),(2004,3,237,209,NULL,NULL,150,1522270800,333,'',1522324303,9),(2005,10,237,209,NULL,NULL,0,1522270800,333,'',1522324303,9),(2006,4,192,NULL,1904,NULL,1400,1522357200,333,'',1522825670,9),(2007,4,171,NULL,2352,NULL,92,1522702800,333,'',1522825694,9),(2008,4,232,NULL,2417,NULL,28,1522357200,333,'',1522825732,9),(2009,4,211,NULL,1863,NULL,36,1516654800,333,'',1522825789,9),(2010,4,211,NULL,1864,NULL,36,1517173200,333,'',1522825813,9),(2011,3,223,207,NULL,NULL,250,1522702800,333,'',1522825861,9),(2012,10,223,207,NULL,NULL,0,1522702800,333,'',1522825861,9),(2013,3,210,200,NULL,NULL,500,1522789200,333,'',1522825995,9),(2014,10,210,200,NULL,NULL,0,1522789200,333,'',1522825995,9),(2015,1,239,NULL,NULL,NULL,1000,1522789200,333,'',1522826223,9),(2016,6,239,NULL,NULL,NULL,0,1522789200,333,'',1522826223,9),(2017,7,234,210,NULL,NULL,0,1518123600,333,'',1522826682,9),(2018,7,239,211,NULL,NULL,0,1522702800,333,'',1522826813,9),(2019,1,240,NULL,NULL,NULL,1000,1522616400,333,'',1522826936,9),(2020,6,240,NULL,NULL,NULL,0,1522616400,333,'',1522826936,9),(2021,7,240,212,NULL,NULL,0,1522702800,333,'',1522826979,9),(2022,3,179,203,NULL,NULL,250,1522875600,333,'',1522937374,9),(2023,10,179,203,NULL,NULL,0,1522875600,333,'',1522937374,9),(2024,3,195,204,NULL,NULL,250,1522875600,333,'',1522937394,9),(2025,10,195,204,NULL,NULL,0,1522875600,333,'',1522937394,9),(2026,7,185,213,NULL,NULL,0,1522875600,333,'',1522937438,9),(2027,3,185,213,NULL,NULL,100,1522875600,333,'',1522937466,9),(2028,10,185,213,NULL,NULL,0,1522875600,333,'',1522937466,9),(2030,4,225,NULL,2458,NULL,32,1519851600,333,'',1522937727,9),(2031,4,225,NULL,2459,NULL,36,1522357200,333,'',1522937770,9),(2032,4,225,NULL,2460,NULL,36,1522530000,333,'',1522937807,9),(2033,4,225,NULL,2461,NULL,36,1522702800,333,'',1522937834,9),(2034,4,225,NULL,2462,NULL,36,1522789200,333,'',1522937849,9),(2035,4,187,NULL,2472,NULL,32,1490821200,333,'',1522937895,9),(2036,4,187,NULL,2473,NULL,36,1522530000,333,'',1522937910,9),(2037,4,187,NULL,2474,NULL,36,1522616400,333,'',1522938045,9),(2038,4,187,NULL,2475,NULL,36,1522789200,333,'',1522938068,9),(2039,4,169,NULL,2430,NULL,32,1522357200,333,'',1522938122,9),(2040,4,169,NULL,2431,NULL,36,1522530000,333,'',1522938139,9),(2041,4,169,NULL,2432,NULL,36,1522616400,333,'',1522938148,9),(2042,4,169,NULL,2433,NULL,36,1522702800,333,'',1522938166,9),(2043,4,232,NULL,2418,NULL,28,1522789200,333,'',1522938351,9),(2044,4,232,NULL,2419,NULL,28,1522875600,333,'',1522938361,9),(2045,4,154,NULL,52,NULL,1280,1521666000,333,'',1522938600,9),(2046,4,53,NULL,1276,NULL,700,1521838800,111,'',1522938964,9),(2047,4,74,NULL,1284,NULL,874,1522270800,333,'',1522939053,9),(2048,4,74,NULL,1285,NULL,874,1522616400,333,'',1522939066,9),(2049,4,134,NULL,1163,NULL,1000,1522357200,333,'',1522939114,9),(2050,4,134,NULL,1162,NULL,1500,1516050000,333,'',1522940623,9),(2051,4,169,NULL,2434,NULL,36,1522875600,111,'',1522941541,9),(2052,4,101,NULL,1491,NULL,495,1522875600,111,'',1522941564,9),(2053,4,53,NULL,1277,NULL,1696,1522875600,111,'',1522941592,9),(2054,1,241,NULL,NULL,NULL,1000,1491339600,333,'',1522943112,9),(2055,6,241,NULL,NULL,NULL,0,1491339600,333,'',1522943112,9),(2056,4,225,NULL,2463,NULL,36,1522875600,111,'',1522998651,9),(2057,4,171,NULL,2353,NULL,92,1522962000,333,'',1522999006,9),(2059,3,240,212,NULL,NULL,250,1522962000,333,'',1523014831,9),(2060,10,240,212,NULL,NULL,0,1522962000,333,'',1523014831,9),(2061,3,239,211,NULL,NULL,250,1522962000,333,'',1523014849,9),(2062,10,239,211,NULL,NULL,0,1522962000,333,'',1523014849,9),(2063,7,172,214,NULL,NULL,0,1522962000,333,'',1523014889,9),(2064,4,231,NULL,2306,NULL,840,1522962000,111,'',1523418564,9),(2065,4,179,NULL,2563,NULL,32,1522962000,111,'',1523418592,9),(2066,4,179,NULL,2564,NULL,36,1523048400,111,'',1523418605,9),(2067,4,195,NULL,2577,NULL,32,1523048400,111,'',1523418638,9),(2068,4,169,NULL,2435,NULL,36,1523048400,111,'',1523418671,9),(2069,4,225,NULL,2464,NULL,36,1523134800,111,'',1523418746,9),(2070,4,187,NULL,2476,NULL,36,1523134800,111,'',1523418775,9),(2071,4,225,NULL,2465,NULL,36,1523221200,111,'',1523418810,9),(2072,4,171,NULL,2354,NULL,92,1523221200,111,'',1523418843,9),(2073,4,232,NULL,2420,NULL,28,1523221200,222,'',1523418879,9),(2074,4,232,NULL,2421,NULL,28,1523307600,222,'',1523418894,9),(2076,4,237,NULL,2514,NULL,27,1523307600,222,'',1523418974,9),(2078,4,187,NULL,2477,NULL,36,1523307600,111,'',1523419158,9),(2079,4,195,NULL,2578,NULL,36,1523307600,111,'',1523419190,9),(2081,4,169,NULL,2436,NULL,36,1523307600,111,'',1523419256,9),(2082,3,172,214,NULL,NULL,250,1523221200,333,'',1523419278,9),(2083,10,172,214,NULL,NULL,0,1523221200,333,'',1523419278,9),(2084,7,191,215,NULL,NULL,0,1523221200,333,'',1523419325,9),(2085,3,191,215,NULL,NULL,150,1523221200,333,'',1523419343,9),(2086,10,191,215,NULL,NULL,0,1523221200,333,'',1523419343,9),(2087,4,191,NULL,2648,NULL,27,1523307600,111,'',1523419355,9),(2088,1,242,NULL,NULL,NULL,1000,1523221200,333,'',1523421212,9),(2089,6,242,NULL,NULL,NULL,0,1523221200,333,'',1523421212,9),(2090,7,242,216,NULL,NULL,0,1523221200,333,'',1523421267,9),(2091,7,167,217,NULL,NULL,0,1522530000,3333,'',1523421315,9),(2092,4,221,NULL,2486,NULL,32,1522962000,333,'',1523421831,9),(2093,4,208,NULL,2662,NULL,1188,1523394000,111,'',1523507419,9),(2094,4,225,NULL,2466,NULL,36,1523394000,111,'',1523507460,9),(2095,4,232,NULL,2422,NULL,28,1523394000,111,'',1523507486,9),(2097,4,184,NULL,2444,NULL,32,1522962000,333,'',1523508332,9),(2098,4,184,NULL,2445,NULL,36,1523307600,333,'',1523508344,9),(2099,4,240,NULL,2606,NULL,32,1523566800,333,'',1523622867,9),(2100,4,198,NULL,1403,NULL,1500,1515704400,111,'',1523623277,9),(2101,4,198,NULL,1404,NULL,1000,1516222800,111,'',1523623303,9),(2102,4,198,NULL,2663,NULL,500,1516309200,222,'',1523623327,9),(2103,4,225,NULL,2467,NULL,36,1523480400,111,'',1523623990,9),(2104,4,74,NULL,1286,NULL,874,1523566800,333,'',1524064479,9),(2105,4,9,NULL,1402,NULL,760,1523653200,111,'',1524064521,9),(2106,4,191,NULL,2649,NULL,21,1523480400,111,'',1524064829,9),(2107,4,191,NULL,2650,NULL,21,1523566800,111,'',1524064844,9),(2108,4,169,NULL,2437,NULL,252,1523480400,111,'',1524064883,9),(2109,3,167,217,NULL,NULL,250,1523739600,333,'',1524064969,9),(2110,10,167,217,NULL,NULL,0,1523739600,333,'',1524064969,9),(2111,4,167,NULL,2675,NULL,32,1523826000,111,'',1524064987,9),(2112,4,195,NULL,2579,NULL,36,1523826000,111,'',1524065015,9),(2113,4,187,NULL,2478,NULL,36,1523826000,111,'',1524065066,9),(2114,4,192,NULL,1905,NULL,2490,1523912400,111,'',1524065103,9),(2115,4,167,NULL,2676,NULL,36,1523912400,111,'',1524065140,9),(2116,4,187,NULL,2479,NULL,36,1523998800,111,'',1524065173,9),(2117,1,243,NULL,NULL,NULL,1000,1523826000,111,'',1524065334,9),(2118,6,243,NULL,NULL,NULL,0,1523826000,111,'',1524065334,9),(2120,4,237,NULL,2515,NULL,21,1523566800,333,'',1524065772,9),(2121,4,237,NULL,2516,NULL,21,1523566800,333,'',1524065792,9),(2122,4,184,NULL,2446,NULL,36,1523566800,333,'',1524065908,9),(2123,4,184,NULL,2447,NULL,96,1523998800,333,'',1524065919,9),(2124,4,239,NULL,2620,NULL,32,1523566800,333,'',1524065978,9),(2125,4,232,NULL,2423,NULL,28,1523566800,333,'',1524066027,9),(2126,4,221,NULL,2487,NULL,36,1523566800,333,'',1524066064,9),(2127,4,221,NULL,2488,NULL,432,1523566800,444,'',1524066117,9),(2128,4,223,NULL,2528,NULL,32,1523566800,333,'',1524066146,9),(2129,4,225,NULL,2468,NULL,144,1523998800,444,'',1524066202,9),(2130,4,185,NULL,2591,NULL,18,1524171600,333,'',1524457012,9),(2131,4,184,NULL,2448,NULL,300,1524085200,333,'',1524457068,9),(2132,4,240,NULL,2607,NULL,36,1524171600,333,'',1524457130,9),(2133,4,232,NULL,2424,NULL,28,1524171600,333,'',1524457168,9),(2134,4,232,NULL,2425,NULL,28,1524085200,333,'',1524457187,9),(2135,4,210,NULL,2542,NULL,80,1524171600,333,'',1524457235,9),(2136,5,176,NULL,1759,936,6300,1524517200,333,'',1524566282,0),(2137,4,176,NULL,1759,NULL,32,1522357200,333,'',1524566332,9),(2138,4,176,NULL,1760,NULL,36,1524430800,333,'',1524566346,9),(2139,4,191,NULL,2651,NULL,21,1524430800,333,'',1524566383,9),(2140,4,191,NULL,2652,NULL,21,1524171600,333,'',1524566456,9),(2141,4,191,NULL,2653,NULL,21,1524258000,333,'',1524566470,9),(2142,4,191,NULL,2654,NULL,21,1523998800,333,'',1524566523,9),(2143,4,232,NULL,2426,NULL,28,1524430800,333,'',1524566568,9),(2144,4,195,NULL,2580,NULL,36,1524430800,333,'',1524566612,9),(2145,4,167,NULL,2677,NULL,36,1523998800,333,'',1524566657,9),(2146,4,167,NULL,2678,NULL,36,1524171600,333,'',1524566673,9),(2147,4,167,NULL,2679,NULL,36,1524344400,333,'',1524566687,9),(2148,4,167,NULL,2680,NULL,36,1524430800,333,'',1524566701,9),(2149,4,240,NULL,2608,NULL,432,1524430800,333,'',1524566735,9),(2150,4,237,NULL,2517,NULL,231,1523826000,333,'',1524566892,9),(2151,7,237,218,NULL,NULL,0,1523566800,333,'',1524566994,9),(2152,3,237,218,NULL,NULL,250,1523998800,333,'',1524567021,9),(2153,10,237,218,NULL,NULL,0,1523998800,333,'',1524567021,9),(2154,7,214,219,NULL,NULL,0,1523307600,333,'',1524567167,9),(2155,3,214,219,NULL,NULL,250,1523998800,333,'',1524567190,9),(2156,10,214,219,NULL,NULL,0,1523998800,333,'',1524567190,9),(2157,4,172,NULL,2634,NULL,32,1523998800,333,'',1524567453,9),(2158,4,179,NULL,2565,NULL,36,1523826000,333,'',1524567601,9),(2159,4,205,NULL,1625,NULL,71,1520283600,333,'',1524568787,9),(2160,4,205,NULL,1626,NULL,71,1522098000,333,'',1524568817,9),(2162,4,38,NULL,337,NULL,1000,1524517200,111,'',1524569188,9),(2163,4,185,NULL,2592,NULL,14,1524517200,333,'',1524569373,9),(2164,4,185,NULL,2593,NULL,168,1523480400,333,'',1524569461,9),(2165,4,171,NULL,2355,NULL,1196,1524517200,333,'',1524572763,9),(2166,4,179,NULL,2566,NULL,36,1524517200,333,'',1524572814,9),(2167,4,191,NULL,2655,NULL,147,1524603600,111,'',1524715682,9),(2168,4,167,NULL,2681,NULL,36,1524517200,111,'',1524715730,9),(2169,4,167,NULL,2682,NULL,36,1524603600,111,'',1524715743,9),(2170,7,166,220,NULL,NULL,0,1524603600,333,'',1524716158,9),(2171,7,184,221,NULL,NULL,0,1524171600,333,'',1524716402,9),(2172,1,244,NULL,NULL,NULL,1000,1524603600,333,'',1524716545,9),(2173,6,244,NULL,NULL,NULL,0,1524603600,333,'',1524716545,9),(2174,7,244,222,NULL,NULL,0,1524603600,333,'',1524716654,9),(2175,1,245,NULL,NULL,NULL,1000,1524258000,333,'',1524716776,9),(2176,6,245,NULL,NULL,NULL,0,1524258000,333,'',1524716776,9),(2177,7,245,223,NULL,NULL,0,1524258000,333,'',1524716837,9),(2178,1,246,NULL,NULL,NULL,1000,1524258000,333,'',1524716915,9),(2179,6,246,NULL,NULL,NULL,0,1524258000,333,'',1524716915,9),(2180,7,246,224,NULL,NULL,0,1524258000,333,'',1524716969,9),(2181,1,247,NULL,NULL,NULL,1000,1524690000,333,'',1524717052,9),(2182,6,247,NULL,NULL,NULL,0,1524690000,333,'',1524717052,9),(2183,7,247,225,NULL,NULL,0,1524258000,333,'',1524717113,9),(2184,7,247,226,NULL,NULL,0,1524258000,333,'',1524717241,9),(2185,7,245,227,NULL,NULL,0,1524258000,333,'',1524717400,9),(2186,1,248,NULL,NULL,NULL,1000,1521147600,122,'',1524741486,9),(2187,6,248,NULL,NULL,NULL,0,1521147600,122,'',1524741486,9),(2188,4,187,NULL,2480,NULL,36,1524690000,333,'',1524747414,9),(2189,4,237,NULL,2690,NULL,32,1524690000,333,'',1524747442,9),(2190,4,192,NULL,2718,NULL,1590,1524690000,333,'',1524747518,9),(2191,7,245,228,NULL,NULL,0,1524258000,333,'',1524747751,9),(2192,7,247,229,NULL,NULL,0,1524690000,333,'',1524747855,9),(2193,7,244,230,NULL,NULL,0,1524258000,333,'',1524747939,9),(2194,7,61,231,NULL,NULL,0,1524258000,333,'',1524748021,9),(2195,4,210,NULL,2543,NULL,71,1524862800,222,'',1524902228,9),(2196,4,167,NULL,2683,NULL,36,1524690000,111,'',1524902585,9),(2197,4,167,NULL,2684,NULL,36,1524776400,111,'',1524902597,9),(2198,4,179,NULL,2567,NULL,260,1524690000,222,'',1524902692,9),(2199,4,211,NULL,1865,NULL,52,1524862800,666,'',1524902800,9),(2200,4,183,NULL,2099,NULL,21,1524862800,666,'',1524902973,9),(2202,4,179,NULL,2568,NULL,100,1524862800,666,'',1524903059,9),(2203,4,190,NULL,1436,NULL,21,1524862800,666,'',1524905528,9),(2204,4,200,NULL,1986,NULL,36,1524862800,666,'',1524905620,9),(2206,4,187,NULL,2481,NULL,36,1524862800,666,'',1524905884,9),(2207,4,188,NULL,2058,NULL,36,1524862800,666,'',1524905930,9),(2208,4,201,NULL,1579,NULL,36,1523826000,333,'',1524906054,9),(2209,4,201,NULL,1580,NULL,28,1524862800,666,'',1524906064,9),(2210,4,195,NULL,2581,NULL,36,1524603600,111,'',1524906232,9),(2211,4,214,NULL,2704,NULL,32,1525122000,333,'',1525164088,9),(2212,4,167,NULL,2685,NULL,36,1524085200,333,'',1525164138,9),(2213,4,167,NULL,2686,NULL,36,1524258000,333,'',1525164166,9),(2214,4,167,NULL,2687,NULL,72,1524862800,333,'',1525164197,9),(2215,4,239,NULL,2621,NULL,36,1524776400,333,'',1525164336,9),(2216,4,239,NULL,2622,NULL,132,1524776400,222,'',1525164466,9),(2217,4,172,NULL,2635,NULL,36,1525122000,333,'',1525184484,9),(2219,7,184,232,NULL,NULL,0,1524690000,333,'',1525185435,9),(2220,3,184,232,NULL,NULL,250,1524776400,333,'',1525185477,9),(2221,10,184,232,NULL,NULL,0,1524776400,333,'',1525185477,9),(2222,4,184,NULL,2720,NULL,32,1525122000,222,'',1525185491,9),(2223,1,249,NULL,NULL,NULL,1000,1524949200,333,'',1525186242,9),(2224,6,249,NULL,NULL,NULL,0,1524949200,333,'',1525186242,9),(2225,7,249,233,NULL,NULL,0,1524949200,222,'',1525186315,9),(2226,1,250,NULL,NULL,NULL,1000,1525122000,222,'',1525186438,9),(2227,6,250,NULL,NULL,NULL,0,1525122000,222,'',1525186438,9),(2228,1,251,NULL,NULL,NULL,1000,1525122000,222,'',1525186596,9),(2229,6,251,NULL,NULL,NULL,0,1525122000,222,'',1525186596,9),(2230,1,252,NULL,NULL,NULL,1000,1525122000,222,'',1525186754,9),(2231,6,252,NULL,NULL,NULL,0,1525122000,222,'',1525186754,9),(2232,1,253,NULL,NULL,NULL,1000,1525122000,333,'',1525186917,9),(2233,6,253,NULL,NULL,NULL,0,1525122000,333,'',1525186917,9),(2234,1,254,NULL,NULL,NULL,1000,1525122000,333,'',1525187076,9),(2235,6,254,NULL,NULL,NULL,0,1525122000,333,'',1525187076,9),(2236,4,237,NULL,2691,NULL,36,1525294800,222,'',1525448824,9),(2237,4,214,NULL,2705,NULL,36,1525294800,222,'',1525448859,9),(2238,4,214,NULL,2706,NULL,36,1525467600,222,'',1525448871,9),(2239,4,195,NULL,2582,NULL,36,1525122000,222,'',1525448908,9),(2240,7,184,234,NULL,NULL,0,1524776400,333,'',1525448972,9),(2241,3,184,234,NULL,NULL,250,1525035600,333,'',1525449015,9),(2242,10,184,234,NULL,NULL,0,1525035600,333,'',1525449015,9),(2247,7,194,235,NULL,NULL,0,1524949200,222,'',1525449204,9),(2248,1,255,NULL,NULL,NULL,1000,1525294800,222,'',1525449496,9),(2249,6,255,NULL,NULL,NULL,0,1525294800,222,'',1525449496,9),(2250,7,255,236,NULL,NULL,0,1525294800,222,'',1525449571,9),(2251,7,254,237,NULL,NULL,0,1525122000,222,'',1525449949,9),(2252,7,253,238,NULL,NULL,0,1525122000,222,'',1525450048,9),(2253,7,252,239,NULL,NULL,0,1525122000,222,'',1525450114,9),(2254,7,251,240,NULL,NULL,0,1525122000,222,'',1525450169,9),(2255,7,250,241,NULL,NULL,0,1525122000,222,'',1525450276,9),(2256,1,256,NULL,NULL,NULL,1000,1525122000,222,'',1525450415,9),(2257,6,256,NULL,NULL,NULL,0,1525122000,222,'',1525450415,9),(2258,7,256,242,NULL,NULL,0,1525122000,222,'',1525450469,9),(2259,1,257,NULL,NULL,NULL,1000,1525122000,222,'',1525450545,9),(2260,6,257,NULL,NULL,NULL,0,1525122000,222,'',1525450545,9),(2261,7,257,243,NULL,NULL,0,1525035600,111,'',1525450627,9),(2262,1,258,NULL,NULL,NULL,1000,1524949200,222,'',1525450741,9),(2263,6,258,NULL,NULL,NULL,0,1524949200,222,'',1525450741,9),(2264,7,258,244,NULL,NULL,0,1525035600,222,'',1525450819,9),(2265,7,258,245,NULL,NULL,0,1525035600,222,'',1525450995,9),(2266,7,258,246,NULL,NULL,0,1524949200,222,'',1525451246,9),(2267,1,259,NULL,NULL,NULL,1000,1525035600,222,'',1525451368,9),(2268,6,259,NULL,NULL,NULL,0,1525035600,222,'',1525451368,9),(2269,7,259,247,NULL,NULL,0,1525035600,222,'',1525451428,9),(2270,7,250,248,NULL,NULL,0,1525035600,222,'',1525451498,9),(2271,7,250,249,NULL,NULL,0,1525122000,222,'',1525451563,9),(2272,7,251,250,NULL,NULL,0,1525122000,22,'',1525451655,9),(2273,7,253,251,NULL,NULL,0,1525035600,222,'',1525451775,9),(2274,7,252,252,NULL,NULL,0,1525122000,222,'',1525451870,9),(2275,1,260,NULL,NULL,NULL,1000,1526158800,777,'',1526197938,5),(2276,6,260,NULL,NULL,NULL,0,1526158800,777,'',1526197938,5),(2277,1,261,NULL,NULL,NULL,1000,1526158800,777,'',1526197950,5),(2278,6,261,NULL,NULL,NULL,0,1526158800,777,'',1526197950,5),(2279,3,253,251,NULL,NULL,250,1525726800,333,'',1526397740,9),(2280,10,253,251,NULL,NULL,0,1525726800,333,'',1526397740,9),(2281,3,252,252,NULL,NULL,250,1525726800,333,'',1526397764,9),(2282,10,252,252,NULL,NULL,0,1525726800,333,'',1526397764,9),(2283,3,251,250,NULL,NULL,250,1525726800,333,'',1526397785,9),(2284,10,251,250,NULL,NULL,0,1525726800,333,'',1526397785,9),(2285,3,250,249,NULL,NULL,250,1525726800,333,'',1526397842,9),(2286,10,250,249,NULL,NULL,0,1525726800,333,'',1526397842,9),(2287,3,249,233,NULL,NULL,250,1525726800,333,'',1526397857,9),(2288,10,249,233,NULL,NULL,0,1525726800,333,'',1526397857,9),(2289,4,172,NULL,2636,NULL,432,1526331600,333,'',1526397955,9),(2290,4,237,NULL,2692,NULL,432,1525813200,333,'',1526398149,9),(2291,4,214,NULL,2707,NULL,36,1525640400,333,'',1526398194,9),(2292,4,214,NULL,2708,NULL,36,1526331600,333,'',1526398252,9),(2293,4,38,NULL,2774,NULL,1000,1525640400,333,'',1526398303,9),(2294,4,53,NULL,1278,NULL,1696,1525554000,333,'',1526398381,9),(2295,4,195,NULL,2583,NULL,36,1526331600,111,'',1526398495,9),(2301,4,168,NULL,1354,NULL,1700,1525640400,222,'',1526398744,9),(2302,4,101,NULL,1492,NULL,495,1525467600,111,'',1526398778,9),(2303,7,260,253,NULL,NULL,0,1526072400,222,'',1526399013,9),(2304,4,232,NULL,2427,NULL,28,1524517200,333,'',1526399248,9),(2305,4,232,NULL,2428,NULL,28,1524690000,222,'',1526399270,9),(2306,4,232,NULL,2429,NULL,28,1526331600,222,'',1526399294,9),(2308,4,210,NULL,2544,NULL,1349,1526331600,222,'',1526399484,9),(2309,1,262,NULL,NULL,NULL,1000,1526418000,1111,'',1526473451,9),(2310,6,262,NULL,NULL,NULL,0,1526418000,1111,'',1526473451,9),(2311,7,262,254,NULL,NULL,0,1526418000,111,'',1526473553,9),(2312,3,262,254,NULL,NULL,1500,1525640400,111,'',1526473580,9),(2313,10,262,254,NULL,NULL,0,1525640400,111,'',1526473580,9),(2314,3,194,235,NULL,NULL,250,1525726800,111,'',1526473662,9),(2315,10,194,235,NULL,NULL,0,1525726800,111,'',1526473662,9),(2316,1,263,NULL,NULL,NULL,1000,1526418000,111,'',1526474494,9),(2317,6,263,NULL,NULL,NULL,0,1526418000,111,'',1526474494,9),(2318,7,225,255,NULL,NULL,0,1526418000,111,'',1526474858,9),(2319,3,225,255,NULL,NULL,600,1525467600,111,'',1526474880,9),(2320,10,225,255,NULL,NULL,0,1525467600,111,'',1526474880,9),(2321,4,253,NULL,2748,NULL,450,1526418000,666,'',1526484185,9),(2322,4,252,NULL,2751,NULL,450,1526418000,666,'',1526484211,9),(2323,4,251,NULL,2754,NULL,450,1526418000,666,'',1526484228,9),(2324,4,250,NULL,2757,NULL,450,1526418000,666,'',1526484247,9),(2325,4,249,NULL,2760,NULL,32,1526418000,666,'',1526484278,9),(2326,7,249,256,NULL,NULL,0,1524776400,222,'',1526484430,9),(2327,3,249,256,NULL,NULL,250,1525726800,333,'',1526484451,9),(2328,10,249,256,NULL,NULL,0,1525726800,333,'',1526484451,9),(2329,4,249,NULL,2804,NULL,450,1526418000,666,'',1526484466,9),(2330,1,264,NULL,NULL,NULL,1000,1502917200,1111,'',1526549279,9),(2331,6,264,NULL,NULL,NULL,0,1502917200,1111,'',1526549279,9),(2332,7,264,257,NULL,NULL,0,1526504400,111,'',1526550199,9),(2333,3,264,257,NULL,NULL,40000,1526504400,1111,'',1526550220,9),(2334,10,264,257,NULL,NULL,0,1526504400,1111,'',1526550220,9),(2335,7,191,258,NULL,NULL,0,1526504400,111,'',1526556155,9),(2336,3,191,258,NULL,NULL,225,1527022800,111,'',1527086195,5),(2337,10,191,258,NULL,NULL,0,1527022800,111,'',1527086195,5),(2338,4,191,NULL,2819,NULL,34,1526590800,333,'',1527136186,9),(2340,4,195,NULL,2584,NULL,36,1527022800,111,'',1527136249,9),(2341,4,74,NULL,1287,NULL,874,1526590800,111,'',1527136302,9),(2342,4,253,NULL,2749,NULL,450,1527022800,222,'',1527136368,9),(2343,4,252,NULL,2752,NULL,450,1527022800,222,'',1527136386,9),(2344,4,251,NULL,2755,NULL,450,1527022800,222,'',1527136408,9),(2345,4,249,NULL,2805,NULL,450,1527022800,222,'',1527136433,9),(2346,4,250,NULL,2758,NULL,450,1527022800,222,'',1527136462,9),(2348,4,223,NULL,2530,NULL,36,1527195600,222,'',1527137289,9),(2349,4,223,NULL,2531,NULL,36,1525726800,222,'',1527137301,9),(2350,4,223,NULL,2532,NULL,360,1527022800,222,'',1527137336,9),(2351,4,184,NULL,2734,NULL,32,1524862800,222,'',1527137995,9),(2352,4,184,NULL,2735,NULL,36,1525122000,222,'',1527138007,9),(2353,4,38,NULL,2833,NULL,40,1525986000,222,'',1527138214,9),(2354,4,184,NULL,2736,NULL,36,1525208400,222,'',1527138239,9),(2355,4,184,NULL,2737,NULL,36,1525294800,111,'',1527138251,9),(2357,4,184,NULL,2738,NULL,36,1525381200,222,'',1527138302,9),(2358,4,184,NULL,2739,NULL,36,1525467600,222,'',1527138313,9),(2359,4,184,NULL,2740,NULL,36,1525554000,222,'',1527138322,9),(2360,4,184,NULL,2741,NULL,36,1525640400,222,'',1527138336,9),(2361,4,184,NULL,2742,NULL,36,1525813200,222,'',1527138345,9),(2362,4,184,NULL,2743,NULL,36,1526245200,222,'',1527138363,9),(2363,4,184,NULL,2744,NULL,36,1526418000,222,'',1527138381,9),(2364,4,184,NULL,2745,NULL,108,1527022800,222,'',1527138442,9),(2365,4,231,NULL,2307,NULL,840,1526590800,111,'',1527138532,9),(2366,4,195,NULL,2585,NULL,36,1527022800,222,'',1527138567,9),(2367,4,214,NULL,2709,NULL,324,1526590800,222,'',1527138638,9),(2368,3,258,246,NULL,NULL,250,1526504400,222,'',1527138761,9),(2369,10,258,246,NULL,NULL,0,1526504400,222,'',1527138761,9),(2370,3,244,230,NULL,NULL,250,1526504400,222,'',1527138781,9),(2371,10,244,230,NULL,NULL,0,1526504400,222,'',1527138781,9),(2372,3,247,229,NULL,NULL,250,1526504400,222,'',1527138810,9),(2373,10,247,229,NULL,NULL,0,1526504400,222,'',1527138810,9),(2374,3,259,247,NULL,NULL,250,1526504400,222,'',1527138827,9),(2375,10,259,247,NULL,NULL,0,1526504400,222,'',1527138827,9),(2376,1,265,NULL,NULL,NULL,1000,1526504400,222,'',1527139005,9),(2377,6,265,NULL,NULL,NULL,0,1526504400,222,'',1527139005,9),(2378,7,265,259,NULL,NULL,0,1526590800,222,'',1527139074,9),(2379,7,237,260,NULL,NULL,0,1525813200,222,'',1527139198,9),(2380,4,9,NULL,2846,NULL,620,1526418000,111,'',1527139375,9),(2381,4,74,NULL,1288,NULL,874,1525640400,111,'',1527139431,9),(2382,1,266,NULL,NULL,NULL,1000,1527109200,1122,'',1527159382,9),(2383,6,266,NULL,NULL,NULL,0,1527109200,1122,'',1527159382,9),(2384,3,265,259,NULL,NULL,250,1527368400,222,'',1527741356,9),(2385,10,265,259,NULL,NULL,0,1527368400,222,'',1527741356,9),(2386,4,265,NULL,2848,NULL,32,1527454800,222,'',1527741386,9),(2387,4,265,NULL,2849,NULL,36,1527541200,222,'',1527741399,9),(2388,4,265,NULL,2850,NULL,36,1527627600,222,'',1527741415,9),(2389,4,191,NULL,2820,NULL,32,1526850000,111,'',1527741535,9),(2390,4,191,NULL,2821,NULL,32,1527195600,111,'',1527741549,9),(2391,4,191,NULL,2822,NULL,32,1527627600,111,'',1527741562,9),(2392,3,245,228,NULL,NULL,250,1527109200,222,'',1527741769,9),(2393,10,245,228,NULL,NULL,0,1527109200,222,'',1527741769,9),(2394,4,258,NULL,2834,NULL,450,1527195600,222,'',1527741831,9),(2395,4,244,NULL,2837,NULL,450,1527195600,222,'',1527741942,9),(2396,4,247,NULL,2840,NULL,450,1527195600,222,'',1527741968,9),(2397,4,259,NULL,2843,NULL,450,1527195600,222,'',1527741999,9),(2398,4,249,NULL,2806,NULL,450,1527627600,222,'',1527742356,9),(2399,4,250,NULL,2759,NULL,450,1527627600,222,'',1527742381,9),(2400,4,251,NULL,2756,NULL,450,1527627600,222,'',1527742398,9),(2401,4,252,NULL,2753,NULL,450,1527627600,222,'',1527742416,9),(2402,4,253,NULL,2750,NULL,450,1527627600,222,'',1527742436,9),(2403,4,190,NULL,1437,NULL,210,1525122000,22,'',1527743220,9),(2404,7,264,261,NULL,NULL,0,1528146000,222,'',1528197191,9),(2405,7,264,262,NULL,NULL,0,1528146000,222,'',1528197292,9),(2406,4,265,NULL,2851,NULL,36,1528146000,333,'',1528529488,9),(2407,4,205,NULL,1627,NULL,71,1528146000,333,'',1528529912,9),(2408,4,205,NULL,1628,NULL,71,1528232400,333,'',1528529925,9),(2409,4,231,NULL,2308,NULL,840,1528405200,333,'',1528529984,9),(2410,4,74,NULL,1289,NULL,874,1528405200,333,'',1528530029,9),(2411,7,171,263,NULL,NULL,0,1527454800,222,'',1528531159,9),(2412,3,171,263,NULL,NULL,250,1528491600,222,'',1528531174,9),(2413,10,171,263,NULL,NULL,0,1528491600,222,'',1528531174,9),(2414,4,101,NULL,1493,NULL,495,1528146000,333,'',1528531238,9),(2415,4,244,NULL,2838,NULL,450,1528232400,222,'',1528531446,9),(2416,4,258,NULL,2835,NULL,450,1528232400,222,'',1528531471,9),(2417,1,267,NULL,NULL,NULL,1000,1528750800,111,'',1528792549,5),(2418,6,267,NULL,NULL,NULL,0,1528750800,111,'',1528792549,5),(2419,1,268,NULL,NULL,NULL,1000,1528750800,111,'',1528792945,5),(2420,6,268,NULL,NULL,NULL,0,1528750800,111,'',1528792945,5),(2421,1,269,NULL,NULL,NULL,1000,1528837200,111,'',1528883844,5),(2422,6,269,NULL,NULL,NULL,0,1528837200,111,'',1528883844,5),(2423,1,270,NULL,NULL,NULL,1000,1528837200,222,'',1528884215,5),(2424,6,270,NULL,NULL,NULL,0,1528837200,222,'',1528884215,5),(2425,4,258,NULL,2836,NULL,450,1528491600,222,'',1528964066,9),(2426,4,244,NULL,2839,NULL,450,1528491600,222,'',1528964183,9),(2427,4,245,NULL,2862,NULL,450,1528491600,222,'',1528964281,9),(2428,4,259,NULL,2844,NULL,450,1528491600,222,'',1528965227,9),(2429,4,247,NULL,2841,NULL,450,1528491600,222,'',1528965256,9),(2430,7,267,264,NULL,NULL,0,1528750800,222,'',1528966063,9),(2431,3,237,260,NULL,NULL,250,1528491600,222,'',1528966112,9),(2432,10,237,260,NULL,NULL,0,1528491600,222,'',1528966112,9),(2433,7,268,265,NULL,NULL,0,1528750800,222,'',1528966207,9),(2434,1,271,NULL,NULL,NULL,1000,1528664400,222,'',1528966846,9),(2435,6,271,NULL,NULL,NULL,0,1528664400,222,'',1528966846,9),(2436,7,271,266,NULL,NULL,0,1528664400,222,'',1528966881,9),(2437,4,53,NULL,1279,NULL,1000,1528664400,333,'',1528969053,9),(2438,4,245,NULL,2863,NULL,450,1529010000,222,'',1529051718,9),(2439,4,247,NULL,2842,NULL,450,1529010000,222,'',1529051773,9),(2440,3,246,224,NULL,NULL,250,1529010000,222,'',1529139347,9),(2441,10,246,224,NULL,NULL,0,1529010000,222,'',1529139347,9),(2442,7,240,267,NULL,NULL,0,1529096400,222,'',1529139396,9),(2443,3,240,267,NULL,NULL,250,1529096400,222,'',1529139413,9),(2444,10,240,267,NULL,NULL,0,1529096400,222,'',1529139413,9),(2445,3,255,236,NULL,NULL,250,1529096400,222,'',1529139466,9),(2446,10,255,236,NULL,NULL,0,1529096400,222,'',1529139466,9),(2447,4,171,NULL,2868,NULL,32,1529010000,222,'',1529139588,9),(2448,4,171,NULL,2869,NULL,36,1529096400,222,'',1529139596,9),(2449,7,246,268,NULL,NULL,0,1527541200,222,'',1529139742,9),(2450,3,246,268,NULL,NULL,250,1529010000,222,'',1529139755,9),(2451,10,246,268,NULL,NULL,0,1529010000,222,'',1529139755,9),(2452,4,246,NULL,2936,NULL,32,1529096400,222,'',1529153381,9),(2453,3,267,264,NULL,NULL,250,1529182800,222,'',1529296077,9),(2454,10,267,264,NULL,NULL,0,1529182800,222,'',1529296077,9),(2455,3,268,265,NULL,NULL,250,1529182800,222,'',1529296102,9),(2456,10,268,265,NULL,NULL,0,1529182800,222,'',1529296102,9),(2457,4,246,NULL,2937,NULL,36,1529182800,222,'',1529296126,9),(2458,7,223,269,NULL,NULL,0,1529269200,222,'',1529322101,9),(2459,8,9,NULL,NULL,1038,250,1529355600,333,'',1529383697,6),(2460,8,53,NULL,NULL,1039,250,1529355600,333,'',1529383718,6),(2461,8,89,NULL,NULL,1040,250,1529355600,333,'',1529383752,6),(2462,8,6,NULL,NULL,1041,250,1529355600,333,'',1529383768,6),(2463,8,122,NULL,NULL,1042,250,1529355600,333,'',1529383795,6),(2464,8,70,NULL,NULL,1043,250,1529355600,333,'',1529385003,6),(2465,8,17,NULL,NULL,1044,250,1529355600,333,'',1529385017,6),(2466,8,128,NULL,NULL,1045,250,1529355600,333,'',1529385029,6),(2467,8,141,NULL,NULL,1046,250,1529355600,333,'',1529385043,6),(2468,8,27,NULL,NULL,1047,250,1529355600,333,'',1529385060,6),(2469,8,241,NULL,NULL,1048,250,1529355600,333,'',1529385075,6),(2470,8,10,NULL,NULL,1049,250,1529355600,333,'',1529385105,6),(2471,8,64,NULL,NULL,1050,250,1529355600,333,'',1529385120,6),(2472,8,44,NULL,NULL,1051,250,1529355600,333,'',1529385132,6),(2473,8,68,NULL,NULL,1052,250,1529355600,333,'',1529385141,6),(2474,8,85,NULL,NULL,1053,250,1529355600,333,'',1529385151,6),(2475,8,93,NULL,NULL,1054,250,1529355600,333,'',1529385172,6),(2476,8,112,NULL,NULL,1055,250,1529355600,333,'',1529385187,6),(2477,8,12,NULL,NULL,1056,250,1529355600,333,'',1529385196,6),(2478,8,145,NULL,NULL,1057,250,1529355600,333,'',1529385206,6),(2479,8,13,NULL,NULL,1058,250,1529355600,333,'',1529385217,6),(2480,8,157,NULL,NULL,1059,250,1529355600,333,'',1529385229,6),(2481,8,75,NULL,NULL,1060,250,1529355600,333,'',1529385241,6),(2482,8,78,NULL,NULL,1061,250,1529355600,333,'',1529385251,6),(2483,8,116,NULL,NULL,1062,250,1529355600,333,'',1529385264,6),(2484,8,139,NULL,NULL,1063,250,1529355600,333,'',1529385288,6),(2485,8,58,NULL,NULL,1064,250,1529355600,333,'',1529385355,6),(2486,8,15,NULL,NULL,1065,250,1529355600,333,'',1529385369,6),(2487,8,33,NULL,NULL,1066,250,1529355600,333,'',1529385382,6),(2488,8,5,NULL,NULL,1067,250,1529355600,333,'',1529385397,6),(2489,8,28,NULL,NULL,1068,250,1529355600,333,'',1529385410,6),(2490,8,37,NULL,NULL,1069,250,1529355600,333,'',1529385423,6),(2491,8,121,NULL,NULL,1070,250,1529355600,333,'',1529385437,6),(2492,8,125,NULL,NULL,1071,250,1529355600,333,'',1529385453,6),(2493,8,127,NULL,NULL,1072,250,1529355600,333,'',1529385466,6),(2494,8,30,NULL,NULL,1073,250,1529355600,333,'',1529385484,6),(2495,8,113,NULL,NULL,1074,250,1529355600,333,'',1529385686,6),(2496,8,147,NULL,NULL,1075,250,1529355600,333,'',1529385721,6),(2497,8,38,NULL,NULL,1076,250,1529355600,333,'',1529385837,6),(2498,8,67,NULL,NULL,1077,250,1529355600,333,'',1529385888,6),(2499,8,41,NULL,NULL,1078,250,1529355600,333,'',1529385901,6),(2500,8,170,NULL,NULL,1079,250,1529355600,333,'',1529385917,6),(2501,8,42,NULL,NULL,1080,250,1529355600,333,'',1529385934,6),(2502,8,119,NULL,NULL,1081,250,1529355600,333,'',1529385950,6),(2503,8,31,NULL,NULL,1082,250,1529355600,333,'',1529385976,6),(2504,8,59,NULL,NULL,1083,250,1529355600,333,'',1529385988,6),(2505,8,198,NULL,NULL,1084,250,1529355600,333,'',1529386009,6),(2506,8,7,NULL,NULL,1085,250,1529355600,333,'',1529386029,6),(2507,8,4,NULL,NULL,1086,250,1529355600,333,'',1529386044,6),(2508,8,36,NULL,NULL,1087,250,1529355600,333,'',1529386064,6),(2509,8,117,NULL,NULL,1088,250,1529355600,333,'',1529386097,6),(2510,8,57,NULL,NULL,1089,250,1529355600,333,'',1529386116,6),(2511,8,3,NULL,NULL,1090,250,1529355600,333,'',1529386132,6),(2512,8,19,NULL,NULL,1091,250,1529355600,333,'',1529386160,6),(2513,8,20,NULL,NULL,1092,250,1529355600,333,'',1529386185,6),(2516,7,251,270,NULL,NULL,0,1529355600,0,'',1529420256,9),(2517,3,251,270,NULL,NULL,509,1529355600,0,'',1529420277,9),(2518,10,251,270,NULL,NULL,0,1529355600,0,'',1529420277,9),(2519,7,249,271,NULL,NULL,0,1529010000,222,'',1529468484,9),(2520,3,249,271,NULL,NULL,509,1529355600,222,'',1529468511,9),(2521,10,249,271,NULL,NULL,0,1529355600,222,'',1529468511,9),(2522,7,252,272,NULL,NULL,0,1529010000,222,'',1529468701,9),(2523,3,252,272,NULL,NULL,509,1529355600,222,'',1529468725,9),(2524,10,252,272,NULL,NULL,0,1529355600,222,'',1529468725,9),(2525,4,246,NULL,2938,NULL,36,1529269200,222,'',1529468786,9),(2527,4,187,NULL,2482,NULL,144,1529528400,555,'',1529555024,9),(2528,4,197,NULL,1417,NULL,42,1529528400,555,'',1529555040,9),(2529,4,173,NULL,300,NULL,360,1529528400,555,'',1529555061,9),(2530,1,272,NULL,NULL,NULL,1000,1529355600,222,'',1529555354,9),(2531,6,272,NULL,NULL,NULL,0,1529355600,222,'',1529555354,9),(2532,4,53,NULL,1274,NULL,1300,1529442000,111,'',1529556340,9),(2533,4,53,NULL,1280,NULL,1696,1529442000,111,'',1529556356,9),(2534,4,245,NULL,2864,NULL,450,1529614800,222,'',1529677596,9),(2535,7,58,273,NULL,NULL,0,1529701200,111,'',1529741537,6),(2536,3,58,273,NULL,NULL,700,1529701200,111,'',1529741609,6),(2537,10,58,273,NULL,NULL,0,1529701200,111,'',1529741609,6),(2538,4,171,NULL,2870,NULL,36,1529442000,222,'',1529743585,6),(2539,4,171,NULL,2871,NULL,396,1529528400,222,'',1529743613,6),(2540,7,171,274,NULL,NULL,0,1529614800,333,'',1529743700,6),(2541,7,272,275,NULL,NULL,0,1529614800,343,'',1529743758,6),(2542,4,267,NULL,2950,NULL,32,1529614800,333,'',1529743858,6),(2543,4,74,NULL,1290,NULL,874,1529614800,333,'',1529743889,6),(2544,1,273,NULL,NULL,NULL,1000,1529701200,222,'',1529744214,9),(2545,6,273,NULL,NULL,NULL,0,1529701200,222,'',1529744214,9),(2546,7,273,276,NULL,NULL,0,1529701200,222,'',1529744480,9),(2547,1,274,NULL,NULL,NULL,1000,1529787600,222,'',1529744609,9),(2548,6,274,NULL,NULL,NULL,0,1529787600,222,'',1529744609,9),(2549,7,274,277,NULL,NULL,0,1529701200,222,'',1529744862,9),(2550,7,273,278,NULL,NULL,0,1529614800,333,'',1529744974,9),(2551,1,275,NULL,NULL,NULL,1000,1529701200,222,'',1529745087,9),(2552,6,275,NULL,NULL,NULL,0,1529701200,222,'',1529745087,9),(2553,7,275,279,NULL,NULL,0,1529701200,222,'',1529745145,9),(2555,4,246,NULL,2940,NULL,36,1529442000,333,'',1529745289,9),(2556,4,246,NULL,2941,NULL,36,1529528400,333,'',1529745297,9),(2557,4,154,NULL,53,NULL,6400,1529701200,127,'',1529755094,6),(2558,5,154,NULL,54,1105,250,1529701200,3,'',1529755136,0),(2559,4,267,NULL,2951,NULL,36,1529787600,111,'',1529905551,9),(2560,4,268,NULL,2964,NULL,32,1529787600,111,'',1529905580,9),(2562,7,274,280,NULL,NULL,0,1528232400,222,'',1529905702,9),(2563,3,274,280,NULL,NULL,350,1529701200,222,'',1529905727,9),(2564,10,274,280,NULL,NULL,0,1529701200,222,'',1529905727,9),(2565,7,254,281,NULL,NULL,0,1527541200,333,'',1529905796,9),(2566,3,254,281,NULL,NULL,150,1529701200,222,'',1529905815,9),(2567,10,254,281,NULL,NULL,0,1529701200,222,'',1529905815,9),(2568,7,257,282,NULL,NULL,0,1527454800,222,'',1529905871,9),(2569,3,257,282,NULL,NULL,150,1529701200,222,'',1529905895,9),(2570,10,257,282,NULL,NULL,0,1529701200,222,'',1529905895,9),(2571,3,256,242,NULL,NULL,250,1529701200,222,'',1529905928,9),(2572,10,256,242,NULL,NULL,0,1529701200,222,'',1529905928,9),(2573,7,273,283,NULL,NULL,0,1527454800,222,'',1529906028,9),(2574,3,273,283,NULL,NULL,250,1529701200,222,'',1529906051,9),(2575,10,273,283,NULL,NULL,0,1529701200,222,'',1529906051,9),(2576,7,275,284,NULL,NULL,0,1527454800,222,'',1529906123,9),(2577,3,275,284,NULL,NULL,250,1529701200,222,'',1529906145,9),(2578,10,275,284,NULL,NULL,0,1529701200,222,'',1529906145,9),(2579,7,171,285,NULL,NULL,0,1529701200,222,'',1529906274,9),(2580,7,256,286,NULL,NULL,0,1527454800,222,'',1529906502,9),(2581,3,256,286,NULL,NULL,150,1529701200,222,'',1529906516,9),(2582,10,256,286,NULL,NULL,0,1529701200,222,'',1529906516,9),(2583,7,250,287,NULL,NULL,0,1529701200,222,'',1529906887,9),(2584,3,250,287,NULL,NULL,509,1529701200,222,'',1529906906,9),(2585,10,250,287,NULL,NULL,0,1529701200,222,'',1529906906,9),(2586,7,253,288,NULL,NULL,0,1527454800,222,'',1529907070,9),(2587,3,253,288,NULL,NULL,435,1529701200,222,'',1529907087,9),(2588,10,253,288,NULL,NULL,0,1529701200,222,'',1529907087,9),(2589,4,254,NULL,3005,NULL,27,1529874000,222,'',1529986463,9),(2590,4,256,NULL,3053,NULL,27,1529874000,111,'',1529986485,9),(2591,4,257,NULL,3019,NULL,27,1529874000,111,'',1529986523,9),(2592,7,179,289,NULL,NULL,0,1529874000,222,'',1529986665,9),(2593,7,209,290,NULL,NULL,0,1529701200,222,'',1529986757,9),(2594,3,171,285,NULL,NULL,400,1530046800,1111,'',1530076062,6),(2595,10,171,285,NULL,NULL,0,1530046800,1111,'',1530076062,6),(2596,3,272,275,NULL,NULL,150,1530046800,222,'',1530099297,9),(2597,10,272,275,NULL,NULL,0,1530046800,222,'',1530099297,9),(2598,4,246,NULL,2939,NULL,36,1529355600,222,'',1530162651,9),(2599,4,246,NULL,2942,NULL,36,1529874000,222,'',1530162700,9),(2600,4,246,NULL,2943,NULL,36,1529960400,222,'',1530162711,9),(2601,4,246,NULL,2944,NULL,36,1530046800,222,'',1530162722,9),(2602,4,256,NULL,3054,NULL,21,1529960400,222,'',1530162776,9),(2604,4,257,NULL,3020,NULL,21,1529960400,222,'',1530162817,9),(2605,7,154,291,NULL,NULL,0,1528146000,1111,'',1530164880,9),(2606,3,154,291,NULL,NULL,2050,1528146000,222,'',1530164901,9),(2607,10,154,291,NULL,NULL,0,1528146000,222,'',1530164901,9),(2608,4,257,NULL,3021,NULL,21,1530046800,222,'',1530248812,9),(2609,4,257,NULL,3022,NULL,21,1530133200,222,'',1530248823,9),(2610,4,254,NULL,3006,NULL,21,1529960400,222,'',1530248946,9),(2611,4,254,NULL,3007,NULL,21,1530046800,222,'',1530248958,9),(2612,4,254,NULL,3008,NULL,21,1530133200,222,'',1530248974,9),(2613,4,256,NULL,3055,NULL,21,1530046800,222,'',1530249020,9),(2614,4,256,NULL,3056,NULL,21,1530133200,222,'',1530249031,9),(2616,4,240,NULL,2909,NULL,36,1530219600,222,'',1530345011,9),(2617,4,246,NULL,2945,NULL,36,1530133200,2222,'',1530345085,9),(2618,4,246,NULL,2946,NULL,36,1530219600,222,'',1530345103,9),(2619,4,272,NULL,3097,NULL,27,1530219600,222,'',1530345174,9),(2620,4,254,NULL,3009,NULL,21,1530219600,222,'',1530345222,9),(2621,1,276,NULL,NULL,NULL,1000,1530219600,222,'',1530345626,9),(2622,6,276,NULL,NULL,NULL,0,1530219600,222,'',1530345626,9),(2623,7,276,292,NULL,NULL,0,1530306000,222,'',1530345695,9),(2624,4,267,NULL,2952,NULL,432,1530219600,222,'',1530346763,9),(2625,4,257,NULL,3023,NULL,21,1530219600,222,'',1530346812,9),(2626,4,256,NULL,3057,NULL,21,1530219600,222,'',1530346847,9),(2627,4,191,NULL,2823,NULL,32,1529874000,222,'',1530346922,9),(2628,4,246,NULL,2947,NULL,36,1530478800,222,'',1530592309,9),(2630,4,268,NULL,2965,NULL,36,1530219600,222,'',1530592489,9),(2631,4,268,NULL,2966,NULL,36,1530478800,222,'',1530592512,9),(2632,4,272,NULL,3098,NULL,21,1530478800,222,'',1530592544,9),(2633,4,256,NULL,3058,NULL,21,1530478800,222,'',1530592579,9),(2634,4,254,NULL,3010,NULL,21,1530478800,222,'',1530592605,9),(2636,4,257,NULL,3024,NULL,21,1530306000,222,'',1530593547,9),(2637,4,254,NULL,3011,NULL,21,1530565200,222,'',1530600826,9),(2638,4,254,NULL,3012,NULL,21,1530565200,222,'',1530680558,9),(2639,4,246,NULL,2948,NULL,72,1530565200,222,'',1530680596,9),(2640,7,246,293,NULL,NULL,0,1530565200,222,'',1530680647,9),(2641,3,246,293,NULL,NULL,250,1530565200,222,'',1530680669,9),(2642,10,246,293,NULL,NULL,0,1530565200,222,'',1530680669,9),(2643,7,171,294,NULL,NULL,0,1530565200,22,'',1530680727,9),(2644,3,171,294,NULL,NULL,400,1530565200,222,'',1530680772,9),(2645,10,171,294,NULL,NULL,0,1530565200,222,'',1530680772,9),(2646,3,276,292,NULL,NULL,250,1530565200,222,'',1530680793,9),(2647,10,276,292,NULL,NULL,0,1530565200,222,'',1530680793,9),(2648,4,256,NULL,3059,NULL,21,1530565200,222,'',1530680851,9),(2649,4,272,NULL,3099,NULL,21,1530565200,222,'',1530680917,9),(2650,4,275,NULL,3050,NULL,450,1530565200,222,'',1530680961,9),(2651,4,274,NULL,3002,NULL,640,1530565200,222,'',1530681018,9),(2652,4,273,NULL,3047,NULL,450,1530565200,222,'',1530681082,9),(2653,1,277,NULL,NULL,NULL,1000,1530651600,222,'',1530681343,9),(2654,6,277,NULL,NULL,NULL,0,1530651600,222,'',1530681343,9),(2655,7,277,295,NULL,NULL,0,1528232400,222,'',1530681419,9),(2656,3,277,295,NULL,NULL,200,1530565200,222,'',1530681437,9),(2657,10,277,295,NULL,NULL,0,1530565200,222,'',1530681437,9),(2658,4,246,NULL,3118,NULL,32,1530738000,333,'',1531208174,9),(2659,4,246,NULL,3119,NULL,36,1531083600,333,'',1531208197,9),(2660,4,272,NULL,3100,NULL,21,1530738000,333,'',1531208229,9),(2661,4,252,NULL,2990,NULL,920,1530997200,111,'',1531208289,9),(2662,4,250,NULL,3068,NULL,920,1530824400,222,'',1531208314,9),(2663,4,251,NULL,2981,NULL,920,1530824400,222,'',1531208343,9),(2664,4,249,NULL,2986,NULL,920,1530824400,222,'',1531208372,9),(2665,4,253,NULL,3072,NULL,784,1530824400,222,'',1531208445,9),(2666,4,274,NULL,3003,NULL,630,1530824400,222,'',1531208480,9),(2667,4,275,NULL,3051,NULL,450,1530824400,222,'',1531208505,9),(2668,4,273,NULL,3048,NULL,450,1530824400,222,'',1531208537,9),(2669,4,171,NULL,3132,NULL,60,1530651600,222,'',1531210339,9),(2670,4,171,NULL,3133,NULL,57,1530738000,222,'',1531210352,9),(2671,4,171,NULL,3134,NULL,57,1530824400,222,'',1531210372,9),(2672,4,171,NULL,3135,NULL,57,1530910800,222,'',1531210388,9),(2673,4,171,NULL,3136,NULL,57,1530997200,222,'',1531210405,9),(2674,4,53,NULL,1281,NULL,1696,1530824400,222,'',1531210564,9),(2675,4,231,NULL,2309,NULL,500,1530824400,111,'',1531210588,9),(2676,4,254,NULL,3013,NULL,21,1531083600,111,'',1531210735,9),(2677,4,256,NULL,3060,NULL,21,1530824400,222,'',1531210759,9),(2678,4,256,NULL,3061,NULL,21,1530824400,222,'',1531210773,9),(2679,4,257,NULL,3025,NULL,21,1530565200,111,'',1531210939,9),(2680,4,257,NULL,3026,NULL,21,1531170000,222,'',1531210960,9),(2681,4,257,NULL,3027,NULL,21,1530738000,222,'',1531211455,9),(2683,4,237,NULL,2890,NULL,32,1528750800,222,'',1531216535,9),(2684,4,237,NULL,2891,NULL,36,1529355600,222,'',1531216555,9),(2685,4,237,NULL,2892,NULL,36,1529874000,222,'',1531216580,9),(2686,4,237,NULL,2893,NULL,396,1531170000,222,'',1531216598,9),(2687,4,200,NULL,1987,NULL,324,1531170000,222,'',1531216714,9),(2688,4,246,NULL,3120,NULL,36,1531170000,222,'',1531243221,9),(2689,4,257,NULL,3028,NULL,105,1531170000,333,'',1531244346,9),(2690,4,256,NULL,3062,NULL,21,1531083600,222,'',1531244426,9),(2691,1,278,NULL,NULL,NULL,1000,1531342800,2222,'',1531295076,9),(2692,6,278,NULL,NULL,NULL,0,1531342800,2222,'',1531295076,9),(2693,1,279,NULL,NULL,NULL,1000,1531256400,2222,'',1531295203,9),(2694,6,279,NULL,NULL,NULL,0,1531256400,2222,'',1531295203,9),(2695,1,280,NULL,NULL,NULL,1000,1530738000,222,'',1531295395,9),(2696,6,280,NULL,NULL,NULL,0,1530738000,222,'',1531295395,9),(2697,7,280,296,NULL,NULL,0,1530565200,222,'',1531295592,9),(2698,3,179,289,NULL,NULL,250,1531170000,2222,'',1531295688,9),(2699,10,179,289,NULL,NULL,0,1531170000,2222,'',1531295688,9),(2700,7,279,297,NULL,NULL,0,1531256400,222,'',1531295763,9),(2701,1,281,NULL,NULL,NULL,1000,1531256400,222,'',1531296032,9),(2702,6,281,NULL,NULL,NULL,0,1531256400,222,'',1531296032,9),(2703,1,282,NULL,NULL,NULL,1000,1530565200,222,'',1531296133,9),(2704,6,282,NULL,NULL,NULL,0,1530565200,222,'',1531296133,9),(2705,7,282,298,NULL,NULL,0,1531256400,222,'',1531296229,9),(2706,4,276,NULL,3153,NULL,32,1531256400,222,'',1531467705,6),(2707,4,254,NULL,3014,NULL,105,1531256400,333,'',1531467725,6),(2710,4,240,NULL,2908,NULL,32,1529960400,222,'',1531468059,6),(2711,4,240,NULL,2910,NULL,36,1530651600,333,'',1531468075,6),(2712,4,240,NULL,2911,NULL,246,1531256400,222,'',1531468092,6),(2713,4,240,NULL,2912,NULL,150,1531429200,333,'',1531468102,6),(2714,4,272,NULL,3101,NULL,21,1530824400,222,'',1531468139,6),(2715,4,272,NULL,3102,NULL,119,1531256400,333,'',1531468164,6),(2716,4,272,NULL,3103,NULL,70,1531429200,333,'',1531468173,6),(2717,4,256,NULL,3063,NULL,84,1531256400,333,'',1531468210,6),(2718,4,246,NULL,3121,NULL,36,1531256400,222,'',1531468329,6),(2719,1,283,NULL,NULL,NULL,1000,1531429200,222,'',1531499625,9),(2720,6,283,NULL,NULL,NULL,0,1531429200,222,'',1531499625,9),(2721,7,283,299,NULL,NULL,0,1531256400,222,'',1531499693,9),(2722,3,283,299,NULL,NULL,250,1531342800,222,'',1531499724,9),(2723,10,283,299,NULL,NULL,0,1531342800,222,'',1531499724,9),(2724,1,284,NULL,NULL,NULL,1000,1531256400,222,'',1531499869,9),(2725,6,284,NULL,NULL,NULL,0,1531256400,222,'',1531499869,9),(2726,7,284,300,NULL,NULL,0,1531256400,333,'',1531500009,9),(2727,3,284,300,NULL,NULL,250,1531342800,222,'',1531500031,9),(2728,10,284,300,NULL,NULL,0,1531342800,222,'',1531500031,9),(2729,1,285,NULL,NULL,NULL,1000,1531342800,222,'',1531557478,9),(2730,6,285,NULL,NULL,NULL,0,1531342800,222,'',1531557478,9),(2731,1,286,NULL,NULL,NULL,1000,1531256400,222,'',1531557635,9),(2732,6,286,NULL,NULL,NULL,0,1531256400,222,'',1531557635,9),(2733,1,287,NULL,NULL,NULL,1000,1531256400,222,'',1531558009,9),(2734,6,287,NULL,NULL,NULL,0,1531256400,222,'',1531558009,9),(2735,3,223,269,NULL,NULL,250,1531342800,222,'',1531558066,9),(2736,10,223,269,NULL,NULL,0,1531342800,222,'',1531558066,9),(2737,3,280,296,NULL,NULL,250,1531342800,222,'',1531558112,9),(2738,10,280,296,NULL,NULL,0,1531342800,222,'',1531558112,9),(2739,3,279,297,NULL,NULL,250,1531256400,222,'',1531558138,9),(2740,10,279,297,NULL,NULL,0,1531256400,222,'',1531558138,9),(2741,3,282,298,NULL,NULL,250,1531256400,2222,'',1531558163,9),(2742,10,282,298,NULL,NULL,0,1531256400,2222,'',1531558163,9),(2743,1,288,NULL,NULL,NULL,1000,1531256400,222,'',1531558296,9),(2744,6,288,NULL,NULL,NULL,0,1531256400,222,'',1531558296,9),(2745,1,289,NULL,NULL,NULL,1000,1531256400,222,'',1531558397,9),(2746,6,289,NULL,NULL,NULL,0,1531256400,222,'',1531558397,9),(2747,1,290,NULL,NULL,NULL,1000,1530824400,222,'',1531558802,9),(2748,6,290,NULL,NULL,NULL,0,1530824400,222,'',1531558802,9),(2749,1,291,NULL,NULL,NULL,1000,1530910800,222,'',1531558940,9),(2750,6,291,NULL,NULL,NULL,0,1530910800,222,'',1531558940,9),(2751,7,272,301,NULL,NULL,0,1531256400,222,'',1531560435,9),(2752,3,272,301,NULL,NULL,200,1531342800,222,'',1531560451,9),(2753,10,272,301,NULL,NULL,0,1531342800,222,'',1531560451,9),(2754,7,184,302,NULL,NULL,0,1531256400,222,'',1531560614,9),(2755,3,184,302,NULL,NULL,250,1531256400,222,'',1531560636,9),(2756,10,184,302,NULL,NULL,0,1531256400,222,'',1531560636,9),(2757,7,167,303,NULL,NULL,0,1530651600,233,'',1531560711,9),(2758,3,167,303,NULL,NULL,250,1531256400,222,'',1531560731,9),(2759,10,167,303,NULL,NULL,0,1531256400,222,'',1531560731,9),(2760,7,179,304,NULL,NULL,0,1531256400,222,'',1531560804,9),(2761,3,179,304,NULL,NULL,250,1486760400,222,'',1531560827,9),(2762,10,179,304,NULL,NULL,0,1486760400,222,'',1531560827,9),(2763,7,179,305,NULL,NULL,0,1531256400,222,'',1531562575,9),(2764,3,179,305,NULL,NULL,250,1531342800,222,'',1531562592,9),(2765,10,179,305,NULL,NULL,0,1531342800,222,'',1531562592,9),(2766,7,280,306,NULL,NULL,0,1531256400,222,'',1531562811,9),(2767,3,280,306,NULL,NULL,250,1531256400,222,'',1531562830,9),(2768,10,280,306,NULL,NULL,0,1531256400,222,'',1531562830,9),(2769,7,282,307,NULL,NULL,0,1531256400,222,'',1531562900,9),(2770,3,282,307,NULL,NULL,250,1531256400,222,'',1531562930,9),(2771,10,282,307,NULL,NULL,0,1531256400,222,'',1531562930,9),(2772,7,279,308,NULL,NULL,0,1531256400,222,'',1531563034,9),(2773,3,279,308,NULL,NULL,250,1528664400,222,'',1531563069,9),(2774,10,279,308,NULL,NULL,0,1528664400,222,'',1531563069,9),(2775,7,279,309,NULL,NULL,0,1531256400,222,'',1531563162,9),(2776,3,279,309,NULL,NULL,250,1499720400,222,'',1531563239,9),(2777,10,279,309,NULL,NULL,0,1499720400,222,'',1531563239,9),(2778,7,279,310,NULL,NULL,0,1531256400,222,'',1531563362,9),(2779,3,279,310,NULL,NULL,250,1531256400,222,'',1531563392,9),(2780,10,279,310,NULL,NULL,0,1531256400,222,'',1531563392,9),(2781,7,283,311,NULL,NULL,0,1531342800,222,'',1531563496,9),(2782,3,283,311,NULL,NULL,250,1531256400,222,'',1531563515,9),(2783,10,283,311,NULL,NULL,0,1531256400,222,'',1531563515,9),(2784,7,288,312,NULL,NULL,0,1531170000,333,'',1531563588,9),(2785,3,288,312,NULL,NULL,250,1531256400,222,'',1531563606,9),(2786,10,288,312,NULL,NULL,0,1531256400,222,'',1531563606,9),(2787,7,289,313,NULL,NULL,0,1530651600,222,'',1531563666,9),(2788,3,289,313,NULL,NULL,250,1531256400,222,'',1531563685,9),(2789,10,289,313,NULL,NULL,0,1531256400,222,'',1531563685,9),(2790,7,284,314,NULL,NULL,0,1530651600,222,'',1531563817,9),(2791,3,284,314,NULL,NULL,250,1531342800,2222,'',1531563837,9),(2792,10,284,314,NULL,NULL,0,1531342800,2222,'',1531563837,9),(2793,7,285,315,NULL,NULL,0,1531170000,222,'',1531563900,9),(2794,3,285,315,NULL,NULL,250,1531342800,222,'',1531563920,9),(2795,10,285,315,NULL,NULL,0,1531342800,222,'',1531563920,9),(2796,7,287,316,NULL,NULL,0,1531342800,222,'',1531564144,9),(2797,7,278,317,NULL,NULL,0,1531170000,222,'',1531564323,9),(2798,7,291,318,NULL,NULL,0,1530478800,222,'',1531564506,9),(2799,7,281,319,NULL,NULL,0,1531515600,222,'',1531564563,9),(2800,7,286,320,NULL,NULL,0,1531342800,222,'',1531564655,9),(2801,3,286,320,NULL,NULL,250,1531342800,222,'',1531564680,9),(2802,10,286,320,NULL,NULL,0,1531342800,222,'',1531564680,9),(2803,1,292,NULL,NULL,NULL,1000,1531342800,222,'',1531564922,9),(2804,6,292,NULL,NULL,NULL,0,1531342800,222,'',1531564922,9),(2805,7,292,321,NULL,NULL,0,1531515600,222,'',1531565010,9),(2806,3,292,321,NULL,NULL,250,1531342800,222,'',1531565070,9),(2807,10,292,321,NULL,NULL,0,1531342800,222,'',1531565070,9),(2808,1,293,NULL,NULL,NULL,1000,1531429200,222,'',1531565288,9),(2809,6,293,NULL,NULL,NULL,0,1531429200,222,'',1531565288,9),(2810,7,293,322,NULL,NULL,0,1531256400,222,'',1531565474,9),(2811,1,294,NULL,NULL,NULL,1000,1531429200,222,'',1531565543,9),(2812,6,294,NULL,NULL,NULL,0,1531429200,222,'',1531565543,9),(2813,7,294,323,NULL,NULL,0,1531429200,222,'',1531565610,9),(2814,1,295,NULL,NULL,NULL,1000,1531429200,333,'',1531565696,9),(2815,6,295,NULL,NULL,NULL,0,1531429200,333,'',1531565696,9),(2816,7,295,324,NULL,NULL,0,1531429200,222,'',1531565765,9),(2817,1,296,NULL,NULL,NULL,1000,1531429200,222,'',1531565873,9),(2818,6,296,NULL,NULL,NULL,0,1531429200,222,'',1531565873,9),(2819,1,297,NULL,NULL,NULL,1000,1531515600,222,'',1531566060,9),(2820,6,297,NULL,NULL,NULL,0,1531515600,222,'',1531566060,9),(2821,7,297,325,NULL,NULL,0,1531515600,222,'',1531566108,9),(2822,3,297,325,NULL,NULL,25,1531515600,222,'',1531566126,9),(2823,10,297,325,NULL,NULL,0,1531515600,222,'',1531566126,9),(2824,7,210,326,NULL,NULL,0,1531170000,222,'',1531566361,9),(2825,3,210,326,NULL,NULL,500,1531170000,222,'',1531566383,9),(2826,10,210,326,NULL,NULL,0,1531170000,222,'',1531566383,9),(2827,4,231,NULL,2310,NULL,840,1531602000,111,'',1531713744,9),(2828,4,74,NULL,1291,NULL,874,1531429200,111,'',1531713774,9),(2829,4,252,NULL,2991,NULL,650,1531429200,222,'',1531713834,9),(2830,4,251,NULL,2982,NULL,915,1531342800,222,'',1531713926,9),(2831,4,171,NULL,3137,NULL,57,1531256400,222,'',1531713970,9),(2832,4,171,NULL,3138,NULL,57,1531342800,222,'',1531714065,9),(2833,4,171,NULL,3139,NULL,798,1531515600,111,'',1531714077,9),(2834,1,298,NULL,NULL,NULL,1000,1531688400,222,'',1531760205,9),(2835,6,298,NULL,NULL,NULL,0,1531688400,222,'',1531760205,9),(2836,1,299,NULL,NULL,NULL,1000,1531688400,222,'',1531760324,9),(2837,6,299,NULL,NULL,NULL,0,1531688400,222,'',1531760324,9),(2838,1,300,NULL,NULL,NULL,1000,1531688400,222,'',1531760435,9),(2839,6,300,NULL,NULL,NULL,0,1531688400,222,'',1531760435,9),(2840,4,276,NULL,3154,NULL,36,1531688400,222,'',1531760644,9),(2841,4,274,NULL,3004,NULL,630,1531688400,222,'',1531760688,9),(2842,4,275,NULL,3052,NULL,450,1531688400,222,'',1531760711,9),(2843,4,273,NULL,3049,NULL,450,1531688400,222,'',1531760729,9),(2845,4,246,NULL,3122,NULL,36,1531342800,222,'',1531760809,9),(2846,4,246,NULL,3123,NULL,36,1531429200,222,'',1531760821,9),(2847,4,246,NULL,3124,NULL,36,1531688400,222,'',1531760830,9);
/*!40000 ALTER TABLE `incomes` ENABLE KEYS */;
UNLOCK TABLES;

--
-- Table structure for table `inctype`
--

DROP TABLE IF EXISTS `inctype`;
/*!40101 SET @saved_cs_client     = @@character_set_client */;
/*!40101 SET character_set_client = utf8 */;
CREATE TABLE `inctype` (
  `inctype_id` int(11) NOT NULL AUTO_INCREMENT,
  `inctype_type` varchar(50) NOT NULL,
  `inctype_short` varchar(8) NOT NULL,
  PRIMARY KEY (`inctype_id`)
) ENGINE=InnoDB AUTO_INCREMENT=12 DEFAULT CHARSET=latin1;
/*!40101 SET character_set_client = @saved_cs_client */;

--
-- Dumping data for table `inctype`
--

LOCK TABLES `inctype` WRITE;
/*!40000 ALTER TABLE `inctype` DISABLE KEYS */;
INSERT INTO `inctype` VALUES (1,'Entrance Fee','INC_ENF'),(2,'Withdrawal Fee','INC_WDF'),(3,'Loan Fee','INC_LOF'),(4,'Loan Interest','INC_INT'),(5,'Loan Default Fine','INC_LDF'),(6,'Stationery Sales','INC_STS'),(7,'Loan Application Fee','INC_LAF'),(8,'Subscription Fee','INC_SUF'),(9,'Other','INC_OTH'),(10,'Insurance','INC_INS'),(11,'Loan Stationery','INC_XL1');
/*!40000 ALTER TABLE `inctype` ENABLE KEYS */;
UNLOCK TABLES;

--
-- Table structure for table `loans`
--

DROP TABLE IF EXISTS `loans`;
/*!40101 SET @saved_cs_client     = @@character_set_client */;
/*!40101 SET character_set_client = utf8 */;
CREATE TABLE `loans` (
  `loan_id` int(11) NOT NULL AUTO_INCREMENT,
  `cust_id` int(11) NOT NULL,
  `loanstatus_id` int(11) NOT NULL,
  `loan_no` varchar(20) NOT NULL,
  `loan_date` int(15) NOT NULL,
  `loan_dateout` int(11) NOT NULL,
  `loan_issued` int(2) NOT NULL,
  `loan_principal` int(11) NOT NULL,
  `loan_principalapproved` int(11) NOT NULL,
  `loan_interest` float NOT NULL,
  `loan_appfee_receipt` int(11) NOT NULL,
  `loan_fee` int(11) NOT NULL,
  `loan_fee_receipt` int(11) NOT NULL,
  `loan_insurance` int(11) NOT NULL,
  `loan_insurance_receipt` int(11) NOT NULL,
  `loan_rate` decimal(11,0) NOT NULL,
  `loan_period` int(11) NOT NULL,
  `loan_repaytotal` int(11) NOT NULL,
  `loan_purpose` varchar(250) NOT NULL,
  `loan_sec1` varchar(250) NOT NULL,
  `loan_sec2` varchar(250) NOT NULL,
  `loan_guarant1` int(11) NOT NULL,
  `loan_guarant2` int(11) NOT NULL,
  `loan_guarant3` int(11) NOT NULL,
  `loan_feepaid` int(1) NOT NULL DEFAULT '0',
  `loan_created` int(15) DEFAULT NULL,
  `loan_xtra1` varchar(255) DEFAULT NULL,
  `loan_xtraFee1` int(11) DEFAULT NULL,
  `user_id` int(6) NOT NULL,
  PRIMARY KEY (`loan_id`)
) ENGINE=InnoDB AUTO_INCREMENT=327 DEFAULT CHARSET=latin1;
/*!40101 SET character_set_client = @saved_cs_client */;

--
-- Dumping data for table `loans`
--

LOCK TABLES `loans` WRITE;
/*!40000 ALTER TABLE `loans` DISABLE KEYS */;
INSERT INTO `loans` VALUES (1,145,2,'L-173/2017-1',1485406800,1486098000,1,30000,30000,2.5,1453,0,4587,0,4587,3750,12,39000,'SCHOOL FEE','HOUSE HOLDS','HOUSE HOLDS',11,44,74,0,1501057166,'0728207808',0,6),(2,25,5,'L-30/2017-1',1499659200,1499140800,1,9000,9000,7.5,1245,0,5412,0,5412,5675,2,10350,'BUSINESS','HOUSE HOLDS','HOUSE HOLDS',70,79,99,0,1502089968,'',0,6),(3,15,2,'L-25/2017-1',1497240000,1498017600,1,10000,10000,7.5,5462,0,8976,0,8976,2750,6,14500,'BUSINESS','HOUSE HOLDS','HOUSE HOLDS',71,83,12,0,1502090531,'',0,6),(4,41,4,'L-147/2017-1',1496721600,0,0,8000,0,6.7,4567,0,0,0,0,3536,3,9650,'SCHOOL FEE','HOUSE HOLDS','HOUSE HOLDS',13,12,18,0,1502090913,'',0,6),(5,41,5,'L-147/2017-2',1496721600,1498017600,1,8000,8000,6.7,4567,0,2145,0,2145,3536,3,9650,'SCHOOL FEE','HOUSE HOLDS','HOUSE HOLDS',13,12,18,0,1502090917,'',0,6),(6,22,2,'L-28/2017-1',1496721600,1498190400,1,10000,10000,5,3452,0,2365,0,2365,2500,6,13000,'SCHOOL FEE','HOUSE HOLDS','HOUSE HOLDS',12,7,18,0,1502091236,'',0,6),(7,74,5,'L-77/2017-1',1495252800,1495425600,1,10000,10000,9.8,2145,0,2154,0,2154,3980,4,13950,'SCHOOL FEE','BROWN BULL','HOUSE HOLDS',47,72,62,0,1503924588,'',0,6),(8,62,4,'L-72/2016-1',1488862800,0,0,20000,0,5,6789,0,0,0,0,6000,4,24000,'BUSINESS','BROWN BULL','HOUSE HOLDS',73,81,70,0,1505134718,'',0,6),(9,5,2,'L-20/2017-1',1504238400,1505016000,1,10000,10000,6.3,8975,0,4569,0,4569,2630,6,13800,'SCHOOL FEE','HOUSE HOLDS','HOUSE HOLDS',61,49,71,0,1505204987,'',0,6),(10,154,5,'L-176/2017-1',1504238400,1505016000,1,40000,40000,3.2,4576,0,5679,0,5679,4280,12,55400,'SCHOOL FEE','HOUSE HOLDS','HOUSE HOLDS',82,147,84,0,1505205163,'',0,6),(11,140,5,'L-159/2017-1',1489550400,1491105600,1,50000,50000,3.5,2145,0,2145,0,2145,5750,12,71000,'BUSINESS','HOUSE HOLDS','BROWN COW',70,60,97,0,1505309691,'',0,6),(12,125,2,'L-141/2017-1',1505102400,1505707200,1,15000,15000,6.3,2104,0,2014,0,2014,4945,4,18800,'SCHOOL FEE','HOUSE HOLDS','HOUSE HOLDS',52,61,51,0,1505737131,'',0,6),(13,74,5,'L-77/2017-2',1504238400,1505016000,1,15000,15000,9.75,1245,0,1245,0,1245,5463,4,20850,'SCHOOL FEE','HOUSE HOLDS','HOUSE HOLDS',73,72,62,0,1505822589,'',0,6),(14,2,4,'L-50/2017-1',1512622800,1512622800,1,5000,5000,20,222,250,0,0,0,6000,1,6000,'Business','Household items ','Cow',3,4,5,0,1512648086,'',0,5),(15,155,4,'L-177/2017-1',1512622800,1512622800,1,5000,5000,10,222,250,0,0,0,500,14,12000,'Business','Household items ','Cow',5,7,2,0,1512650497,'',0,5),(16,7,2,'L-21/2017-1',1512622800,1512622800,1,5000,5000,0.71,55,250,0,0,0,36,14,5500,'Business','Household items ','Cow',3,8,5,0,1512650960,'',0,5),(17,59,2,'L-70/2017-1',1485925200,1486357200,1,30000,30000,3,123,1500,1203,0,1203,3900,12,40800,'SCHOOL FEE','HOUSE HOLDS','HOUSE HOLDS',74,75,66,0,1513163280,'',0,6),(18,6,2,'L-31/2017-1',1491278400,1492747200,1,40000,40000,2.5,1234,2000,12530,0,12530,4000,12,52000,'SCHOOL FEE','HOUSE HOLDS','BROWN COW',64,53,15,0,1513164914,'',0,6),(19,163,5,'L-T01/2017-1',1511845200,1511931600,1,5000,5000,0.71,222,250,222,0,222,36,14,5500,'BUSINESS','HOUSEHOLD','COW',10,18,6,0,1513165357,'',0,9),(20,164,5,'L-T02/2017-1',1511845200,1511931600,1,2000,2000,0.71,7777,100,333,0,333,14,14,2200,'BUSINESS','HOUSEHOLD','BROWN COW',22,15,20,0,1513166074,'',0,9),(21,53,5,'L-65/2017-1',1493611200,1494129600,1,54000,54000,3,1234,2700,1234,0,1234,6620,12,73450,'SCHOOL FEE','HOUSE HOLDS','BROWN COW',44,64,16,0,1513167690,'',0,6),(22,165,5,'L-T03/2017-1',1511758800,1511931600,1,5000,5000,0.71,666,250,6669,0,6669,36,14,5500,'BUSINESS','HOUSEHOLD','BROWN COW',17,20,13,0,1513168187,'',0,9),(23,159,2,'L-180/2017-1',1485925200,1486616400,1,50000,50000,3.1,1301,2500,2104,0,2104,5550,12,68600,'BUSINESS','HOUSE HOLDS','HOUSE HOLDS',76,52,59,0,1513168532,'',0,6),(24,88,2,'L-97/2017-1',1487048400,1487912400,1,30000,30000,2.5,2140,1500,1204,0,1204,3750,12,39000,'BUSINESS','HOUSE HOLDS','HOUSE HOLDS',16,63,20,0,1513170313,'',0,6),(25,167,5,'L-T03/2017-1',1511067600,1514523600,1,5000,5000,0.71,698,250,5555,0,5555,36,14,5500,'BUSINESS','HOUSEHOLD','COW',9,8,5,0,1513170412,'',0,9),(26,169,5,'L-t052017-1',1511586000,1512104400,1,5000,5000,0.71,598,250,2365,0,2365,36,14,5500,'BUSINESS','BROWN COW','BROWN COW',11,9,12,0,1513170888,'',0,9),(27,171,5,'L-T06/2017-1',1511586000,1512104400,1,5000,5000,0.71,2365,250,6398,0,6398,36,14,5500,'BUSINESS','HOUSEHOLD','television',2,14,4,0,1513171570,'',0,9),(28,170,2,'L-183/2017-1',1491192000,1492401600,1,40000,40000,2.5,1250,2000,1234,0,1234,4000,12,52000,'BUSINESS','HOUSE HOLDS','HOUSE HOLDS',43,13,56,0,1513171574,'',0,6),(29,172,5,'L-T07/2017-1',1512363600,1513659600,1,5000,5000,0.71,569,250,6985,0,6985,36,14,5500,'BUSINESS','COW','COW',17,16,15,0,1513172305,'',0,9),(30,173,5,'L-T08/2017-1',1512450000,1512450000,1,5000,5000,0.71,5631,250,2596,0,2596,36,14,5500,'BUSINESS','COW','COW',16,11,12,0,1513172573,'',0,9),(31,174,5,'L-T09/2017-1',1511931600,1512450000,1,2000,2000,0.71,2169,100,2593,0,2593,14,14,2200,'BUSINESS','COW','COW',14,17,9,0,1513172836,'',0,9),(32,38,2,'L-43/2017-1',1488949200,1490414400,1,40000,40000,2.9,1234,2000,1234,0,1234,4160,12,53950,'BUSINESS','HOUSE HOLDS','BROWN COW',24,27,21,0,1513173021,'',0,6),(33,175,5,'L-T10/2017-1',1511845200,1512536400,1,3000,3000,0.71,3697,150,1258,0,1258,21,14,3300,'BUSINESS','COW','COW',19,14,11,0,1513173116,'',0,9),(34,177,4,'L-T11/2017-1',1509681600,1481000400,1,5600,5600,0.71,4136,280,2698,0,2698,40,114,10150,'BUSINESS','COW','COW',15,19,18,0,1513173509,'',0,9),(35,178,5,'L-T12/2017-1',1512104400,1512536400,1,5000,5000,0.71,2598,250,2874,0,2874,36,14,5500,'BUSINESS','COW','BROWN COW',15,18,13,0,1513173775,'',0,9),(36,179,5,'L-T13/2017-1',1512795600,1512968400,1,5000,5000,0.71,5858,250,6987,0,6987,36,14,5500,'BUSINESS','COW','SHOP ITEMS',20,16,17,0,1513174191,'',0,9),(37,10,2,'L-32/2017-1',1490068800,1491192000,1,15000,15000,3,1254,750,2145,0,2145,1450,12,20400,'BUSINESS','HOUSE HOLDS','BROWN COW',23,24,29,0,1513174208,'',0,6),(38,180,5,'L-T14/2017-1',1512795600,1512968400,1,5000,5000,0.71,5986,250,698,0,698,36,14,5500,'BUSINESS','COW','COW',15,12,7,0,1513174460,'',0,9),(39,181,5,'L-T15/2017-1',1512277200,1513054800,1,5000,5000,0.71,693,250,5269,0,5269,36,14,5500,'BUSINESS','BROWN COW','COW',6,13,8,0,1513174736,'',0,9),(40,182,5,'L-T16/2017-1',1512882000,1513054800,1,5000,5000,0.71,2589,250,5897,0,5897,36,14,5500,'BUSINESS','BROWN COW','COW',12,19,3,0,1513174952,'',0,9),(41,9,5,'L-22/2017-1',1494302400,1494993600,1,30000,30000,3,1234,1500,1235,0,1235,3900,12,40800,'SCHOOL FEE','HOUSE HOLDS','BROWN COW',25,29,30,0,1513175275,'ROBERT AKURO',0,6),(42,184,5,'L-T04/2017-1',1510462800,1514523600,1,5000,5000,0.71,589,250,369,0,369,36,14,5500,'BUSINESS','HOUSEHOLD','COW',167,183,182,0,1513234487,'',0,9),(43,184,5,'L-T04/2017-2',1513227600,1513227600,1,5000,5000,0.71,875,250,699,0,699,36,14,5500,'BUSINESS','HOUSEHOLD','COW',165,158,163,0,1513235251,'',0,9),(44,166,5,'L-T18/2017-1',1513227600,1513227600,1,5000,5000,0.71,58,250,36,0,36,36,14,5500,'BUSINESS','HOUSEHOLD','COW',40,38,34,0,1513236066,'',0,9),(45,53,5,'L-65/2017-2',1513141200,1513141200,1,5000,5000,0.71,58,250,152,0,152,36,14,5500,'BUSINESS','HOUSEHOLD','COW',35,39,33,0,1513236374,'',0,9),(46,185,5,'L-T19/2017-1',1513227600,1513314000,1,10000,7000,0.71,258,350,333,0,333,1071,14,11000,'BUSINESS','HOUSEHOLD','MOTORCYCLE',158,58,42,0,1513236985,'QUEENTER',0,9),(47,176,4,'L-T20/2017-1',1513227600,0,0,3000,0,0.71,9,150,0,0,0,21,14,3300,'BUSINESS','HOUSEHOLD','SHOP ITEMS',45,54,57,0,1513247166,'carolyn musimbi okwemba',0,9),(48,168,5,'L-T21/2017-1',1513227600,1514610000,1,5000,5000,0.71,8,250,0,0,0,36,14,5500,'BUSINESS','HOUSEHOLD','COW',176,178,162,0,1513247438,'Everlyn Aoko',0,9),(49,167,5,'L-T23/2017-2',1513227600,1513227600,1,5000,5000,0.71,23,250,562,0,562,36,14,5500,'BUSINESS','COW','COW',135,57,67,0,1513257736,'ivick',0,9),(50,183,5,'L-T17/2017-1',1513141200,1513227600,1,2000,2000,0.71,256,100,333,0,333,14,14,2200,'BUSINESS','HOUSEHOLD','SHOP ITEMS',184,173,182,0,1513314990,'',0,9),(51,177,5,'L-T11/2017-2',1511586000,1512622800,1,5000,5000,0.71,26,250,333,0,333,36,14,5500,'BUSINESS','HOUSEHOLD','COW',58,69,55,0,1513315610,'',0,9),(52,169,5,'L-T05/2017-2',1513400400,1513400400,1,5000,5000,0.71,333,250,0,0,0,36,14,5500,'BUSINESS','HOUSEHOLD','SHOP ITEMS',162,50,152,0,1513426963,'',0,9),(53,171,5,'L-T06/2017-2',1513400400,1513400400,1,5000,5000,0.71,333,250,222,0,222,36,14,5500,'BUSINESS','HOUSEHOLD','SHOP ITEMS',162,54,46,0,1513427248,'',0,9),(54,186,5,'L-T22/2017-1',1513400400,1513573200,1,5000,5000,0.71,111,250,11,0,11,36,14,5500,'BUSINESS','HOUSEHOLD','SHOP ITEMS',81,77,80,0,1513593912,'',0,9),(55,186,4,'L-T22/2017-2',1513400400,0,0,5000,0,0.71,111,250,0,0,0,36,14,5500,'BUSINESS','HOUSEHOLD','SHOP ITEMS',81,77,80,0,1513593915,'',0,9),(56,187,5,'L-T22/2017-1',1513400400,1513573200,1,5000,5000,0.71,111,250,9,0,9,36,14,5500,'BUSINESS','HOUSEHOLD','SHOP ITEMS',77,68,78,0,1513595356,'',0,9),(57,172,5,'L-T07/2017-2',1513573200,1513659600,1,5000,5000,0.71,10,250,2222,0,2222,36,14,5500,'BUSINESS','HOUSEHOLD','SHOP ITEMS',68,65,41,0,1513599995,'',0,9),(58,178,5,'L-T12/2017-2',1513659600,1513659600,1,5000,5000,0.71,222,250,222,0,222,36,14,5500,'BUSINESS','HOUSEHOLD','SHOP ITEMS',41,65,45,0,1513671967,'',0,9),(59,178,3,'L-T12/2017-3',1513659600,0,0,5000,0,0.71,222,250,0,0,0,36,14,5500,'BUSINESS','HOUSEHOLD','SHOP ITEMS',41,65,45,0,1513671973,'',0,9),(60,188,5,'L-T25-1',1513659600,1514523600,1,4000,4000,0.71,30,200,29,0,29,28,14,4400,'BUSINESS','HOUSEHOLD','SHOP ITEMS',85,88,87,0,1513747942,'',0,9),(61,189,5,'L-T26/2017-1',1513746000,1514350800,1,4000,4000,0.71,333,200,24,0,24,28,14,4400,'BUSINESS','HOUSEHOLD','SHOP ITEMS',36,89,31,0,1513748303,'emelda adoyo',0,9),(62,190,5,'L-T27/2017-1',1513918800,1513746000,1,3000,3000,0.71,333,150,333,0,333,21,14,3300,'BUSINESS','HOUSEHOLD','COW',86,90,87,0,1513922290,'',0,9),(63,171,4,'L-T06/2017-3',1514350800,0,0,5000,0,0.71,333,250,0,0,0,36,14,5500,'bussiness','house hold items','',93,94,85,0,1514381355,'',0,5),(64,171,5,'L-T06/2017-4',1514350800,1514350800,1,5000,5000,0.71,333,250,333,0,333,36,14,5500,'bussiness','house hold items','',93,94,85,0,1514381357,'',0,5),(65,182,5,'L-T16/2017-2',1514350800,1514350800,1,5000,5000,0.71,26,250,26,0,26,36,14,5500,'bussiness','house hold items','',96,183,98,0,1514385805,'',0,5),(66,191,5,'L-T25/2017-1',1514437200,1514437200,1,5000,5000,0.71,333,250,333,0,333,36,14,5500,'bussiness','house hold items','',92,46,54,0,1514463806,'latty',0,9),(67,192,5,'L-T29/2017-1',1514437200,1514437200,1,5000,5000,0.71,30,250,333,0,333,36,14,5500,'bussiness','house hold items','',33,95,26,0,1514464546,'',0,9),(68,193,5,'L-T30/2017-1',1514437200,1514523600,1,5000,5000,0.71,33,250,31,0,31,36,14,5500,'personal','house hold items','',37,35,33,0,1514472047,'self',0,9),(69,183,5,'L-T17/2017-2',1514523600,1514523600,1,3000,3000,0.71,36,150,333,0,333,21,14,3300,'bussiness','house hold items','',175,190,188,0,1514532690,'mary a awuor',0,9),(70,176,4,'L-T20/2017-2',1509508800,1514523600,1,10000,10000,0.71,0,500,0,0,0,71,28,12000,'bussiness','house hold items','',101,91,81,0,1514532951,'',0,9),(71,179,5,'L-T13/2017-2',1514523600,1514523600,1,5000,5000,0.71,333,250,333,0,333,36,14,5500,'bussiness','house hold items','',102,104,57,0,1514547540,'',0,9),(72,186,2,'L-T22/2017-3',1514523600,1514610000,1,10000,10000,0.71,333,500,0,0,0,71,28,12000,'bussiness','house hold items','',107,106,100,0,1514615600,'',0,9),(73,62,4,'L-72/2016-2',1512104400,1514523600,1,1000,1000,0.71,0,50,0,0,0,7,28,1200,'bussiness','house hold items','',80,106,48,0,1514615772,'',0,9),(74,62,2,'L-72/2016-3',1512104400,1514523600,1,10000,10000,0.71,0,500,0,0,0,71,28,12000,'bussiness','house hold items','',107,100,103,0,1514615969,'',0,9),(75,184,4,'L-T04/2017-3',1514610000,1514610000,1,7000,7000,0.52,45,350,0,0,0,36,21,7800,'bussiness','house hold items','shop items',165,110,170,0,1514634372,'',0,9),(76,87,4,'L-102/2017-1',1514610000,1514610000,1,7000,7000,0.52,888,350,66,0,66,36,21,7800,'BUSINESS','COW','COWS',112,109,108,0,1514635532,'',0,9),(77,184,5,'L-T04/2017-4',1514610000,1514610000,1,7000,7000,0.52,45,350,0,0,0,36,21,7800,'bussiness','house hold items','shop items',114,110,111,0,1514635666,'',0,9),(78,167,4,'L-T23/2017-3',1514610000,1517461200,1,5000,5000,0.71,333,250,333,0,333,36,14,5500,'bussiness','house hold items','shop items',91,109,105,0,1514643726,'',0,9),(79,53,5,'L-65/2017-3',1514610000,0,0,5000,0,0.71,333,250,0,0,0,36,14,5500,'bussiness','house hold items','shop items',105,108,80,0,1514643804,'self',0,9),(80,187,4,'L-T24/2017-2',1514869200,0,0,500,0,0.71,0,25,0,0,0,4,14,550,'bussiness','house hold items','shop items',184,192,182,0,1514872840,'',0,9),(81,187,5,'L-T24/2017-3',1514869200,1514869200,1,5000,5000,0.71,38,250,38,0,38,36,14,5500,'bussiness','house hold items','',184,186,182,0,1514873155,'',0,9),(82,185,4,'L-T19/2017-2',1514869200,1514869200,1,2000,2000,0.71,0,100,0,0,0,14,14,2200,'bussiness','house hold items','',42,108,39,0,1514878757,'',0,9),(83,175,4,'L-T10/2017-2',1514869200,1514955600,1,5000,5000,0.71,41,250,52,0,52,36,14,5500,'personal','house hold items','shop items',177,187,186,0,1514888089,'',0,9),(84,176,5,'L-T20/2017-3',1514869200,1514869200,1,4000,4000,0.71,47,200,47,0,47,28,14,4400,'bussiness','house hold items','shop items',172,81,80,0,1514904067,'',0,9),(85,134,2,'L-168/2017-1',1514869200,1514869200,1,35500,35500,7.16,907,1775,5643,0,5643,8542,6,50800,'BUSINESS','HOUSEHOLD','HOUSEHOLDS',78,47,99,0,1514904284,'',0,9),(86,157,3,'L-178/2017-1',1514869200,1515128400,1,39000,39000,2.3,453,1950,321,0,321,4897,11,48900,'SCHOOL FEE','HOUSEHOLD','HOUSEHOLDS',105,77,109,0,1514904694,'',0,9),(87,58,4,'L-55/2017-1',1514869200,1515128400,1,63554,63554,1.9,32,3178,123,0,123,6208,12,78054,'SCHOOL FEE','HOUSEHOLD','HOUSEHOLDS',91,101,116,0,1514904801,'VIVIAN ONYANGO',0,9),(88,74,3,'L-77/2017-3',1514869200,1515128400,1,3800,3800,2.5,342,190,432,0,432,95,12,4950,'SCHOOL FEE','HOUSEHOLD','BROWN COW',108,79,118,0,1514904914,'',0,9),(89,194,5,'L-T31/2018-1',1514955600,1514955600,1,3000,3000,0.71,47,150,0,0,0,21,14,3300,'bussiness','house hold items','shop items',120,119,113,0,1514958269,'',0,9),(90,185,5,'L-T19/2017-3',1514869200,1514869200,1,2000,2000,0.71,0,100,0,0,0,14,14,2200,'Business','Household items ','Cow',154,2,22,0,1514969554,'',0,5),(91,53,5,'L-65/2017-4',1514523600,1514869200,1,6000,6000,0.71,0,300,0,0,0,43,14,6600,'Business','Household items ','Cow',28,136,32,0,1514969812,'',0,5),(92,164,5,'L-T02/2017-2',1514955600,1515042000,1,2000,2000,0.71,48,100,0,0,0,14,14,2200,'bussiness','house hold items','shop items',187,181,174,0,1514971397,'',0,9),(93,157,4,'L-178/2017-2',1514955600,0,0,39000,0,2.3,333,1950,0,0,0,3897,12,49800,'SCHOOL FEE','COW','HOUSE HOLDS',112,105,10,0,1514971593,'',0,6),(94,157,2,'L-178/2017-3',1514955600,1515128400,1,39000,39000,2.7,333,1950,333,0,333,5053,11,50600,'BUSINESS','COW','HOUSE HOLDS',115,91,67,0,1514971729,'',0,6),(95,53,2,'L-65/2017-5',1515128400,1515128400,1,94200,94200,1.8,333,4710,333,0,333,9696,12,114550,'SCHOOL FEE','HOUSE HOLDS','COW',113,4,10,0,1514972052,'',0,6),(96,74,2,'L-77/2017-4',1514955600,1515128400,1,38000,38000,2.3,333,1900,333,0,333,3874,12,48500,'SCHOOL FEE','COW','',109,122,77,0,1514972323,'',0,6),(97,195,5,'L-T32/2017-1',1514955600,1515042000,1,4000,4000,0.71,49,200,0,0,0,28,14,4400,'bussiness','house hold items','shop items',121,124,117,0,1514984661,'risper',0,9),(98,196,5,'L-T33/2017-1',1514955600,1514955600,1,4000,4000,0.71,50,200,333,0,333,28,14,4400,'bussiness','house hold items','shop items',120,108,116,0,1514984796,'',0,9),(99,168,2,'L-125/2017-2',1515042000,1515128400,1,100000,100000,1.7,202,5000,202,0,202,9700,12,120400,'SCHOOL FEE','TITLE DEED','TITLE DEED',192,48,137,0,1515045641,'John Ogweno',0,6),(100,161,3,'L-182/2017-1',1515042000,0,0,15000,0,2.8,111,750,0,0,0,3420,5,17100,'BUSINESS','COW','MOTORBIKE',118,50,130,0,1515046852,'',0,6),(101,164,4,'L-02/2017-3',1515042000,1515042000,1,3000,3000,0.71,111,150,111,0,111,21,14,3300,'BUSINESS','HOUSE HOLDS','HOUSEHOLDS',121,112,79,0,1515048124,'',0,6),(102,169,5,'L-T05/2017-3',1515042000,1515128400,1,5000,5000,0.71,54,250,0,0,0,36,14,5500,'bussiness','house hold items','shop items',131,130,125,0,1515057431,'',0,9),(103,197,5,'L-195/2018-1',1515042000,1515128400,1,3000,3000,0.71,0,150,0,0,0,21,14,3300,'bussiness','house hold items','shop items',129,133,127,0,1515139916,'',0,9),(104,9,2,'L-22/2017-2',1515128400,1515128400,1,25000,25000,3.04,222,1250,111,0,111,3760,9,31850,'SCHOOL FEE','MOTOR BIKE','MOTORBIKE',112,125,127,0,1515147890,'ROBERT AKURO',0,6),(105,172,5,'L-T07/2017-3',1515128400,1515214800,1,5000,5000,0.71,65,250,0,0,0,36,14,5500,'bussiness','house hold items','shop items',132,123,118,0,1515154205,'',0,9),(106,198,5,'L-196/2017-1',1515128400,1515128400,1,15000,15000,10,222,750,222,0,222,9500,2,18000,'BUSINESS','COW','COWS',129,131,118,0,1515154703,'FAITH AUMA',0,6),(107,190,5,'L-187/2017-2',1515128400,1515128400,1,3000,3000,0.71,0,150,333,0,333,21,14,3300,'bussiness','house hold items','shop items',123,135,101,0,1515160609,'',0,9),(108,192,5,'L-189/2017-2',1515214800,1515474000,1,10000,10000,0.74,0,500,111,0,111,74,21,11600,'school fee','house hold items','shop items',105,42,60,0,1515227366,'',0,9),(109,161,4,'L-182/2017-2',1515214800,0,0,15000,0,6.7,333,750,0,0,0,4005,5,20050,'BUSINESS','HOUSEHOLD','MOTORCYCLE',79,95,68,0,1515229972,'',0,9),(110,200,5,'L-198/2018-1',1515214800,1515387600,1,3000,3000,0.71,70,150,0,0,0,21,14,3300,'bussiness','house hold items','shop items',70,65,50,0,1515246147,'',0,9),(111,201,2,'L-199/2018-1',1515214800,1515474000,1,4000,4000,0.71,0,200,111,0,111,28,14,4400,'bussiness','house hold items','shop items',86,42,95,0,1515246404,'',0,9),(112,202,3,'L-200/2018-1',1515387600,0,0,2000,0,0.71,72,100,0,0,0,14,14,2200,'personal','house hold items','shop items',79,42,60,0,1515399033,'',0,9),(113,171,4,'L-T06/2017-5',1515387600,0,0,5000,0,0.71,0,250,0,0,0,36,14,5500,'bussiness','house hold items','shop items',45,41,30,0,1515406178,'',0,9),(114,203,4,'L-201/2018-1',1515387600,1515387600,1,3000,3000,0.71,76,150,0,0,0,21,14,3300,'bussiness','house hold items','shop items',60,41,42,0,1515412001,'self',0,9),(115,175,5,'L-T10/2017-3',1514782800,1514955600,1,3000,3000,0.71,0,150,0,0,0,21,14,3300,'bussiness','house hold items','shop items',90,45,68,0,1515412946,'self',0,9),(116,101,2,'L-121/2017-1',1515387600,1515387600,1,15000,15000,3.3,333,750,209,0,209,3495,6,18000,'BUSINESS','COW','HOUSE HOLDS',94,95,25,0,1515415741,'John Ochieng',0,6),(117,176,4,'L-T57/2017-4',1515474000,0,0,10000,0,0.71,0,500,0,0,0,1071,14,11000,'bussiness','house hold items','shop items',97,126,79,0,1515474249,'self',0,9),(118,204,5,'L-202/2018-1',1514782800,1515387600,1,5000,5000,0.71,0,250,0,0,0,36,14,5500,'bussiness','house hold items','shop items',138,126,97,0,1515474682,'',0,9),(119,205,3,'L-203-1',1515474000,1515474000,1,5000,10000,0.71,81,500,111,0,111,36,14,5500,'bussiness','house hold items','shop items',105,81,80,0,1515474834,'',0,9),(120,171,5,'L-T06/2017-6',1515387600,1515474000,1,10000,10000,0.71,333,500,111,0,111,71,21,11500,'bussiness','house hold items','shop items',81,141,26,0,1515476871,'',0,9),(121,206,5,'L-203/2018-1',1515387600,1515387600,1,3000,3000,0.71,0,150,0,0,0,21,14,3300,'bussiness','house hold items','shop items',81,80,30,0,1515477684,'',0,9),(122,168,5,'L-125/2017-3',1515474000,1518998400,1,5000,5000,0.71,82,250,333,0,333,36,14,5500,'bussiness','house hold items','shop items',143,134,128,0,1515496781,'',0,9),(123,207,5,'L-205/2018-1',1515474000,1515474000,1,3000,3000,0.71,84,150,0,0,0,21,14,3300,'bussiness','house hold items','shop items',134,145,86,0,1515501055,'',0,9),(124,205,2,'L-203/2018-2',1515474000,1515474000,1,10000,10000,0.71,0,500,0,0,0,71,28,12000,'school fee','house hold items','shop items',146,139,140,0,1515564915,'',0,9),(125,135,4,'L-156/2017-1',1514782800,0,0,30000,0,2.5,1204,1500,0,0,0,3750,12,39000,'BUSINESS','HOUSE HOLDS','HOUSE HOLDS',148,143,157,0,1515576083,'',0,6),(126,208,4,'L-206/2018-1',1515560400,1515560400,1,8200,8200,15,0,410,0,0,0,1230,90,118900,'school fee','house hold items','shop items',149,153,142,0,1515581845,'',0,9),(127,208,5,'L-206/2018-2',1515560400,1515560400,1,8250,8250,15,2140,413,2140,0,2140,4238,3,12000,'SCHOOL FEE','HOUSE HOLDS','BROWN COW',151,143,157,0,1515582378,'',0,6),(128,175,4,'L-10/2017-4',1515560400,0,0,5000,0,0.71,91,250,0,0,0,36,14,5500,'school fee','house hold items','',93,152,79,0,1515589844,'',0,9),(129,195,3,'L-192/2017-2',1515646800,0,0,10000,0,0.71,97,500,0,0,0,1071,14,11000,'personal','house hold items','',124,149,142,0,1515673883,'',0,9),(130,209,4,'L-208/2018-1',1515646800,1484870400,1,5000,5000,0.71,0,250,333,0,333,36,14,5500,'personal','house hold items','shop items',117,149,39,0,1515674962,'',0,9),(131,210,4,'L-209/2018-1',1515646800,0,0,10000,0,0.71,333,500,0,0,0,10071,1,10100,'bussiness','house hold items','shop items',144,128,93,0,1515732840,'',0,9),(132,175,5,'L-10/2017-5',1515646800,1515646800,1,2000,2000,0.71,0,100,0,0,0,14,14,2200,'personal','house hold items','shop items',142,149,93,0,1515732917,'',0,9),(133,211,2,'L-210/2018-1',1515646800,1516320000,1,5000,5000,0.71,0,250,333,0,333,36,14,5500,'bussiness','house hold items','shop items',144,152,79,0,1515733080,'',0,9),(134,212,3,'L-211/2018-1',1515733200,0,0,5000,0,0.71,0,250,0,0,0,36,14,5500,'bussiness','house hold items','shop items',144,153,155,0,1515733683,'',0,9),(135,176,2,'L-57/2017-5',1515387600,1515646800,1,5000,5000,0.71,111,250,0,0,0,36,14,5500,'bussiness','house hold items','shop items',152,79,124,0,1515762029,'self',0,9),(136,213,5,'L-212/2018-1',1515733200,1515801600,1,2000,2000,0.71,0,100,0,0,0,14,14,2200,'bussiness','house hold items','shop items',153,155,121,0,1515769403,'',0,9),(137,214,4,'L-213/2018-1',1515974400,0,0,8000,0,0.71,0,400,0,0,0,8057,1,8100,'personal','house hold items','',148,158,117,0,1516008947,'self',0,9),(138,214,5,'L-213/2018-2',1515974400,1516233600,1,8000,8000,0.71,0,400,333,0,333,57,28,9600,'personal','house hold items','shop items',156,158,117,0,1516009779,'self',0,9),(139,210,5,'L-209/2018-2',1515974400,1516320000,1,10000,10000,0.71,0,500,333,0,333,71,28,12000,'bussiness','house hold items','shop items',150,158,45,0,1516009899,'self',0,9),(140,215,4,'L-213/2018-1',1516406400,0,0,5000,0,0.71,333,250,0,0,0,36,14,5500,'BUSINESS','SHOP ITEMS','SHOP ITEMS',161,144,159,0,1516617567,'Eunice Anyango Ouko',0,9),(141,215,4,'L-213/2018-2',1516320000,0,0,5000,0,0.71,333,250,0,0,0,36,14,5500,'BUSINESS','HOUSEHOLD','SHOP ITEMS',160,158,144,0,1516617782,'0703780054',0,9),(142,216,5,'L-215/2018-1',1516320000,1516406400,1,5000,5000,0.71,333,250,333,0,333,36,14,5500,'BUSINESS','HOUSEHOLD','SHOP ITEMS',144,156,45,0,1516617993,'self',0,9),(143,217,5,'L-216/2018-1',1516579200,1516924800,1,5000,5000,0.71,333,250,333,0,333,36,14,5500,'BUSINESS','HOUSEHOLD','HOUSEHOLDS',156,117,128,0,1516618123,'self',0,9),(144,218,3,'L-217/2018-1',1516320000,0,0,5000,0,0.71,222,250,0,0,0,36,14,5500,'BUSINESS','SHOP ITEMS','HOUSEHOLDS',158,45,117,0,1516618257,'self',0,9),(145,219,3,'L-218/2018-1',1516579200,0,0,5000,0,0.71,333,250,0,0,0,36,14,5500,'BUSINESS','HOUSEHOLD','HOUSEHOLDS',160,161,90,0,1516618590,'Eunice Anyango Ouko',0,9),(146,178,5,'L-53/2017-4',1516147200,1516406400,1,3000,3000,0.71,222,150,333,0,333,21,14,3300,'BUSINESS','SHOP ITEMS','HOUSEHOLDS',156,117,39,0,1516619212,'self',0,9),(147,215,3,'L-214/2018-3',1516320000,0,0,5000,0,0.71,333,250,0,0,0,36,14,5500,'BUSINESS','HOUSEHOLD','SHOP ITEMS',160,68,45,0,1516619485,'',0,9),(148,221,5,'L-220/2018-1',1515801600,1517270400,1,4000,4000,0.71,222,200,1111,0,1111,28,14,4400,'BUSINESS','HOUSEHOLD','SHOP ITEMS',161,163,90,0,1516701896,'self',0,9),(149,192,2,'L-189/2017-3',1516665600,1515542400,1,30000,30000,8.3,111,1500,1111,0,1111,7490,6,44950,'SCHOOL FEE','HOME THEATRE','HOUSE HOLDS',163,164,160,0,1516702499,'',0,6),(150,200,4,'L-198/2018-2',1516320000,0,0,4000,0,0.71,20,200,0,0,0,28,14,4400,'BUSINESS','SHOP ITEMS','SHOP ITEMS',161,163,90,0,1516702535,'self',0,9),(151,175,2,'L-10/2017-6',1516665600,1515628800,1,30000,30000,5,1111,1500,1111,0,1111,6500,6,39000,'SCHOOL FEE','HOUSE HOLDS','HOUSE HOLDS',6,168,90,0,1516702679,'',0,6),(152,195,5,'L-192/2017-3',1516320000,1516406400,1,4500,4500,0.71,222,225,333,0,333,32,14,4950,'BUSINESS','SHOP ITEMS','HOUSEHOLDS',159,162,90,0,1516702744,'self',0,9),(153,184,5,'L-04/2017-5',1516665600,1516060800,1,7000,7000,0.71,333,350,333,0,333,1050,14,7700,'BUSINESS','HOUSEHOLD','HOUSEHOLDS',166,110,167,0,1516703493,'self',0,9),(154,209,5,'L-208/2018-2',1515715200,1515801600,1,5000,5000,0.71,333,250,333,0,333,36,14,5500,'BUSINESS','SHOP ITEMS','HOUSEHOLDS',40,104,50,0,1516787318,'self',0,9),(155,187,5,'L-153/2017-4',1517011200,1516233600,1,5000,5000,0.71,333,250,333,0,333,36,14,5500,'BUSINESS','SHOP ITEMS','SHOP ITEMS',70,114,102,0,1517042368,'Eunice Anyango Ouko',0,9),(156,220,3,'L-219/2018-1',1516665600,0,0,5000,0,0.71,333,250,0,0,0,36,14,5500,'BUSINESS','HOUSEHOLD','HOUSEHOLDS',130,57,134,0,1517312443,'',0,9),(157,200,5,'L-198/2018-3',1515801600,1516752000,1,5000,5000,0.71,333,250,333,0,333,36,14,5500,'BUSINESS','HOUSEHOLD','HOUSEHOLDS',111,130,34,0,1517315492,'self',0,9),(158,169,5,'L-05/2017-4',1517270400,1517270400,1,5000,5000,0.71,36,250,1111,0,1111,36,14,5500,'BUSINESS','HOUSEHOLD','HOUSEHOLDS',132,134,68,0,1517315964,'self',0,9),(159,196,5,'L-193/2017-2',1517184000,1517270400,1,5000,5000,0.71,333,250,1111,0,1111,36,14,5500,'BUSINESS','HOUSEHOLD','HOUSEHOLDS',108,154,19,0,1517316065,'self',0,9),(160,222,3,'L-221/2018-1',1517270400,0,0,4000,0,0.71,333,200,0,0,0,28,14,4400,'BUSINESS','SHOP ITEMS','HOUSEHOLDS',138,148,165,0,1517319999,'self',0,9),(161,223,5,'L-222/2018-1',1517270400,1515974400,1,4000,4000,0.71,333,200,333,0,333,28,14,4400,'BUSINESS','HOUSEHOLD','HOUSEHOLDS',145,138,65,0,1517320593,'self',0,9),(162,223,5,'L-222/2018-2',1517270400,1518048000,1,5000,5000,0.71,333,250,333,0,333,36,14,5500,'BUSINESS','HOUSEHOLD','HOUSEHOLDS',57,169,22,0,1517320887,'self',0,9),(163,214,4,'L-213/2018-3',1517443200,0,0,10000,0,0.71,333,500,0,0,0,71,28,12000,'BUSINESS','SHOP ITEMS','SHOP ITEMS',138,170,97,0,1517549671,'self',0,9),(164,188,2,'L-184/2017-2',1516406400,1516924800,1,5000,5000,0.71,333,250,333,0,333,36,14,5500,'BUSINESS','SHOP ITEMS','HOUSEHOLDS',97,88,65,0,1517571192,'self',0,9),(165,214,5,'L-213/2018-4',1517529600,1517875200,1,9000,9000,0.71,111,450,111,0,111,64,21,10350,'BUSINESS','HOUSEHOLD','SHOP ITEMS',89,145,38,0,1517919613,'self',0,9),(166,183,2,'L-17/2017-3',1517184000,1517875200,1,3000,3000,0.71,111,150,111,0,111,21,14,3300,'BUSINESS','HOUSEHOLD','HOUSEHOLDS',126,116,57,0,1517919833,'mary awuor',0,9),(167,224,5,'L-223/2018-1',1517875200,1518048000,1,5000,5000,0.71,36,250,333,0,333,36,14,5500,'BUSINESS','HOUSEHOLD','HOUSEHOLDS',194,110,191,0,1517982621,'self',0,9),(168,225,3,'L-224/2018-1',1517788800,0,0,5000,0,0.71,333,250,0,0,0,36,14,5500,'BUSINESS','HOUSEHOLD','HOUSEHOLDS',110,105,85,0,1517982765,'Eunice Anyango Ouko',0,9),(169,194,4,'L-124/2018-2',1517270400,1517616000,1,4000,4000,0.71,333,200,333,0,333,28,14,4400,'BUSINESS','HOUSEHOLD','SHOP ITEMS',119,110,120,0,1517983578,'self',0,9),(170,184,5,'L-04/2017-6',1517875200,1518048000,1,7000,7000,0.71,333,350,333,0,333,50,21,8050,'BUSINESS','HOUSEHOLD','SHOP ITEMS',105,98,60,0,1517984582,'self',0,9),(171,191,5,'L-188/2017-2',1516752000,1516924800,1,2000,2000,0.71,333,100,333,0,333,14,14,2200,'BUSINESS','HOUSEHOLD','HOUSEHOLDS',98,96,85,0,1517994744,'self',0,9),(172,226,3,'L-225/2018-1',1517961600,0,0,5000,0,0.71,72,250,0,0,0,36,14,5500,'BUSINESS','HOUSEHOLD','HOUSEHOLDS',138,121,87,0,1517999892,'self',0,9),(173,172,5,'L-07/2017-4',1517011200,1517011200,1,5000,5000,0.71,222,250,333,0,333,36,14,5500,'BUSINESS','HOUSEHOLD','HOUSEHOLDS',105,87,128,0,1518155721,'self',0,9),(174,185,5,'L-19/2017-4',1518048000,1518048000,1,2000,2000,0.71,333,100,333,0,333,14,14,2200,'BUSINESS','HOUSEHOLD','',142,41,45,0,1518155843,'self',0,9),(175,225,5,'L-224/2018-2',1517788800,1518048000,1,4000,4000,0.71,333,200,333,0,333,28,14,4400,'School fee','HOUSEHOLD','SHOP ITEMS',92,165,155,0,1518156264,'',0,9),(176,167,5,'L-129/2017-4',1516838400,1516838400,1,2000,2000,0.71,333,100,333,0,333,14,14,2200,'BUSINESS','HOUSEHOLD','HOUSEHOLDS',170,166,162,0,1518156766,'self',0,9),(177,217,2,'L-216/2018-2',1517529600,1518998400,1,5000,5000,0.71,333,250,333,0,333,36,14,5500,'BUSINESS','HOUSEHOLD','SHOP ITEMS',121,158,149,0,1518426775,'self',0,9),(178,171,3,'L-06/2017-7',1517097600,1517184000,1,10000,10000,0.71,333,500,333,0,333,1071,14,11000,'BUSINESS','HOUSEHOLD','HOUSEHOLDS',150,46,104,0,1518439669,'self',0,9),(179,171,5,'L-06/2017-8',1517097600,1517184000,1,10000,10000,0.71,333,500,333,0,333,71,21,11500,'BUSINESS','HOUSEHOLD','HOUSEHOLDS',162,159,153,0,1518439772,'self',0,9),(180,230,3,'L-229/2018-1',1518393600,0,0,5000,0,0.71,333,250,0,0,0,36,14,5500,'BUSINESS','HOUSEHOLD','SHOP ITEMS',167,148,170,0,1518441074,'self',0,9),(181,229,3,'L-228/2018-1',1518393600,0,0,5000,0,0.71,333,250,0,0,0,36,14,5500,'BUSINESS','HOUSEHOLD','HOUSEHOLDS',166,141,40,0,1518441137,'self',0,9),(182,171,4,'L-06/2017-9',1517011200,1517184000,1,10000,10000,0.71,333,500,333,0,333,71,21,11500,'BUSINESS','HOUSEHOLD','SHOP ITEMS',132,36,31,0,1518675969,'self',0,9),(183,191,3,'L-188/2017-3',1518566400,0,0,2000,0,0.71,333,100,0,0,0,14,14,2200,'BUSINESS','HOUSEHOLD','SHOP ITEMS',96,132,50,0,1518677485,'self',0,9),(184,221,5,'L-220/2018-2',1518739200,1522270800,1,5000,5000,0.71,98,250,333,0,333,36,14,5500,'BUSINESS','HOUSEHOLD','SHOP ITEMS',117,46,104,0,1518782000,'syprine from kuoyo ka ben',0,9),(185,231,2,'L-230/2018-1',1518220800,1518220800,1,20000,20000,4.2,333,1000,333,0,333,2840,12,30100,'BUSINESS','HOUSEHOLD','',171,132,104,0,1518852339,'Emilly Owuor',0,9),(186,194,3,'L-124/2018-3',1518998400,0,0,5000,0,0.71,1,250,0,0,0,36,14,5500,'BUSINESS','HOUSE HOLDS','HOUSE HOLDS',96,2,50,0,1519029479,'Grace Okoth',0,6),(187,210,4,'L-209/2018-3',1519084800,0,0,10000,0,0.71,333,500,0,0,0,71,21,11500,'BUSINESS','HOUSE HOLDS','BROWN COW',96,32,36,0,1519194086,'SELF',0,6),(188,171,5,'L-06/2017-10',1519171200,1519171200,1,13000,13000,0.71,333,650,333,0,333,1092,21,14950,'BUSINESS','HOUSE HOLDS','HOUSE HOLDS',70,93,85,0,1519221036,'SELF',0,6),(189,224,3,'L-223/2018-2',1519344000,0,0,5000,0,0.71,333,250,0,0,0,36,14,5500,'BUSINESS','HOUSE HOLDS','',54,68,31,0,1519396347,'joyce',0,6),(190,187,5,'L-153/2017-5',1519776000,1522270800,1,5000,5000,0.71,333,250,333,0,333,36,14,5500,'BUSINESS','HOUSE HOLDS','HOUSE HOLDS',173,92,41,0,1520231837,'Mary Awuor',0,6),(191,185,3,'L-19/2017-5',1519776000,0,0,3000,0,0.71,333,150,0,0,0,21,14,3300,'BUSINESS','HOUSE HOLDS','HOUSE HOLDS',87,50,31,0,1520231933,'SELF',0,6),(192,169,5,'L-05/2017-5',1522195200,1522270800,1,5000,5000,0.71,333,250,333,0,333,36,14,5500,'BUSINESS','HOUSE HOLDS','HOUSE HOLDS',54,31,32,0,1520232175,'SELF',0,6),(193,232,5,'L-231-1',1519603200,1519603200,1,1000,1000,0.71,333,50,333,0,333,7,14,1100,'Item sold (chair)','HOUSE HOLDS','HOUSE HOLDS',68,32,45,0,1520232534,'N/A',0,6),(194,233,3,'L-232/2018-1',1519776000,0,0,5000,0,0.71,333,250,0,0,0,36,14,5500,'BUSINESS','HOUSE HOLDS','HOUSE HOLDS',54,50,39,0,1520232987,'SELF',0,6),(195,232,5,'L-231/2018-2',1520294400,1520294400,1,2000,2000,0.71,333,100,333,0,333,14,14,2200,'Personal Use','HOUSE HOLDS','HOUSE HOLDS',87,39,41,0,1520404430,'SELF',0,6),(196,234,3,'L-233/2018-1',1520208000,0,0,30000,0,0.71,333,1500,0,0,0,5213,6,31300,'BUSINESS','HOUSE HOLDS','HOUSE HOLDS',40,36,26,0,1520404619,'SELF',0,6),(197,234,3,'L-233/2018-2',1520208000,0,0,30000,0,2.5,333,1500,0,0,0,5750,6,34500,'BUSINESS','HOUSE HOLDS','HOUSE HOLDS',37,40,28,0,1520405115,'SELF',0,6),(198,235,3,'L-234/2018-1',1520467200,0,0,5000,0,0.71,333,250,0,0,0,36,14,5500,'BUSINESS','HOUSE HOLDS','BROWN COW',50,36,33,0,1520512348,'SELF',0,9),(199,214,5,'L-213/2018-5',1520553600,1520553600,1,5000,5000,0.71,333,250,333,0,333,36,14,5500,'SCHOOL FEE','HOUSE HOLDS','BROWN COW',46,30,35,0,1520835128,'SELF',0,9),(200,210,5,'L-209/2018-4',1521849600,1522789200,1,10000,10000,0.71,333,500,333,0,333,71,21,11500,'BUSINESS','HOUSE HOLDS','shop items',40,50,17,0,1521880087,'SELF',0,9),(201,225,5,'L-224/2018-3',1520294400,1522270800,1,5000,5000,0.71,333,250,333,0,333,36,14,5500,'BUSINESS','HOUSE HOLDS','shop items',45,17,31,0,1521880555,'N/A',0,9),(202,237,4,'L-236/2018-1',1521763200,1522270800,1,5000,5000,0.71,333,250,333,0,333,36,14,5500,'BUSINESS','HOUSE HOLDS','shop items',38,22,36,0,1521880660,'Mary Awuor',0,9),(203,179,5,'L-127/2017-3',1522022400,1522875600,1,5000,5000,0.71,333,250,333,0,333,36,14,5500,'BUSINESS','HOUSE HOLDS','BROWN COW',40,33,14,0,1522061370,'N/A',0,9),(204,195,4,'L-192/2017-4',1522022400,1522875600,1,5000,5000,0.71,333,250,333,0,333,36,14,5500,'BUSINESS','HOUSE HOLDS','HOUSE HOLDS',39,22,26,0,1522061467,'N/A',0,9),(205,238,4,'L-237/2018-1',1522022400,0,0,5000,0,0.71,333,250,0,0,0,36,14,5500,'BUSINESS','HOUSE HOLDS','HOUSE HOLDS',32,26,22,0,1522061775,'N/A',0,9),(206,184,5,'L-04/2017-7',1522022400,1522270800,1,5000,5000,0.71,333,250,333,0,333,36,14,5500,'BUSINESS','HOUSE HOLDS','BROWN COW',39,37,22,0,1522061840,'N/A',0,9),(207,223,5,'L-222/2018-3',1522022400,1522702800,1,5000,5000,0.71,333,250,333,0,333,36,14,5500,'BUSINESS','HOUSE HOLDS','HOUSE HOLDS',39,28,26,0,1522062854,'SELF',0,9),(208,232,5,'L-231/2018-3',1522098000,1522098000,1,4000,4000,0.71,333,200,333,0,333,28,14,4400,'BUSINESS','HOUSE HOLDS','BROWN COW',28,32,9,0,1522131592,'N/A',0,9),(209,237,5,'L-236/2018-2',1522270800,1522270800,1,3000,3000,0.71,333,150,333,0,333,21,14,3300,'BUSINESS','HOUSE HOLDS','HOUSE HOLDS',58,169,30,0,1522324287,'N/A',0,9),(210,234,4,'L-233/2018-3',1518123600,0,0,30000,0,5,333,1500,0,0,0,6500,6,39000,'BUSINESS','HOUSE HOLDS','HOUSE HOLDS',68,14,33,0,1522826682,'SELF',0,9),(211,239,2,'L-238/2018-1',1522702800,1522962000,1,5000,5000,0.71,333,250,333,0,333,36,14,5500,'BUSINESS','HOUSE HOLDS','HOUSE HOLDS',69,33,19,0,1522826813,'N/A',0,9),(212,240,5,'L-239/2018-1',1522702800,1522962000,1,5000,5000,0.71,333,250,333,0,333,36,14,5500,'BUSINESS','HOUSE HOLDS','HOUSE HOLDS',35,38,96,0,1522826979,'N/A',0,9),(213,185,5,'L-19/2017-6',1522875600,1522875600,1,2000,2000,0.71,333,100,333,0,333,14,14,2200,'Personal Use','HOUSE HOLDS','HOUSE HOLDS',69,80,89,0,1522937438,'SELF',0,9),(214,172,5,'L-07/2017-5',1522962000,1523221200,1,5000,5000,0.71,333,250,333,0,333,36,14,5500,'BUSINESS','HOUSE HOLDS','HOUSE HOLDS',72,105,181,0,1523014889,'N/A',0,9),(215,191,5,'L-188/2017-4',1523221200,1523221200,1,3000,3000,0.71,333,150,333,0,333,21,14,3300,'BUSINESS','HOUSE HOLDS','HOUSE HOLDS',119,110,81,0,1523419325,'N/A',0,9),(216,242,4,'L-241/2018-1',1523221200,0,0,5000,0,0.71,333,250,0,0,0,36,14,5500,'BUSINESS','HOUSE HOLDS','HOUSE HOLDS',120,142,62,0,1523421267,'',0,9),(217,167,5,'L-129/2017-5',1522530000,1523739600,1,5000,5000,0.71,3333,250,333,0,333,36,14,5500,'BUSINESS','HOUSE HOLDS','HOUSE HOLDS',98,128,36,0,1523421315,'N/A',0,9),(218,237,5,'L-236/2018-3',1523566800,1523998800,1,5000,5000,0.71,333,250,333,0,333,36,14,5500,'BUSINESS','HOUSE HOLDS','HOUSE HOLDS',58,184,37,0,1524566994,'N/A',0,9),(219,214,5,'L-213/2018-6',1523307600,1523998800,1,5000,5000,0.71,333,250,333,0,333,36,14,5500,'BUSINESS','HOUSE HOLDS','HOUSE HOLDS',60,238,46,0,1524567167,'SELF',0,9),(220,166,3,'L-18/2017-2',1524603600,0,0,5000,0,0.71,333,250,0,0,0,36,14,5500,'BUSINESS','HOUSE HOLDS','HOUSE HOLDS',81,73,89,0,1524716158,'SELF',0,9),(221,184,3,'L-04/2017-8',1524171600,0,0,7000,0,0.71,333,350,0,0,0,50,21,8050,'BUSINESS','HOUSE HOLDS','',80,73,55,0,1524716402,'SELF',0,9),(222,244,3,'L-243/2018-1',1524603600,0,0,5000,0,0.71,333,250,0,0,0,2036,3,5150,'BUSINESS','HOUSE HOLDS','HOUSE HOLDS',85,55,62,0,1524716654,'N/A',0,9),(223,245,3,'L-244/2018-1',1524258000,0,0,5000,0,0.71,333,250,0,0,0,2036,3,5150,'BUSINESS','HOUSE HOLDS','Refridgerator',81,87,62,0,1524716837,'N/A',0,9),(224,246,3,'L-245/2018-1',1524258000,1529010000,1,5000,5000,0.71,333,250,222,0,222,2036,3,5150,'BUSINESS','HOUSE HOLDS','Gas/solar panel',55,87,35,0,1524716969,'N/A',0,9),(225,247,3,'L-246/2018-1',1524258000,0,0,5000,0,0.71,333,250,0,0,0,2036,3,5150,'BUSINESS','HOUSE HOLDS','GLD tv /gas',85,70,55,0,1524717113,'N/A',0,9),(226,247,3,'L-246/2018-2',1524258000,0,0,5000,0,0.71,333,250,0,0,0,36,12,5450,'BUSINESS','HOUSE HOLDS','',73,68,45,0,1524717241,'N/A',0,9),(227,245,3,'L-244/2018-2',1524258000,0,0,5000,0,5,333,250,0,0,0,2250,3,5750,'BUSINESS','HOUSE HOLDS','Refridgerator',81,80,68,0,1524717400,'N/A',0,9),(228,245,2,'L-244/2018-3',1524258000,1527109200,1,5000,5000,9,333,250,222,0,222,2450,3,6350,'BUSINESS','Solar Panel','HOUSE HOLDS',85,73,68,0,1524747751,'N/A',0,9),(229,247,2,'L-246/2018-3',1524690000,1526504400,1,5000,5000,9,333,250,222,0,222,2450,3,6350,'BUSINESS','GAS CYLINDER','GLD tv /gas',81,70,85,0,1524747855,'N/A',0,9),(230,244,2,'L-243/2018-2',1524258000,1526504400,1,5000,5000,9,333,250,222,0,222,2450,3,6350,'BUSINESS','TV.HOOFER.SOLAR','HOUSE HOLDS',81,85,89,0,1524747939,'N/A',0,9),(231,61,4,'L-71/2017-1',1524258000,0,0,5000,0,9,333,250,0,0,0,2450,3,6350,'BUSINESS','HOUSE HOLDS','HOUSE HOLDS',70,54,45,0,1524748021,'N/A',0,9),(232,184,4,'L-04/2017-9',1524690000,1524776400,1,5000,5000,0.71,333,250,333,0,333,36,14,5500,'BUSINESS','HOUSE HOLDS','HOUSE HOLDS',68,80,45,0,1525185435,'N/A',0,9),(233,249,4,'L-248/2018-1',1524949200,1525726800,1,5000,5000,0.71,222,250,333,0,333,36,14,5500,'BUSINESS','HOUSE HOLDS','HOUSE HOLDS',62,81,87,0,1525186315,'N/A',0,9),(234,184,5,'L-04/2017-10',1524776400,1525035600,1,5000,5000,0.71,333,250,333,0,333,36,14,5500,'BUSINESS','HOUSE HOLDS','HOUSE HOLDS',70,73,93,0,1525448972,'N/A',0,9),(235,194,3,'L-124/2018-4',1524949200,1525726800,1,5000,5000,0.71,222,250,111,0,111,36,14,5500,'BUSINESS','HOUSE HOLDS','HOUSE HOLDS',81,87,89,0,1525449204,'N/A',0,9),(236,255,4,'L-254/2018-1',1525294800,1529096400,1,5000,5000,0.71,222,250,222,0,222,36,14,5500,'BUSINESS','HOUSE HOLDS','HOUSE HOLDS',62,89,35,0,1525449571,'N/A',0,9),(237,254,4,'L-253/2018-1',1525122000,0,0,5000,0,0.71,222,250,0,0,0,36,14,5500,'BUSINESS','HOUSE HOLDS','HOUSE HOLDS',96,55,38,0,1525449949,'N/A',0,9),(238,253,3,'L-252/2018-1',1525122000,0,0,5000,0,0.71,222,250,0,0,0,36,14,5500,'BUSINESS','HOUSE HOLDS','HOUSE HOLDS',98,54,38,0,1525450048,'N/A',0,9),(239,252,3,'L-251/2018-1',1525122000,0,0,5000,0,0.71,222,250,0,0,0,36,14,5500,'BUSINESS','HOUSE HOLDS','HOUSE HOLDS',89,81,55,0,1525450114,'N/A',0,9),(240,251,3,'L-250/2018-1',1525122000,0,0,5000,0,0.71,222,250,0,0,0,36,14,5500,'BUSINESS','HOUSE HOLDS','HOUSE HOLDS',87,85,38,0,1525450169,'N/A',0,9),(241,250,3,'L-249/2018-1',1525122000,0,0,5000,0,0.71,222,250,0,0,0,36,14,5500,'BUSINESS','HOUSE HOLDS','HOUSE HOLDS',87,85,54,0,1525450276,'N/A',0,9),(242,256,3,'L-255/2018-1',1525122000,1529701200,1,5000,5000,0.71,222,250,222,0,222,36,14,5500,'BUSINESS','HOUSE HOLDS','HOUSE HOLDS',87,62,2,0,1525450469,'N/A',0,9),(243,257,4,'L-256/2018-1',1525035600,0,0,5000,0,0.71,111,250,0,0,0,36,14,5500,'BUSINESS','HOUSE HOLDS','HOUSE HOLDS',87,85,30,0,1525450627,'N/A',0,9),(244,258,3,'L-257/2018-1',1525035600,0,0,5000,0,0.71,222,250,0,0,0,36,14,5500,'BUSINESS','HOUSE HOLDS','HOUSE HOLDS',62,31,14,0,1525450819,'N/A',0,9),(245,258,4,'L-257/2018-2',1525035600,0,0,5000,0,0.71,222,250,0,0,0,2036,3,5150,'BUSINESS','HOUSE HOLDS','HOUSE HOLDS',81,38,36,0,1525450995,'N/A',0,9),(246,258,2,'L-257/2018-3',1524949200,1526504400,1,5000,5000,9,222,250,222,0,222,2450,3,6350,'BUSINESS','HOUSE HOLDS','HOUSE HOLDS',89,36,31,0,1525451246,'N/A',0,9),(247,259,2,'L-258/2018-1',1525035600,1526504400,1,5000,5000,9,222,250,222,0,222,2450,3,6350,'BUSINESS','COW','HOUSE HOLDS',35,81,38,0,1525451428,'N/A',0,9),(248,250,3,'L-249/2018-2',1525035600,0,0,5000,0,9,222,250,0,0,0,450,14,11300,'BUSINESS','HOUSE HOLDS','HOUSE HOLDS',62,38,31,0,1525451498,'N/A',0,9),(249,250,5,'L-249/2018-3',1525122000,1525726800,1,5000,5000,9,222,250,333,0,333,2450,3,6350,'BUSINESS','HOUSE HOLDS','HOUSE HOLDS',38,55,14,0,1525451563,'N/A',0,9),(250,251,5,'L-250/2018-2',1525122000,1525726800,1,5000,5000,9,22,250,333,0,333,2450,3,6350,'BUSINESS','HOUSE HOLDS','HOUSE HOLDS',87,38,54,0,1525451655,'N/A',0,9),(251,253,5,'L-252/2018-2',1525035600,1525726800,1,5000,5000,9,222,250,333,0,333,2450,3,6350,'BUSINESS','HOUSE HOLDS','HOUSE HOLDS',62,81,36,0,1525451775,'N/A',0,9),(252,252,5,'L-251/2018-2',1525122000,1525726800,1,5000,5000,9,222,250,333,0,333,2450,3,6350,'BUSINESS','HOUSE HOLDS','HOUSE HOLDS',85,89,87,0,1525451870,'N/A',0,9),(253,260,4,'L-259/2018-1',1526072400,0,0,5000,0,0.71,222,250,0,0,0,36,14,5500,'BUSINESS','HOUSE HOLDS','HOUSE HOLDS',118,96,102,0,1526399013,'N/A',0,9),(254,262,2,'L-261/2018-1',1526418000,1525640400,1,30000,30000,3.9,111,1500,111,0,111,4170,9,40550,'SCHOOL FEE','LG TV 14&quot;','SAVINGS',96,17,37,0,1526473553,'PHILLIP OCHIENG',0,9),(255,225,2,'L-224/2018-4',1526418000,1525467600,1,12000,12000,13.3,111,600,111,0,111,4596,4,18400,'SCHOOL FEE','SAVINGS','SAMSUNG TV 21&quot;',58,35,30,0,1526474858,'',0,9),(256,249,5,'L-248/2018-2',1524776400,1525726800,1,5000,5000,9,222,250,333,0,333,2450,3,6350,'BUSINESS','HOUSE HOLDS','HOUSE HOLDS',98,9,50,0,1526484430,'N/A',0,9),(257,264,4,'L-300/2018-1',1526504400,1526504400,1,800000,800000,0.71,111,40000,1111,0,1111,72680,12,868200,'BUSINESS','SAVINGS','',108,110,31,0,1526550199,'HOSEA',0,9),(258,191,2,'L-188/2017-5',1526504400,1527022800,1,4500,4500,0.71,111,225,111,0,111,32,14,4950,'BUSINESS','MOTOR BIKE','TV',134,68,105,0,1526556155,'',0,9),(259,265,2,'L-264/2018-1',1526590800,1527368400,1,5000,5000,0.71,222,250,222,0,222,36,14,5500,'BUSINESS','HOUSE HOLDS','HOUSE HOLDS',118,45,72,0,1527139074,'N/A',0,9),(260,237,5,'L-236/2018-4',1525813200,1528491600,1,5000,5000,0.71,222,250,222,0,222,36,14,5500,'BUSINESS','HOUSE HOLDS','HOUSE HOLDS',114,102,72,0,1527139198,'N/A',0,9),(261,264,4,'L-300/2018-2',1528146000,0,0,15000,0,9,222,750,0,0,0,2350,14,33900,'BUSINESS','HOUSE HOLDS','HOUSE HOLDS',108,120,123,0,1528197191,'N/A',0,9),(262,264,1,'L-300/2018-3',1528146000,0,0,15000,0,9,222,750,0,0,0,6350,3,19050,'BUSINESS','HOUSE HOLDS','BROWN COW',119,108,40,0,1528197292,'N/A',0,9),(263,171,5,'L-06/2017-11',1527454800,1528491600,1,5000,5000,0.71,222,250,222,0,222,36,14,5500,'BUSINESS','HOUSE HOLDS','HOUSE HOLDS',110,114,93,0,1528531159,'N/A',0,9),(264,267,5,'L-263/2018-1',1528750800,1529182800,1,5000,5000,0.71,222,250,222,0,222,36,14,5500,'BUSINESS','HOUSE HOLDS','HOUSE HOLDS',120,101,80,0,1528966063,'',0,9),(265,268,2,'L-264/2018-1',1528750800,1529182800,1,5000,5000,0.71,222,250,222,0,222,36,14,5500,'BUSINESS','HOUSE HOLDS','HOUSE HOLDS',108,119,28,0,1528966207,'N/A',0,9),(266,271,3,'L-258/2018-1',1528664400,0,0,5000,0,0.71,222,250,0,0,0,36,14,5500,'BUSINESS','HOUSE HOLDS','HOUSE HOLDS',108,123,80,0,1528966881,'N/A',0,9),(267,240,5,'L-239/2018-2',1529096400,1529096400,1,5000,5000,0.71,222,250,222,0,222,36,14,5500,'BUSINESS','HOUSE HOLDS','Brown cow',120,80,123,0,1529139396,'N/A',0,9),(268,246,5,'L-245/2018-2',1527541200,1529010000,1,5000,5000,0.71,222,250,222,0,222,36,14,5500,'BUSINESS','HOUSE HOLDS','HOUSE HOLDS',136,135,60,0,1529139742,'N/A',0,9),(269,223,2,'L-222/2018-4',1529269200,1531342800,1,5000,5000,0.71,222,250,222,0,222,36,14,5500,'BUSINESS','HOUSE HOLDS','HOUSE HOLDS',128,141,151,0,1529322101,'N/A',0,9),(270,251,2,'L-250/2018-3',1529355600,1529355600,1,10170,10170,9,0,509,0,0,0,3915,3,12920,'Business','House hold','Cow',128,2,148,0,1529420256,'Joyce',0,9),(271,249,2,'L-248/2018-3',1529010000,1529355600,1,10170,10170,9,222,509,222,0,222,3915,3,12920,'BUSINESS','HOUSE HOLDS','HOUSE HOLDS',138,145,154,0,1529468484,'N/A',0,9),(272,252,2,'L-251/2018-3',1529010000,1529355600,1,10170,10170,9,222,509,222,0,222,3915,3,12920,'BUSINESS','HOUSE HOLDS','HOUSE HOLDS',141,117,87,0,1529468701,'N/A',0,9),(273,58,2,'L-55/2017-2',1529701200,1529701200,1,14000,14000,5.72,111,700,111,0,111,3801,5,18050,'School Fee','House hold','House hold Items',150,143,92,0,1529741537,'Magret Abok',0,6),(274,171,4,'L-06/2017-12',1529614800,0,0,5000,0,0.71,333,250,0,0,0,36,14,5500,'Business','House hold','Cow',41,50,9,0,1529743700,'',0,6),(275,272,5,'L-268/2018-1',1529614800,1530046800,1,3000,3000,0.71,343,150,222,0,222,21,14,3300,'Business','House hold','Cow',46,54,26,0,1529743758,'Joyce',0,6),(276,273,3,'L-269/2018-1',1529701200,0,0,10000,0,9,222,500,0,0,0,1900,14,22600,'BUSINESS','HOUSE HOLDS','BROWN COW',46,50,39,0,1529744480,'N/A',0,9),(277,274,3,'L-270/2018-1',1529701200,0,0,10000,0,9,222,500,0,0,0,3900,3,12700,'BUSINESS','HOUSE HOLDS','HOUSE HOLDS',40,41,9,0,1529744862,'N/A',0,9),(278,273,4,'L-269/2018-2',1529614800,0,0,10000,0,9,333,500,0,0,0,3900,3,12700,'BUSINESS','HOUSE HOLDS','HOUSE HOLDS',183,142,228,0,1529744974,'N/A',0,9),(279,275,4,'L-271/2018-1',1529701200,0,0,10000,0,9,222,500,0,0,0,3900,3,12700,'BUSINESS','HOUSE HOLDS','HOUSE HOLDS',50,39,32,0,1529745145,'N/A',0,9),(280,274,2,'L-270/2018-2',1528232400,1529701200,1,7000,7000,9,222,350,222,0,222,2630,3,8900,'SCHOOL FEE','HOUSE HOLDS','HOUSE HOLDS',129,98,40,0,1529905702,'N/A',0,9),(281,254,5,'L-253/2018-2',1527541200,1529701200,1,3000,3000,0.71,333,150,222,0,222,21,14,3300,'BUSINESS','HOUSE HOLDS','HOUSE HOLDS',133,93,41,0,1529905796,'N/A',0,9),(282,257,5,'L-256/2018-2',1527454800,1529701200,1,3000,3000,0.71,222,150,222,0,222,21,14,3300,'BUSINESS','HOUSE HOLDS','HOUSE HOLDS',110,32,142,0,1529905871,'N/A',0,9),(283,273,2,'L-269/2018-3',1527454800,1529701200,1,5000,5000,9,222,250,222,0,222,2450,3,6350,'BUSINESS','HOUSE HOLDS','HOUSE HOLDS',151,50,26,0,1529906028,'N/A',0,9),(284,275,2,'L-271/2018-2',1527454800,1529701200,1,5000,5000,9,222,250,222,0,222,2450,3,6350,'BUSINESS','HOUSE HOLDS','HOUSE HOLDS',153,156,9,0,1529906123,'N/A',0,9),(285,171,3,'L-06/2017-13',1529701200,1530046800,1,10000,8000,0.71,222,400,1111,0,1111,71,21,11500,'BUSINESS','HOUSE HOLDS','HOUSE HOLDS',162,170,155,0,1529906274,'N/A',0,9),(286,256,5,'L-255/2018-2',1527454800,1529701200,1,3000,3000,0.71,222,150,222,0,222,21,14,3300,'BUSINESS','HOUSE HOLDS','HOUSE HOLDS',161,159,157,0,1529906502,'N/A',0,9),(287,250,2,'L-249/2018-4',1529701200,1529701200,1,10170,10170,9,222,509,222,0,222,3915,3,12920,'BUSINESS','HOUSE HOLDS','HOUSE HOLDS',54,162,165,0,1529906887,'N/A',0,9),(288,253,2,'L-252/2018-3',1527454800,1529701200,1,8700,8700,9,222,435,222,0,222,3783,3,11050,'BUSINESS','HOUSE HOLDS','HOUSE HOLDS',167,170,166,0,1529907070,'N/A',0,9),(289,179,2,'L-127/2017-4',1529874000,1531170000,1,5000,5000,0.71,222,250,2222,0,2222,36,14,5500,'BUSINESS','HOUSE HOLDS','HOUSE HOLDS',155,175,177,0,1529986665,'N/A',0,9),(290,209,1,'L-208/2018-3',1529701200,0,0,5000,0,0.71,222,250,0,0,0,36,14,5500,'BUSINESS','HOUSE HOLDS','HOUSE HOLDS',173,174,155,0,1529986757,'N/A',0,9),(291,154,2,'L-176/2017-2',1528146000,1528146000,1,41000,41000,3.2,1111,2050,222,0,222,8312,6,48900,'SCHOOL FEE','HOUSE HOLDS','',82,39,22,0,1530164880,'Emilly Owuor',0,9),(292,276,2,'L-272/2018-1',1530306000,1530565200,1,5000,5000,0.71,222,250,222,0,222,36,14,5500,'BUSINESS','HOUSE HOLDS','HOUSE HOLDS',175,174,177,0,1530345695,'N/A',0,9),(293,246,2,'L-245/2018-3',1530565200,1530565200,1,5000,5000,0.71,222,250,222,0,222,36,14,5500,'BUSINESS','HOUSE HOLDS','HOUSE HOLDS',155,174,169,0,1530680647,'N/A',0,9),(294,171,5,'L-06/2017-14',1530565200,1530565200,1,8000,8000,0.71,22,400,222,0,222,57,21,9200,'BUSINESS','HOUSE HOLDS','HOUSE HOLDS',172,176,175,0,1530680727,'N/A',0,9),(295,277,4,'L-273/2018-1',1528232400,1530565200,1,4000,4000,0.71,222,200,222,0,222,28,14,4400,'BUSINESS','HOUSE HOLDS','HOUSE HOLDS',179,182,181,0,1530681419,'N/A',0,9),(296,280,3,'L-276/2018-1',1530565200,1531342800,1,5000,5000,9,222,250,222,0,222,2450,3,6350,'BUSINESS','HOUSE HOLDS','HOUSE HOLDS',136,114,102,0,1531295592,'N/A',0,9),(297,279,4,'L-275/2018-1',1531256400,1531256400,1,5000,5000,9,222,250,222,0,222,2450,3,6350,'BUSINESS','HOUSE HOLDS','HOUSE HOLDS',110,32,101,0,1531295763,'N/A',0,9),(298,282,3,'L-278/2018-1',1531256400,1531256400,1,5000,5000,9,222,250,2222,0,2222,2450,3,6350,'BUSINESS','HOUSE HOLDS','HOUSE HOLDS',111,101,62,0,1531296229,'N/A',0,9),(299,283,3,'L-279/2018-1',1531256400,1531342800,1,5000,5000,9,222,250,222,0,222,2450,3,6350,'BUSINESS','HOUSE HOLDS','BROWN COW',110,123,84,0,1531499693,'N/A',0,9),(300,284,3,'L-280/2018-1',1531256400,1531342800,1,5000,5000,9,333,250,222,0,222,2450,3,6350,'BUSINESS','HOUSE HOLDS','BROWN COW',120,111,131,0,1531500009,'N/A',0,9),(301,272,2,'L-268/2018-2',1531256400,1531342800,1,4000,4000,0.71,222,200,222,0,222,28,14,4400,'BUSINESS','HOUSE HOLDS','HOUSE HOLDS',159,60,157,0,1531560435,'N/A',0,9),(302,184,2,'L-04/2017-11',1531256400,1531256400,1,5000,5000,0.71,222,250,222,0,222,36,14,5500,'BUSINESS','HOUSE HOLDS','BROWN COW',93,80,46,0,1531560614,'N/A',0,9),(303,167,2,'L-129/2017-6',1530651600,1531256400,1,5000,5000,0.71,233,250,222,0,222,36,14,5500,'BUSINESS','HOUSE HOLDS','HOUSE HOLDS',179,161,147,0,1531560711,'N/A',0,9),(304,179,4,'L-127/2017-5',1531256400,1486760400,1,5000,5000,0.71,222,250,222,0,222,36,14,5500,'BUSINESS','COW','HOUSE HOLDS',182,184,183,0,1531560804,'N/A',0,9),(305,179,2,'L-127/2017-6',1531256400,1531342800,1,5000,5000,0.71,222,250,222,0,222,36,14,5500,'BUSINESS','HOUSE HOLDS','HOUSE HOLDS',181,182,184,0,1531562575,'N/A',0,9),(306,280,2,'L-276/2018-2',1531256400,1531256400,1,5000,5000,15,222,250,222,0,222,2750,3,7250,'BUSINESS','HOUSE HOLDS','HOUSE HOLDS',178,135,142,0,1531562811,'',0,9),(307,282,2,'L-278/2018-2',1531256400,1531256400,1,5000,5000,15,222,250,222,0,222,2750,3,7250,'BUSINESS','HOUSE HOLDS','HOUSE HOLDS',183,173,185,0,1531562900,'N/A',0,9),(308,279,4,'L-275/2018-2',1531256400,1528664400,1,5000,5000,15,222,250,222,0,222,2750,3,7250,'BUSINESS','HOUSE HOLDS','HOUSE HOLDS',187,186,188,0,1531563034,'N/A',0,9),(309,279,3,'L-275/2018-3',1531256400,1499720400,1,5000,5000,15,222,250,222,0,222,2750,3,7250,'BUSINESS','HOUSE HOLDS','BROWN COW',180,188,187,0,1531563162,'N/A',0,9),(310,279,2,'L-275/2018-4',1531256400,1531256400,1,5000,5000,15,222,250,222,0,222,2750,3,7250,'BUSINESS','HOUSE HOLDS','HOUSE HOLDS',187,190,186,0,1531563362,'N/A',0,9),(311,283,2,'L-279/2018-2',1531342800,1531256400,1,5000,5000,15,222,250,222,0,222,2750,3,7250,'BUSINESS','HOUSE HOLDS','HOUSE HOLDS',180,188,130,0,1531563496,'N/A',0,9),(312,288,2,'L-284/2018-1',1531170000,1531256400,1,5000,5000,15,333,250,222,0,222,2750,3,7250,'BUSINESS','HOUSE HOLDS','BROWN COW',123,114,191,0,1531563588,'N/A',0,9),(313,289,2,'L-285/2018-1',1530651600,1531256400,1,5000,5000,15,222,250,222,0,222,2750,3,7250,'BUSINESS','HOUSE HOLDS','BROWN COW',195,41,136,0,1531563666,'N/A',0,9),(314,284,2,'L-280/2018-2',1530651600,1531342800,1,5000,5000,15,222,250,2222,0,2222,2750,3,7250,'BUSINESS','HOUSE HOLDS','HOUSE HOLDS',196,62,133,0,1531563817,'N/A',0,9),(315,285,2,'L-281/2018-1',1531170000,1531342800,1,5000,5000,15,222,250,222,0,222,2750,3,7250,'BUSINESS','HOUSE HOLDS','HOUSE HOLDS',111,32,101,0,1531563900,'N/A',0,9),(316,287,1,'L-283/2018-1',1531342800,0,0,5000,0,15,222,250,0,0,0,2750,3,7250,'BUSINESS','HOUSE HOLDS','BROWN COW',194,200,198,0,1531564144,'N/A',0,9),(317,278,1,'L-274/2018-1',1531170000,0,0,5000,0,0.71,222,250,0,0,0,36,14,5500,'BUSINESS','HOUSE HOLDS','HOUSE HOLDS',200,197,194,0,1531564323,'N/A',0,9),(318,291,1,'L-287/2018-1',1530478800,0,0,5000,0,0.71,222,250,0,0,0,36,14,5500,'BUSINESS','HOUSE HOLDS','HOUSE HOLDS',194,199,189,0,1531564506,'N/A',0,9),(319,281,1,'L-277/2018-1',1531515600,0,0,5000,0,15,222,250,0,0,0,2750,3,7250,'BUSINESS','HOUSE HOLDS','HOUSE HOLDS',200,197,194,0,1531564563,'N/A',0,9),(320,286,2,'L-282/2018-1',1531342800,1531342800,1,5000,5000,15,222,250,222,0,222,2750,3,7250,'BUSINESS','HOUSE HOLDS','HOUSE HOLDS',197,189,110,0,1531564655,'N/A',0,9),(321,292,2,'L-288/2018-1',1531515600,1531342800,1,5000,5000,15,222,250,222,0,222,2750,3,7250,'BUSINESS','HOUSE HOLDS','BROWN COW',194,55,34,0,1531565010,'N/A',0,9),(322,293,1,'L-289/2018-1',1531256400,0,0,5000,0,15,222,250,0,0,0,2750,3,7250,'BUSINESS','HOUSE HOLDS','HOUSE HOLDS',202,193,131,0,1531565474,'N/A',0,9),(323,294,1,'L-290/2018-1',1531429200,0,0,5000,0,15,222,250,0,0,0,2750,3,7250,'BUSINESS','HOUSE HOLDS','BROWN COW',198,14,131,0,1531565610,'N/A',0,9),(324,295,1,'L-292/2018-1',1531429200,0,0,5000,0,15,222,250,0,0,0,2750,3,7250,'BUSINESS','HOUSE HOLDS','TITLE DEED',131,199,102,0,1531565765,'N/A',0,9),(325,297,2,'L-291/2018-1',1531515600,1531515600,1,500,500,0.71,222,25,222,0,222,4,7,550,'Personal Use','HOUSE HOLDS','HOUSE HOLDS',202,193,204,0,1531566108,'N/A',0,9),(326,210,2,'L-209/2018-5',1531170000,1531170000,1,10000,10000,0.71,222,500,222,0,222,71,21,11500,'BUSINESS','HOUSE HOLDS','',209,206,211,0,1531566361,'N/A',0,9);
/*!40000 ALTER TABLE `loans` ENABLE KEYS */;
UNLOCK TABLES;

--
-- Table structure for table `loanstatus`
--

DROP TABLE IF EXISTS `loanstatus`;
/*!40101 SET @saved_cs_client     = @@character_set_client */;
/*!40101 SET character_set_client = utf8 */;
CREATE TABLE `loanstatus` (
  `loanstatus_id` int(11) NOT NULL AUTO_INCREMENT,
  `loanstatus_status` varchar(50) NOT NULL,
  `loanstatus_short` varchar(8) NOT NULL,
  PRIMARY KEY (`loanstatus_id`)
) ENGINE=InnoDB AUTO_INCREMENT=6 DEFAULT CHARSET=latin1;
/*!40101 SET character_set_client = @saved_cs_client */;

--
-- Dumping data for table `loanstatus`
--

LOCK TABLES `loanstatus` WRITE;
/*!40000 ALTER TABLE `loanstatus` DISABLE KEYS */;
INSERT INTO `loanstatus` VALUES (1,'Pending','LST_PEN'),(2,'Approved','LST_APP'),(3,'Refused','LST_REF'),(4,'Abandoned','LST_ABN'),(5,'Cleared','LST_CLR');
/*!40000 ALTER TABLE `loanstatus` ENABLE KEYS */;
UNLOCK TABLES;

--
-- Table structure for table `logrec`
--

DROP TABLE IF EXISTS `logrec`;
/*!40101 SET @saved_cs_client     = @@character_set_client */;
/*!40101 SET character_set_client = utf8 */;
CREATE TABLE `logrec` (
  `logrec_id` int(11) NOT NULL AUTO_INCREMENT,
  `user_id` int(11) DEFAULT NULL,
  `logrec_start` int(11) DEFAULT NULL,
  `logrec_end` int(11) DEFAULT NULL,
  `logrec_logout` int(11) NOT NULL DEFAULT '0',
  PRIMARY KEY (`logrec_id`)
) ENGINE=InnoDB AUTO_INCREMENT=890 DEFAULT CHARSET=latin1;
/*!40101 SET character_set_client = @saved_cs_client */;

--
-- Dumping data for table `logrec`
--

LOCK TABLES `logrec` WRITE;
/*!40000 ALTER TABLE `logrec` DISABLE KEYS */;
INSERT INTO `logrec` VALUES (1,1,1500364380,1500364415,1),(2,2,1500364434,1500364450,1),(3,2,1500364793,1500366466,1),(4,2,1500365623,1500366237,0),(5,2,1500366237,1500366263,1),(6,2,1500366489,1500367163,1),(7,3,1500367225,1500367486,1),(8,4,1500367534,1500367545,1),(9,5,1500367597,1500367621,1),(10,6,1500367651,1500367661,1),(11,3,1500367678,1500368296,1),(12,2,1500368107,1500969288,0),(13,4,1500368315,1500368923,1),(14,3,1500368935,1500370221,0),(15,4,1500369114,1500369830,0),(16,5,1500369581,1500387726,1),(17,4,1500369830,1500375073,0),(18,3,1500370221,1500372115,0),(19,3,1500372115,1500379986,0),(20,4,1500375073,1500376979,0),(21,4,1500376979,1500377283,0),(22,4,1500377283,1500377669,0),(23,4,1500377669,1500378041,0),(24,4,1500378041,1500381217,0),(25,3,1500379986,1500381125,0),(26,3,1500381125,1500381175,1),(27,3,1500381187,1500381193,1),(28,4,1500381217,1500381653,0),(29,4,1500381653,1500382205,0),(30,4,1500382205,1500382952,0),(31,4,1500382952,1500384410,1),(32,6,1500384431,1500387743,0),(33,6,1500387743,1500393930,0),(34,3,1500390640,1500440352,0),(35,6,1500393930,1500394120,0),(36,6,1500394120,1500395872,0),(37,6,1500395872,1500436717,0),(38,5,1500436078,1500445870,0),(39,6,1500436717,1500461667,0),(40,4,1500439485,1500440331,1),(41,3,1500440352,1500445271,1),(42,5,1500445870,1501068486,0),(43,6,1500461667,1500463944,0),(44,6,1500463944,1500480324,0),(45,6,1500480324,1500536145,0),(46,6,1500536145,1500875135,0),(47,6,1500875135,1500891582,0),(48,6,1500891582,1500896868,0),(49,6,1500896868,1500901466,0),(50,6,1500901466,1501048425,0),(51,2,1500969288,1500969417,1),(52,6,1501048425,1501052975,0),(53,2,1501051997,1501052478,1),(54,6,1501052975,1501054822,0),(55,6,1501054822,1501060577,0),(56,6,1501060577,1501064267,0),(57,6,1501064267,1501070862,0),(58,3,1501065759,1501070602,0),(59,5,1501068486,1501068525,1),(60,5,1501068553,1501070567,0),(61,5,1501070567,1501071757,0),(62,3,1501070602,1501072048,0),(63,6,1501070862,1501071721,0),(64,6,1501071721,1501074098,0),(65,5,1501071757,1501073394,0),(66,3,1501072048,1501073334,0),(67,3,1501073334,1501164222,0),(68,5,1501073394,1501077706,1),(69,6,1501074098,1501076272,0),(70,6,1501076272,1501079474,0),(71,6,1501079474,1501157569,0),(72,5,1501157336,1501157530,1),(73,6,1501157569,1501217456,0),(74,3,1501164222,NULL,0),(75,6,1501217456,1501219564,0),(76,6,1501219564,1501576185,0),(77,6,1501576185,1501592570,0),(78,6,1501592570,1501595378,0),(79,6,1501595378,1502089718,0),(80,5,1501663163,1501757690,0),(81,5,1501757690,1501757857,1),(82,5,1501772174,1501772526,1),(83,6,1502089718,1502093312,0),(84,6,1502093312,1502096815,0),(85,6,1502096815,1502438845,0),(86,6,1502438845,1502696295,0),(87,6,1502696295,1502697501,0),(88,6,1502697501,1502704907,0),(89,6,1502704907,1502711058,0),(90,6,1502711058,1502715594,0),(91,6,1502715594,1502777717,0),(92,5,1502717766,1502718073,1),(93,6,1502777717,1502790731,0),(94,6,1502790731,1502863584,0),(95,6,1502863584,1502894407,0),(96,6,1502894407,1503394803,0),(97,5,1503041421,1504698732,0),(98,6,1503394803,1503552774,0),(99,6,1503552774,1503558504,0),(100,6,1503558504,1503565299,0),(101,6,1503565299,1503572892,0),(102,6,1503572892,1503585226,0),(103,6,1503585226,1503729283,0),(104,6,1503729283,1503732241,0),(105,6,1503732241,1503811789,0),(106,6,1503811789,1503906137,0),(107,6,1503906137,1503912230,0),(108,6,1503912230,1503921975,0),(109,6,1503921975,1503922283,0),(110,6,1503922283,1503933701,0),(111,6,1503933701,1503987560,0),(112,6,1503987560,1504005288,0),(113,6,1504005288,1504005403,0),(114,6,1504005403,1504102226,0),(115,6,1504102226,1504102230,0),(116,6,1504102230,1504176914,0),(117,6,1504176914,1504186655,0),(118,6,1504186655,1504245859,0),(119,6,1504245859,1504268179,0),(120,6,1504268179,1504269501,0),(121,6,1504269501,1504342945,0),(122,6,1504342945,1504347074,0),(123,6,1504347074,1504504776,0),(124,6,1504504776,1504523999,0),(125,6,1504523999,1504593805,0),(126,6,1504593805,1504607623,0),(127,6,1504607623,1504611570,0),(128,6,1504611570,1504677603,0),(129,6,1504677603,1504693692,0),(130,6,1504693692,1504763010,0),(131,5,1504698732,1504699981,1),(132,6,1504763010,1504849087,0),(133,5,1504773225,1505121467,0),(134,6,1504849087,1504850247,0),(135,6,1504850247,1504862650,0),(136,6,1504862650,1505125792,0),(137,5,1505121467,1505121713,1),(138,6,1505125792,1505132691,0),(139,6,1505132691,1505143821,0),(140,6,1505143821,1505197294,0),(141,6,1505197294,1505204394,0),(142,6,1505204394,1505204885,0),(143,6,1505204885,1505280713,0),(144,6,1505280713,1505280720,0),(145,6,1505280720,1505283578,0),(146,6,1505283578,1505286101,0),(147,6,1505286101,1505308100,0),(148,6,1505308100,1505377132,0),(149,6,1505377132,1505382309,0),(150,6,1505382309,1505386899,0),(151,6,1505386899,1505388550,0),(152,6,1505388550,1505394714,0),(153,6,1505394714,1505451707,0),(154,6,1505451707,1505459867,0),(155,6,1505459867,1505480132,0),(156,6,1505480132,1505551291,0),(157,5,1505549518,1505726678,0),(158,6,1505551291,1505566414,0),(159,6,1505566414,1505714497,0),(160,6,1505714497,1505725802,0),(161,6,1505725802,1505725852,0),(162,6,1505725852,1505725956,0),(163,6,1505725956,1505736229,0),(164,5,1505726678,1505726862,1),(165,6,1505736229,1505736262,0),(166,6,1505736262,1505736486,0),(167,6,1505736486,1505744511,0),(168,6,1505744511,1505798604,0),(169,6,1505798604,1505799238,0),(170,6,1505799238,1505805283,0),(171,6,1505805283,1505811608,0),(172,6,1505811608,1505822170,0),(173,6,1505822170,1505880242,0),(174,6,1505880242,1505887125,0),(175,6,1505887125,1506511917,0),(176,6,1506511917,1506511928,0),(177,6,1506511928,1506511944,0),(178,6,1506511944,1506511958,0),(179,6,1506511958,1506512168,0),(180,6,1506512168,1506513591,0),(181,6,1506513591,1506591412,0),(182,6,1506591412,1506879480,0),(183,6,1506879480,1506879492,0),(184,6,1506879492,1506879579,0),(185,6,1506879579,1506879608,0),(186,6,1506879608,1506879692,0),(187,6,1506879692,1506879776,0),(188,6,1506879776,1506879792,0),(189,6,1506879792,1506879957,0),(190,6,1506879957,1508925522,0),(191,5,1507285970,1511356829,0),(192,6,1508925522,1513160488,0),(193,5,1511356829,1511425163,0),(194,5,1511425163,1511762309,0),(195,5,1511762309,1512131987,0),(196,5,1512131987,1512646680,0),(197,5,1512646680,1512649831,0),(198,5,1512649831,1512650161,0),(199,5,1512650161,1513067762,0),(200,5,1513067762,1513160593,0),(201,6,1513160488,1513162667,0),(202,5,1513160593,1513162854,0),(203,6,1513162667,1513242606,0),(204,5,1513162854,1513163256,1),(205,5,1513163351,1513163509,1),(206,5,1513163561,1513163639,1),(207,9,1513163668,1513169292,0),(208,9,1513169292,1513228622,0),(209,9,1513228622,1513231166,0),(210,9,1513231166,1513231649,0),(211,9,1513231649,1513240025,0),(212,9,1513240025,1513244628,0),(213,6,1513242606,1513256931,0),(214,9,1513244628,1513256776,0),(215,9,1513256776,1513312678,0),(216,5,1513256815,1513256912,0),(217,5,1513256912,1513260367,0),(218,6,1513256931,1513415062,0),(219,5,1513260367,1513261185,1),(220,9,1513312678,1513314598,0),(221,9,1513314598,1513319285,0),(222,9,1513319285,1513324670,0),(223,9,1513324670,1513327072,0),(224,9,1513327072,1513328571,0),(225,9,1513328571,1513331105,0),(226,5,1513329612,1513333502,0),(227,9,1513331105,1513337433,0),(228,5,1513333502,1513333502,0),(229,5,1513333502,1513334741,0),(230,5,1513334741,1513359979,0),(231,9,1513337433,1513339111,0),(232,9,1513339111,1513343450,0),(233,9,1513343450,1513346598,0),(234,9,1513346598,1513408484,0),(235,5,1513359979,1513436884,0),(236,9,1513408484,1513420676,0),(237,6,1513415062,1513420543,0),(238,6,1513420543,1513420556,1),(239,6,1513420571,1513575595,0),(240,9,1513420676,1513426550,0),(241,9,1513426550,1513429649,0),(242,9,1513429649,1513574058,0),(243,5,1513436884,1513611294,0),(244,9,1513574058,1513574083,0),(245,9,1513574083,1513575607,0),(246,6,1513575595,1513924714,0),(247,9,1513575607,1513577716,0),(248,9,1513577716,1513578046,0),(249,9,1513578046,1513578761,0),(250,9,1513578761,1513579604,0),(251,9,1513579604,1513581290,0),(252,9,1513581290,1513588007,0),(253,9,1513588007,1513592963,0),(254,9,1513592963,1513595626,0),(255,9,1513595626,1513595696,0),(256,9,1513595696,1513599746,0),(257,9,1513599746,1513608174,0),(258,9,1513608174,1513660613,0),(259,5,1513611294,1513615015,0),(260,5,1513615015,1513663144,0),(261,9,1513660613,1513662721,0),(262,9,1513662721,1513662722,0),(263,9,1513662722,1513669462,0),(264,5,1513663144,1513726804,0),(265,9,1513669462,1513671132,0),(266,9,1513671132,1513675015,0),(267,9,1513675015,1513746839,0),(268,5,1513726804,1513743225,0),(269,5,1513743225,1513747095,0),(270,9,1513746839,1513746840,0),(271,9,1513746840,1513765058,0),(272,5,1513747095,1513749617,0),(273,5,1513749617,1513749693,0),(274,5,1513749693,1514352464,0),(275,9,1513765058,1513770749,0),(276,9,1513770749,1513775818,0),(277,9,1513775818,1513832667,0),(278,9,1513832667,1513840043,0),(279,9,1513840043,1513840275,0),(280,9,1513840275,1513843525,0),(281,9,1513843525,1513857023,0),(282,9,1513857023,1513862781,0),(283,9,1513862781,1513920106,0),(284,9,1513920106,1513927691,0),(285,6,1513924714,1513930501,0),(286,9,1513927691,1513930198,0),(287,9,1513930198,1514005315,0),(288,6,1513930501,1514360410,0),(289,9,1514005315,1514028406,0),(290,9,1514028406,1514037879,0),(291,9,1514037879,1514092950,0),(292,9,1514092950,1514458637,0),(293,5,1514352464,1514364146,0),(294,6,1514360410,1514380500,0),(295,5,1514364146,1514364473,0),(296,5,1514364473,1514371917,0),(297,5,1514371917,1514379785,0),(298,5,1514379785,1514380576,0),(299,6,1514380500,1514382294,0),(300,5,1514380576,1514381268,0),(301,5,1514381268,1514385664,0),(302,6,1514382294,1514471073,0),(303,5,1514385664,1514385864,0),(304,5,1514385864,1514420158,0),(305,5,1514420158,1514434620,0),(306,5,1514434620,1514442039,0),(307,5,1514442039,1514457608,0),(308,5,1514457608,1514457984,0),(309,5,1514457984,1514458240,0),(310,5,1514458240,1514486484,0),(311,9,1514458637,1514463525,0),(312,9,1514463525,1514468775,0),(313,9,1514468775,1514471355,0),(314,6,1514471073,1514554330,0),(315,9,1514471355,1514471873,0),(316,9,1514471873,1514523631,0),(317,5,1514486484,1514564411,0),(318,9,1514523631,1514529321,0),(319,9,1514529321,1514531138,0),(320,9,1514531138,1514535201,0),(321,9,1514535201,1514537938,0),(322,9,1514537938,1514538254,0),(323,9,1514538254,1514547322,0),(324,9,1514547322,1514550302,0),(325,9,1514550302,1514557561,0),(326,6,1514554330,1514885332,0),(327,9,1514557561,1514614807,0),(328,5,1514564411,1514826024,0),(329,9,1514614807,1514626746,0),(330,9,1514626746,1514634047,0),(331,9,1514634047,1514634261,0),(332,9,1514634261,1514637393,0),(333,9,1514637393,1514639941,0),(334,9,1514639941,1514641155,0),(335,9,1514641155,1514643657,0),(336,9,1514643657,1514815288,0),(337,9,1514815288,1514815334,0),(338,9,1514815334,1514815377,0),(339,9,1514815377,1514825915,0),(340,9,1514825915,1514825945,0),(341,9,1514825945,1514825969,0),(342,9,1514825969,1514825981,0),(343,9,1514825981,1514871601,0),(344,5,1514826024,1514826076,0),(345,5,1514826076,1514828372,0),(346,5,1514828372,1514829209,0),(347,5,1514829209,1514897495,0),(348,9,1514871601,1514878685,0),(349,9,1514878685,1514879093,0),(350,9,1514879093,1514879102,0),(351,9,1514879102,1514879140,0),(352,9,1514879140,1514879163,0),(353,9,1514879163,1514879999,0),(354,9,1514879999,1514883075,0),(355,9,1514883075,1514883087,0),(356,9,1514883087,1514887527,0),(357,6,1514885332,1514887835,0),(358,9,1514887527,1514897181,0),(359,6,1514887835,1514888726,0),(360,6,1514888726,1514892514,0),(361,6,1514892514,1514964222,0),(362,9,1514897181,1514903726,0),(363,5,1514897495,1514968987,0),(364,9,1514903726,1514904094,0),(365,9,1514904094,1514957774,0),(366,9,1514957774,1514963655,0),(367,9,1514963655,1514963681,0),(368,9,1514963681,1514963696,0),(369,9,1514963696,1514964511,0),(370,6,1514964222,1514967580,0),(371,9,1514964511,1514968998,0),(372,6,1514967580,1514971026,0),(373,5,1514968987,1514969017,0),(374,9,1514968998,1514970524,0),(375,5,1514969017,1514969044,0),(376,5,1514969044,1515000336,0),(377,9,1514970524,1514970727,0),(378,9,1514970727,1514971337,0),(379,6,1514971026,1514979244,0),(380,9,1514971337,1514971621,0),(381,9,1514971621,1514984125,0),(382,6,1514979244,1514987480,0),(383,9,1514984125,1514990025,0),(384,6,1514987480,1514990354,0),(385,9,1514990025,1514990613,0),(386,6,1514990354,1515041689,0),(387,9,1514990613,1514992035,0),(388,9,1514992035,1515046222,0),(389,5,1515000336,1515093659,0),(390,6,1515041689,1515055276,0),(391,9,1515046222,1515048018,0),(392,9,1515048018,1515051595,0),(393,9,1515051595,1515057551,0),(394,6,1515055276,1515062092,0),(395,9,1515057551,1515060777,0),(396,9,1515060777,1515134648,0),(397,6,1515062092,1515133736,0),(398,5,1515093659,1515318599,0),(399,6,1515133736,1515136571,0),(400,9,1515134648,1515136179,0),(401,9,1515136179,1515136572,0),(402,6,1515136571,1515139085,0),(403,9,1515136572,1515139707,0),(404,6,1515139085,1515146075,0),(405,9,1515139707,1515146978,0),(406,6,1515146075,1515147195,0),(407,9,1515146978,1515148322,0),(408,6,1515147195,1515152528,0),(409,9,1515148322,1515149644,0),(410,9,1515149644,1515151982,0),(411,9,1515151982,1515154111,0),(412,6,1515152528,1515157886,0),(413,9,1515154111,1515159867,0),(414,6,1515157886,1515395478,0),(415,9,1515159867,1515160472,0),(416,9,1515160472,1515161161,0),(417,9,1515161161,1515223550,0),(418,9,1515223550,1515225669,0),(419,9,1515225669,1515226142,0),(420,9,1515226142,1515227312,0),(421,9,1515227312,1515239133,0),(422,9,1515239133,1515242500,0),(423,9,1515242500,1515245979,0),(424,9,1515245979,1515246743,0),(425,9,1515246743,1515388938,0),(426,5,1515318599,1515433498,0),(427,9,1515388938,1515393111,0),(428,9,1515393111,1515396070,0),(429,6,1515395478,1515397901,0),(430,9,1515396070,1515396436,0),(431,9,1515396436,1515398766,0),(432,6,1515397901,1515410419,0),(433,9,1515398766,1515405631,0),(434,9,1515405631,1515411743,0),(435,6,1515410419,1515411228,0),(436,6,1515411228,1515418551,0),(437,9,1515411743,1515419916,0),(438,6,1515418551,1515475275,0),(439,9,1515419916,1515420755,0),(440,9,1515420755,1515473992,0),(441,5,1515433498,1515434097,0),(442,5,1515434097,1515434738,0),(443,5,1515434738,1515434883,0),(444,5,1515434883,1515513809,0),(445,9,1515473992,1515478479,0),(446,6,1515475275,1515480756,0),(447,9,1515478479,1515484301,0),(448,6,1515480756,1515483391,0),(449,6,1515483391,1515486863,0),(450,9,1515484301,1515491679,0),(451,6,1515486863,1515489057,0),(452,6,1515489057,1515490519,0),(453,6,1515490519,1515499415,0),(454,9,1515491679,1515496684,0),(455,9,1515496684,1515499623,0),(456,6,1515499415,1515505435,0),(457,9,1515499623,1515504606,0),(458,9,1515504606,1515505703,0),(459,6,1515505435,1515562802,0),(460,9,1515505703,1515560680,0),(461,5,1515513809,1516193485,0),(462,9,1515560680,1515564636,0),(463,6,1515562802,1515565932,0),(464,9,1515564636,1515581537,0),(465,6,1515565932,1515569318,0),(466,6,1515569318,1515573484,0),(467,6,1515573484,1515581452,0),(468,6,1515581452,1515646315,0),(469,9,1515581537,1515588167,0),(470,9,1515588167,1515593756,0),(471,9,1515593756,1515646705,0),(472,6,1515646315,1515647437,0),(473,9,1515646705,1515651166,0),(474,6,1515647437,1515656110,0),(475,9,1515651166,1515655339,0),(476,9,1515655339,1515655735,0),(477,9,1515655735,1515672054,0),(478,6,1515656110,1515766549,0),(479,9,1515672054,1515673094,0),(480,9,1515673094,1515674804,0),(481,9,1515674804,1515674838,0),(482,9,1515674838,1515675714,0),(483,9,1515675714,1515677227,0),(484,9,1515677227,1515679197,0),(485,9,1515679197,1515732485,0),(486,9,1515732485,1515735564,0),(487,9,1515735564,1515761383,0),(488,9,1515761383,1515765389,0),(489,9,1515765389,1515766585,0),(490,6,1515766549,1516008784,0),(491,9,1515766585,1515766858,0),(492,9,1515766858,1515767608,0),(493,9,1515767608,1515769275,0),(494,9,1515769275,1515993815,0),(495,9,1515993815,1515993827,0),(496,9,1515993827,1516007733,0),(497,9,1516007733,1516616694,0),(498,6,1516008784,1516008881,0),(499,6,1516008881,1516618053,0),(500,5,1516193485,1516606830,0),(501,5,1516606830,1516905110,0),(502,9,1516616694,1516617198,0),(503,9,1516617198,1516701529,0),(504,6,1516618053,1516620840,0),(505,6,1516620840,1516702360,0),(506,9,1516701529,1516786707,0),(507,6,1516702360,1516704814,0),(508,6,1516704814,1516720045,0),(509,6,1516720045,1516765249,0),(510,6,1516765249,1516765328,0),(511,6,1516765328,1516784835,0),(512,6,1516784835,1516798334,0),(513,9,1516786707,1516796282,0),(514,9,1516796282,1516798526,0),(515,6,1516798334,1516798820,0),(516,9,1516798526,1516858652,0),(517,6,1516798820,1516804315,0),(518,6,1516804315,1517319337,0),(519,9,1516858652,1517041574,0),(520,5,1516905110,1516949902,0),(521,5,1516949902,1518078538,0),(522,9,1517041574,1517136299,0),(523,9,1517136299,1517137622,0),(524,9,1517137622,1517288603,0),(525,9,1517288603,1517289809,0),(526,9,1517289809,1517310685,0),(527,9,1517310685,1517321854,0),(528,6,1517319337,1517573750,0),(529,9,1517321854,1517402572,0),(530,9,1517402572,1517461673,0),(531,9,1517461673,1517463208,0),(532,9,1517463208,1517548875,0),(533,9,1517548875,1517549239,0),(534,9,1517549239,1517550568,0),(535,9,1517550568,1517560368,0),(536,9,1517560368,1517561142,0),(537,9,1517561142,1517562029,0),(538,9,1517562029,1517563086,0),(539,9,1517563086,1517563115,0),(540,9,1517563115,1517563136,0),(541,9,1517563136,1517563160,0),(542,9,1517563160,1517571005,0),(543,9,1517571005,1517643395,0),(544,6,1517573750,1518016401,0),(545,9,1517643395,1517815666,0),(546,9,1517815666,1517902373,0),(547,9,1517902373,1517918023,0),(548,9,1517918023,1517978739,0),(549,9,1517978739,1517980451,0),(550,9,1517980451,1517994370,0),(551,9,1517994370,1517999630,0),(552,9,1517999630,1518155461,0),(553,6,1518016401,1519027640,0),(554,5,1518078538,1522062748,0),(555,9,1518155461,1518158576,0),(556,9,1518158576,1518178667,0),(557,9,1518178667,1518425625,0),(558,9,1518425625,1518439602,0),(559,9,1518439602,1518670420,0),(560,9,1518670420,1518675845,0),(561,9,1518675845,1518677278,0),(562,9,1518677278,1518678051,0),(563,9,1518678051,1518690506,0),(564,9,1518690506,1518690507,0),(565,9,1518690507,1518690642,0),(566,9,1518690642,1518781149,0),(567,9,1518781149,1518781762,0),(568,9,1518781762,1518787321,0),(569,9,1518787321,1518850826,0),(570,9,1518850826,1518868740,0),(571,9,1518868740,1518874924,0),(572,9,1518874924,1519726576,0),(573,6,1519027640,1519036163,0),(574,6,1519036163,1519046949,0),(575,6,1519046949,1519047900,0),(576,6,1519047900,1519193590,0),(577,6,1519193590,1519195223,0),(578,6,1519195223,1519212532,0),(579,6,1519212532,1519220914,0),(580,6,1519220914,1519297090,0),(581,6,1519297090,1519304398,0),(582,6,1519304398,1519395744,0),(583,6,1519395744,1519474894,0),(584,6,1519474894,1519726496,0),(585,6,1519726496,1520231301,0),(586,9,1519726576,1519726598,0),(587,9,1519726598,1519727055,0),(588,9,1519727055,1519727066,0),(589,9,1519727066,1519727096,0),(590,9,1519727096,1519727105,0),(591,9,1519727105,1519727115,0),(592,9,1519727115,1519727160,0),(593,9,1519727160,1519727189,0),(594,9,1519727189,1519727199,0),(595,9,1519727199,1519727207,0),(596,9,1519727207,1519727241,0),(597,9,1519727241,1519727257,0),(598,9,1519727257,1519727279,0),(599,9,1519727279,1519727287,0),(600,9,1519727287,1519727294,0),(601,9,1519727294,1519727302,0),(602,9,1519727302,1520406337,0),(603,6,1520231301,1520235530,0),(604,6,1520235530,1520403945,0),(605,6,1520403945,1529382897,0),(606,9,1520406337,1520408390,0),(607,9,1520408390,1520419719,0),(608,9,1520419719,1520422427,0),(609,9,1520422427,1520512095,0),(610,9,1520512095,1520835064,0),(611,9,1520835064,1520838237,0),(612,9,1520838237,1520931488,0),(613,9,1520931488,1520933148,0),(614,9,1520933148,1520933685,0),(615,9,1520933685,1520934316,0),(616,9,1520934316,1521003611,0),(617,9,1521003611,1521090997,0),(618,9,1521090997,1521099044,0),(619,9,1521099044,1521202328,0),(620,9,1521202328,1521204384,0),(621,9,1521204384,1521635653,0),(622,9,1521635653,1521637970,0),(623,9,1521637970,1521704692,0),(624,9,1521704692,1521706060,0),(625,9,1521706060,1521706477,0),(626,9,1521706477,1521706794,0),(627,9,1521706794,1521707036,0),(628,9,1521707036,1521707199,0),(629,9,1521707199,1521797543,0),(630,9,1521797543,1521798690,0),(631,9,1521798690,1521798874,0),(632,9,1521798874,1521879801,0),(633,9,1521879801,1521880039,0),(634,9,1521880039,1521883497,0),(635,9,1521883497,1521883641,0),(636,9,1521883641,1521883769,0),(637,9,1521883769,1521884496,0),(638,9,1521884496,1522061264,0),(639,9,1522061264,1522061560,0),(640,9,1522061560,1522062407,0),(641,9,1522062407,1522131290,0),(642,5,1522062748,1522861252,0),(643,9,1522131290,1522131671,0),(644,9,1522131671,1522323383,0),(645,9,1522323383,1522323705,0),(646,9,1522323705,1522323775,0),(647,9,1522323775,1522323986,0),(648,9,1522323986,1522324385,0),(649,9,1522324385,1522325547,0),(650,9,1522325547,1522331059,0),(651,9,1522331059,1522825611,0),(652,9,1522825611,1522830320,0),(653,9,1522830320,1522937348,0),(654,5,1522861252,1523004493,0),(655,9,1522937348,1522940330,0),(656,9,1522940330,1522941520,0),(657,9,1522941520,1522998619,0),(658,9,1522998619,1522998976,0),(659,9,1522998976,1523014765,0),(660,5,1523004493,1523004497,0),(661,5,1523004497,1523879731,0),(662,9,1523014765,1523418524,0),(663,9,1523418524,1523419106,0),(664,9,1523419106,1523421029,0),(665,9,1523421029,1523421762,0),(666,9,1523421762,1523507367,0),(667,9,1523507367,1523540811,0),(668,9,1523540811,1523622839,0),(669,9,1523622839,1523624126,0),(670,9,1523624126,1523624146,0),(671,9,1523624146,1523624146,0),(672,9,1523624146,1523624147,0),(673,9,1523624147,1523624147,0),(674,9,1523624147,1524064353,0),(675,5,1523879731,1523956503,0),(676,5,1523956503,1523973615,0),(677,5,1523973615,1526197719,0),(678,9,1524064353,1524286646,0),(679,9,1524286646,1524305321,0),(680,9,1524305321,1524456929,0),(681,9,1524456929,1524492024,0),(682,9,1524492024,1524564861,0),(683,9,1524564861,1524566141,0),(684,9,1524566141,1524569240,0),(685,9,1524569240,1524571474,0),(686,9,1524571474,1524715655,0),(687,9,1524715655,1524737821,0),(688,9,1524737821,1524741027,0),(689,9,1524741027,1524747260,0),(690,9,1524747260,1524902197,0),(691,9,1524902197,1524902534,0),(692,9,1524902534,1524906551,0),(693,9,1524906551,1524907887,0),(694,9,1524907887,1525164037,0),(695,9,1525164037,1525184415,0),(696,9,1525184415,1525190861,0),(697,9,1525190861,1525448791,0),(698,9,1525448791,1526396726,0),(699,5,1526197719,1526197733,0),(700,5,1526197733,1526197734,0),(701,5,1526197734,1527085030,0),(702,9,1526396726,1526397437,0),(703,9,1526397437,1526473259,0),(704,9,1526473259,1526484158,0),(705,9,1526484158,1526535542,0),(706,9,1526535542,1526546824,0),(707,9,1526546824,1526548172,0),(708,9,1526548172,1526549086,0),(709,9,1526549086,1526554475,0),(710,9,1526554475,1527136142,0),(711,5,1527085030,1527937752,0),(712,9,1527136142,1527140069,0),(713,9,1527140069,1527152420,0),(714,9,1527152420,1527159100,0),(715,9,1527159100,1527415744,0),(716,9,1527415744,1527741302,0),(717,9,1527741302,1527849638,0),(718,9,1527849638,1528098105,0),(719,5,1527937752,1527941879,0),(720,5,1527941879,1528113560,0),(721,9,1528098105,1528104700,0),(722,9,1528104700,1528121689,0),(723,5,1528113560,1528119918,0),(724,5,1528119918,1528372733,0),(725,9,1528121689,1528178888,0),(726,9,1528178888,1528192666,0),(727,9,1528192666,1528197090,0),(728,9,1528197090,1528269365,0),(729,9,1528269365,1528529419,0),(730,5,1528372733,1528373578,0),(731,5,1528373578,1528385371,0),(732,5,1528385371,1528385412,0),(733,5,1528385412,1528385441,0),(734,5,1528385441,1528445075,0),(735,5,1528445075,1528452261,0),(736,5,1528452261,1528457608,0),(737,5,1528457608,1528703387,0),(738,9,1528529419,1528529857,0),(739,9,1528529857,1528536687,0),(740,9,1528536687,1528539051,0),(741,9,1528539051,1528546658,0),(742,9,1528546658,1528901943,0),(743,5,1528703387,1528704864,0),(744,5,1528704864,1528704865,0),(745,5,1528704865,1528705259,0),(746,5,1528705259,1528705351,0),(747,5,1528705351,1528705402,0),(748,5,1528705402,1528705402,0),(749,5,1528705402,1528705430,0),(750,5,1528705430,1528705482,0),(751,5,1528705482,1528705603,0),(752,5,1528705603,1528705632,0),(753,5,1528705632,1528705885,0),(754,5,1528705885,1528705922,0),(755,5,1528705922,1528705957,0),(756,5,1528705957,1528706013,0),(757,5,1528706013,1528789094,0),(758,5,1528789094,1528789133,0),(759,5,1528789133,1528789525,0),(760,5,1528789525,1528792253,0),(761,5,1528792253,1528795310,0),(762,5,1528795310,1528799889,0),(763,5,1528799889,1528800812,0),(764,5,1528800812,1528808101,0),(765,5,1528808101,1528865295,0),(766,5,1528865295,1528872959,0),(767,5,1528872959,1528876613,0),(768,5,1528876613,1528883582,0),(769,5,1528883582,1528963760,0),(770,9,1528901943,1528963807,0),(771,5,1528963760,1528988658,0),(772,9,1528963807,1528977520,0),(773,9,1528977520,1528977551,0),(774,9,1528977551,1528977590,0),(775,9,1528977590,1529051558,0),(776,5,1528988658,1528988851,0),(777,5,1528988851,1529043802,0),(778,5,1529043802,1529043854,0),(779,5,1529043854,1529133612,0),(780,9,1529051558,1529074196,0),(781,9,1529074196,1529139227,0),(782,5,1529133612,1529311553,0),(783,9,1529139227,1529145670,0),(784,9,1529145670,1529153345,0),(785,9,1529153345,1529296051,0),(786,9,1529296051,1529296161,0),(787,9,1529296161,1529298500,0),(788,9,1529298500,1529319953,0),(789,5,1529311553,1529312606,0),(790,5,1529312606,1529337298,0),(791,9,1529319953,1529320758,0),(792,9,1529320758,1529402462,0),(793,5,1529337298,1529337357,0),(794,5,1529337357,1529477919,0),(795,6,1529382897,1529740914,0),(796,9,1529402462,1529416301,0),(797,9,1529416301,1529418812,0),(798,9,1529418812,1529468325,0),(799,9,1529468325,1529470875,0),(800,9,1529470875,1529471810,0),(801,9,1529471810,1529473767,0),(802,9,1529473767,1529479922,0),(803,5,1529477919,1530194057,0),(804,9,1529479922,1529486257,0),(805,9,1529486257,1529498583,0),(806,9,1529498583,1529498908,0),(807,9,1529498908,1529554803,0),(808,9,1529554803,1529677297,0),(809,9,1529677297,1529677336,0),(810,9,1529677336,1529677336,0),(811,9,1529677336,1529677336,0),(812,9,1529677336,1529744047,0),(813,6,1529740914,1529747082,0),(814,9,1529744047,1529744392,0),(815,9,1529744392,1529744705,0),(816,9,1529744705,1529749079,0),(817,6,1529747082,1529752072,0),(818,9,1529749079,1529905522,0),(819,6,1529752072,1529753770,0),(820,6,1529753770,1529755949,0),(821,6,1529755949,1529756061,0),(822,6,1529756061,1529756775,0),(823,6,1529756775,1529999999,0),(824,9,1529905522,1529909344,0),(825,9,1529909344,1529909496,0),(826,9,1529909496,1529909630,0),(827,9,1529909630,1529909630,0),(828,9,1529909630,1529912728,0),(829,9,1529912728,1529914581,0),(830,9,1529914581,1529935522,0),(831,9,1529935522,1529986391,0),(832,9,1529986391,1529998830,0),(833,9,1529998830,1529999485,0),(834,9,1529999485,1529999627,0),(835,9,1529999627,1530074975,0),(836,6,1529999999,1530076001,0),(837,9,1530074975,1530096820,0),(838,6,1530076001,1530115148,0),(839,9,1530096820,1530099208,0),(840,9,1530099208,1530162589,0),(841,6,1530115148,1531467460,0),(842,9,1530162589,1530164363,0),(843,9,1530164363,1530248083,0),(844,5,1530194057,1530194128,0),(845,5,1530194128,1530194205,0),(846,5,1530194205,1531503790,0),(847,9,1530248083,1530253458,0),(848,9,1530253458,1530255014,0),(849,9,1530255014,1530344864,0),(850,9,1530344864,1530345453,0),(851,9,1530345453,1530365382,0),(852,9,1530365382,1530592072,0),(853,9,1530592072,1530592142,0),(854,9,1530592142,1530592244,0),(855,9,1530592244,1530592244,0),(856,9,1530592244,1530600755,0),(857,9,1530600755,1530621628,0),(858,9,1530621628,1530621751,0),(859,9,1530621751,1530680504,0),(860,9,1530680504,1531197146,0),(861,9,1531197146,1531208135,0),(862,9,1531208135,1531208787,0),(863,9,1531208787,1531209395,0),(864,9,1531209395,1531210177,0),(865,9,1531210177,1531212878,0),(866,9,1531212878,1531213217,0),(867,9,1531213217,1531215871,0),(868,9,1531215871,1531216284,0),(869,9,1531216284,1531243136,0),(870,9,1531243136,1531294974,0),(871,9,1531294974,1531499471,0),(872,6,1531467460,NULL,0),(873,9,1531499471,1531557288,0),(874,5,1531503790,1531503859,0),(875,5,1531503859,1531503863,0),(876,5,1531503863,1531804854,0),(877,9,1531557288,1531557777,0),(878,9,1531557777,1531563309,0),(879,9,1531563309,1531564085,0),(880,9,1531564085,1531565977,0),(881,9,1531565977,1531566302,0),(882,9,1531566302,1531712904,0),(883,9,1531712904,1531713709,0),(884,9,1531713709,1531714519,0),(885,9,1531714519,1531727323,0),(886,9,1531727323,1531759785,0),(887,9,1531759785,NULL,0),(888,5,1531804854,NULL,0),(889,2,1594896180,NULL,0);
/*!40000 ALTER TABLE `logrec` ENABLE KEYS */;
UNLOCK TABLES;

--
-- Table structure for table `ltrans`
--

DROP TABLE IF EXISTS `ltrans`;
/*!40101 SET @saved_cs_client     = @@character_set_client */;
/*!40101 SET character_set_client = utf8 */;
CREATE TABLE `ltrans` (
  `ltrans_id` int(11) NOT NULL AUTO_INCREMENT,
  `loan_id` int(11) NOT NULL,
  `ltrans_due` int(11) DEFAULT NULL,
  `ltrans_date` int(15) DEFAULT NULL,
  `ltrans_principaldue` int(11) DEFAULT NULL,
  `ltrans_principal` int(15) DEFAULT NULL,
  `ltrans_interestdue` int(11) DEFAULT NULL,
  `ltrans_interest` int(11) DEFAULT NULL,
  `ltrans_fined` int(1) NOT NULL DEFAULT '0',
  `ltrans_receipt` int(11) DEFAULT NULL,
  `ltrans_created` int(15) DEFAULT NULL,
  `user_id` int(6) NOT NULL,
  PRIMARY KEY (`ltrans_id`)
) ENGINE=InnoDB AUTO_INCREMENT=3361 DEFAULT CHARSET=latin1;
/*!40101 SET character_set_client = @saved_cs_client */;

--
-- Dumping data for table `ltrans`
--

LOCK TABLES `ltrans` WRITE;
/*!40000 ALTER TABLE `ltrans` DISABLE KEYS */;
INSERT INTO `ltrans` VALUES (1,1,1488776400,1494302400,-3000,0,750,500,0,5943,1501057548,6),(2,1,1491454800,1496289600,3000,250,750,750,0,19560,1501057649,6),(3,1,1494133200,1496721600,3000,750,750,750,0,5962,1501057742,6),(4,1,1496811600,1500955200,3000,250,750,750,0,5975,1501057843,6),(5,1,1499490000,1492142400,3000,1250,750,750,0,4587,1501057949,6),(6,1,1502168400,1488862800,3000,2250,750,750,0,2136,1501057988,6),(7,1,1504846800,1505102400,3000,1250,750,750,0,66,1505310300,6),(8,1,1507525200,1507003200,3000,250,750,750,0,210,1514892829,6),(9,1,1510203600,1514437200,3000,0,750,500,0,60,1514892935,6),(10,1,1512882000,1512363600,3000,4740,750,750,0,7777,1514892991,6),(11,1,1515560400,1517184000,3000,250,750,750,0,111,1517551662,9),(12,1,1518238800,NULL,3000,NULL,750,NULL,0,NULL,NULL,6),(13,2,1501819200,1499918400,4000,675,675,675,0,79,1502090087,6),(14,2,1504497600,1501041600,5000,675,675,675,0,3,1502090198,6),(15,2,NULL,1502078400,NULL,1350,NULL,0,0,7355,1502090258,6),(16,3,1500696000,1500955200,0,250,750,750,0,5978,1502090651,6),(17,3,1503374400,1503547200,2000,0,750,500,0,15,1504504831,6),(18,3,1506052800,1503028800,2000,0,750,500,0,591,1504505465,6),(19,3,1508731200,1507176000,2000,0,750,600,0,55,1514360455,6),(20,3,1511409600,1500264000,2000,2650,750,750,0,2101,1514360505,6),(21,3,1514088000,1515888000,2000,250,750,750,0,1111,1516618264,6),(22,5,1500696000,1501560000,2000,422,578,578,0,188,1502091032,6),(23,5,1503374400,1502424000,3000,664,536,536,0,6283,1504505092,6),(24,5,1506052800,1504152000,3000,364,536,536,0,426,1513162069,6),(25,6,1500868800,1500955200,0,500,500,500,0,5977,1502091365,6),(26,6,1503547200,1504065600,2000,0,500,500,0,14,1504693980,6),(27,6,1506225600,1504670400,2000,150,500,500,0,62498,1504694080,6),(28,6,1508904000,NULL,2000,NULL,500,NULL,0,NULL,NULL,6),(29,6,1511582400,NULL,2000,NULL,500,NULL,0,NULL,NULL,6),(30,6,1514260800,NULL,2000,NULL,500,NULL,0,NULL,NULL,6),(31,7,1498104000,1496030400,1000,0,1010,750,0,94421,1503933797,6),(32,7,1500782400,1496462400,3000,0,980,850,0,3660,1503933827,6),(33,7,1503460800,1499918400,3000,0,980,850,0,609,1503933862,6),(34,7,1506139200,1500696000,3000,0,980,950,0,4,1503933893,6),(35,7,NULL,1502078400,NULL,350,NULL,550,0,77,1503933915,6),(36,7,NULL,1502596800,NULL,900,NULL,0,0,6,1503933955,6),(37,7,NULL,1503633600,NULL,850,NULL,0,0,599,1503933979,6),(38,7,NULL,1501560000,NULL,950,NULL,0,0,17797,1503934005,6),(39,7,NULL,1504497600,NULL,3000,NULL,0,0,6262,1505135206,6),(40,9,1507694400,1511067600,0,1350,650,650,0,210,1513172794,6),(41,9,1510372800,1510376400,2000,1370,630,630,0,2145,1513172861,6),(42,9,1513051200,1514523600,2000,70,630,630,0,1,1514893218,6),(43,9,1515729600,NULL,2000,NULL,630,NULL,0,NULL,NULL,6),(44,9,1518408000,NULL,2000,NULL,630,NULL,0,NULL,NULL,6),(45,9,1521086400,NULL,2000,NULL,630,NULL,0,NULL,NULL,6),(46,10,1507694400,1507608000,7000,3280,1320,1320,0,145,1513173920,6),(47,10,1510372800,1510203600,3000,3220,1280,1280,0,2145,1513173962,6),(48,10,1513051200,1512968400,3000,2120,1280,1280,0,124,1513174005,6),(49,10,1515729600,1515387600,3000,3370,1280,1280,0,111,1515434220,5),(50,10,1518408000,1515387600,3000,3370,1280,1280,0,1245,1515508890,6),(51,10,1521086400,1517443200,3000,1720,1280,1280,0,111,1517552628,9),(52,10,1523764800,1521666000,3000,720,1280,1280,0,333,1522938600,9),(53,10,1526443200,1529701200,3000,22200,1280,6400,0,127,1529755094,6),(54,10,1529121600,NULL,3000,NULL,1280,NULL,1,NULL,1529755136,6),(55,10,1531800000,NULL,3000,NULL,1280,NULL,0,NULL,NULL,6),(56,10,1534478400,NULL,3000,NULL,1280,NULL,0,NULL,NULL,6),(57,10,1537156800,NULL,3000,NULL,1280,NULL,0,NULL,NULL,6),(58,7,NULL,1505102400,NULL,1000,NULL,0,0,567,1505205379,6),(59,11,1493784000,1493697600,6000,4120,1750,1750,0,5935,1505309942,6),(60,11,1496462400,1496635200,4000,4120,1750,1750,0,585950,1505309989,6),(61,11,1499140800,1499400000,4000,3950,1750,1750,0,73,1505310052,6),(62,11,1501819200,1503288000,4000,4270,1750,1750,0,81,1505310098,6),(63,11,1504497600,1505275200,4000,3250,1750,1750,0,6273,1505310215,6),(64,11,1507176000,1507521600,4000,3450,1750,1750,0,90,1513174966,6),(65,11,1509854400,1508299200,4000,0,1750,1540,0,1245,1513175010,6),(66,11,1512532800,1509681600,4000,3250,1750,1750,0,10,1513175046,6),(67,11,1515211200,1512450000,4000,4050,1750,1750,0,210,1513175096,6),(68,11,1517889600,1543986000,4000,0,1750,1470,0,214,1514897172,6),(69,11,1520568000,1515128400,4000,5480,1750,1750,0,4,1515160264,9),(70,11,1523246400,1515128400,4000,14060,1750,2240,0,417,1515160332,9),(71,12,1508385600,1509422400,3000,35,965,965,0,10,1513176161,6),(72,12,1511064000,1509681600,4000,0,945,500,0,12,1513176187,6),(73,12,1513742400,NULL,4000,NULL,945,NULL,0,NULL,NULL,6),(74,12,1516420800,NULL,4000,NULL,945,NULL,0,NULL,NULL,6),(75,7,NULL,1505707200,NULL,1050,NULL,0,0,71,1505799287,6),(76,13,1507694400,1505102400,3000,0,1461,1000,0,567,1513166789,6),(77,13,1510372800,1505707200,4000,0,1463,1050,0,71,1513166836,6),(78,13,1513051200,1506312000,4000,0,1463,1450,0,2145,1513166868,6),(79,13,1515729600,1507867200,4000,0,1463,1350,0,1350,1513166926,6),(80,14,1515301200,NULL,5000,NULL,1000,NULL,0,NULL,NULL,5),(81,15,1515301200,1512622800,5000,0,500,500,0,555,1512650613,5),(82,15,1517979600,NULL,0,NULL,500,NULL,0,NULL,NULL,5),(83,15,1520658000,NULL,0,NULL,500,NULL,0,NULL,NULL,5),(84,15,1523336400,NULL,0,NULL,500,NULL,0,NULL,NULL,5),(85,15,1526014800,NULL,0,NULL,500,NULL,0,NULL,NULL,5),(86,15,1528693200,NULL,0,NULL,500,NULL,0,NULL,NULL,5),(87,15,1531371600,NULL,0,NULL,500,NULL,0,NULL,NULL,5),(88,15,1534050000,NULL,0,NULL,500,NULL,0,NULL,NULL,5),(89,15,1536728400,NULL,0,NULL,500,NULL,0,NULL,NULL,5),(90,15,1539406800,NULL,0,NULL,500,NULL,0,NULL,NULL,5),(91,15,1542085200,NULL,0,NULL,500,NULL,0,NULL,NULL,5),(92,15,1544763600,NULL,0,NULL,500,NULL,0,NULL,NULL,5),(93,15,1547442000,NULL,0,NULL,500,NULL,0,NULL,NULL,5),(94,15,1550120400,NULL,0,NULL,500,NULL,0,NULL,NULL,5),(95,16,1515301200,1512622800,5000,488,32,32,0,222,1512651066,5),(96,16,1517979600,1512622800,0,564,36,36,0,222,1512651097,5),(97,16,1520658000,1512622800,0,864,36,36,0,555,1512651121,5),(98,16,1523336400,1512622800,0,364,36,36,0,555,1512651194,5),(99,16,1526014800,1513314000,0,464,36,36,0,55,1512651287,5),(100,16,1528693200,NULL,0,NULL,36,NULL,0,NULL,NULL,5),(101,16,1531371600,NULL,0,NULL,36,NULL,0,NULL,NULL,5),(102,16,1534050000,NULL,0,NULL,36,NULL,0,NULL,NULL,5),(103,16,1536728400,NULL,0,NULL,36,NULL,0,NULL,NULL,5),(104,16,1539406800,NULL,0,NULL,36,NULL,0,NULL,NULL,5),(105,16,1542085200,NULL,0,NULL,36,NULL,0,NULL,NULL,5),(106,16,1544763600,NULL,0,NULL,36,NULL,0,NULL,NULL,5),(107,16,1547442000,NULL,0,NULL,36,NULL,0,NULL,NULL,5),(108,16,1550120400,NULL,0,NULL,36,NULL,0,NULL,NULL,5),(109,17,1489035600,1488949200,-3000,2500,900,900,0,1230,1513163439,6),(110,17,1491714000,1491624000,3000,2500,900,900,0,1250,1513163539,6),(111,17,1494392400,1494216000,3000,2500,900,900,0,83119,1513163575,6),(112,17,1497070800,1501560000,3000,3000,900,900,0,18,1513163795,6),(113,17,1499749200,1502856000,3000,100,900,900,0,2130,1513163853,6),(114,17,1502427600,1504843200,3000,2500,900,900,0,86542,1513163922,6),(115,17,1505106000,1507780800,3000,1100,900,900,0,6287,1513164005,6),(116,17,1507784400,1497412800,3000,2500,900,900,0,6191,1513164260,6),(117,17,1510462800,1515387600,3000,300,900,900,0,207,1515477916,9),(118,17,1513141200,1515387600,3000,300,900,900,0,21450,1515508955,6),(119,17,1515819600,NULL,3000,NULL,900,NULL,0,NULL,NULL,6),(120,17,1518498000,NULL,3000,NULL,900,NULL,0,NULL,NULL,6),(121,18,1495425600,1495425600,7000,435,1000,1000,0,223,1513165070,6),(122,18,1498104000,1498104000,3000,35,1000,1000,0,17,1513165232,6),(123,18,1500782400,1498881600,3000,1000,1000,1000,0,153,1513165268,6),(124,18,1503460800,1499054400,3000,300,1000,1000,0,3991,1513165292,6),(125,18,1506139200,1500523200,3000,2000,1000,1000,0,347,1513165352,6),(126,18,1508817600,1501732800,3000,330,1000,1000,0,348,1513165399,6),(127,18,1511496000,1503288000,3000,1000,1000,1000,0,3,1513165455,6),(128,18,1514174400,1503720000,3000,350,1000,1000,0,22,1513165482,6),(129,18,1516852800,1503979200,3000,0,1000,1000,0,41,1513165507,6),(130,18,1519531200,1506312000,3000,0,1000,1000,0,2130,1513165584,6),(131,18,1522209600,1507176000,3000,0,1000,850,0,1253,1513165636,6),(132,18,1524888000,1507867200,3000,0,1000,800,0,2104,1513165679,6),(133,19,1514610000,1512104400,5000,768,32,32,0,111,1513165510,9),(134,19,1517288400,1512363600,0,764,36,36,0,222,1513165545,9),(135,19,1519966800,1512622800,0,764,36,36,0,212,1513165572,9),(136,19,1522645200,1512795600,0,664,36,36,0,43,1513165663,9),(137,19,1525323600,1513314000,0,664,36,36,0,333,1513346643,9),(138,19,1528002000,1513227600,0,964,36,36,0,5,1513346745,9),(139,19,1530680400,1513918800,0,412,36,88,0,333,1514005367,9),(140,19,1533358800,1514350800,0,0,36,200,0,333,1514436312,5),(141,19,1536037200,NULL,0,NULL,36,NULL,0,NULL,NULL,9),(142,19,1538715600,NULL,0,NULL,36,NULL,0,NULL,NULL,9),(143,19,1541394000,NULL,0,NULL,36,NULL,0,NULL,NULL,9),(144,19,1544072400,NULL,0,NULL,36,NULL,0,NULL,NULL,9),(145,19,1546750800,NULL,0,NULL,36,NULL,0,NULL,NULL,9),(146,19,1549429200,NULL,0,NULL,36,NULL,0,NULL,NULL,9),(147,18,NULL,1508472000,NULL,650,NULL,350,0,12454,1513165706,6),(149,18,NULL,1509508800,NULL,510,NULL,0,0,231,1513165750,6),(150,18,NULL,1509681600,NULL,1000,NULL,0,0,2145,1513165792,6),(151,18,NULL,1510894800,NULL,500,NULL,0,0,214,1513165826,6),(152,18,NULL,1512277200,NULL,640,NULL,0,0,2145,1513165859,6),(153,18,NULL,1512709200,NULL,1000,NULL,0,0,1245,1513165883,6),(154,20,1514610000,1512622800,2000,1082,18,18,0,222,1513166369,9),(155,20,1517288400,1513314000,0,918,14,182,0,111,1513408682,9),(156,20,1519966800,NULL,0,NULL,14,NULL,0,NULL,NULL,9),(157,20,1522645200,NULL,0,NULL,14,NULL,0,NULL,NULL,9),(158,20,1525323600,NULL,0,NULL,14,NULL,0,NULL,NULL,9),(159,20,1528002000,NULL,0,NULL,14,NULL,0,NULL,NULL,9),(160,20,1530680400,NULL,0,NULL,14,NULL,0,NULL,NULL,9),(161,20,1533358800,NULL,0,NULL,14,NULL,0,NULL,NULL,9),(162,20,1536037200,NULL,0,NULL,14,NULL,0,NULL,NULL,9),(163,20,1538715600,NULL,0,NULL,14,NULL,0,NULL,NULL,9),(164,20,1541394000,NULL,0,NULL,14,NULL,0,NULL,NULL,9),(165,20,1544072400,NULL,0,NULL,14,NULL,0,NULL,NULL,9),(166,20,1546750800,NULL,0,NULL,14,NULL,0,NULL,NULL,9),(167,20,1549429200,NULL,0,NULL,14,NULL,0,NULL,NULL,9),(168,18,NULL,1494993600,NULL,2900,NULL,0,0,123,1513166515,6),(169,13,NULL,1508385600,NULL,400,NULL,1000,0,1400,1513166953,6),(170,13,NULL,1509163200,NULL,1400,NULL,0,0,214,1513166981,6),(171,13,NULL,1509944400,NULL,1250,NULL,0,0,124,1513167082,6),(175,13,NULL,1510549200,NULL,650,NULL,0,0,2104,1513167387,6),(176,21,1496808000,1496808000,-1000,2370,1630,1630,0,74745,1513167792,6),(177,21,1499486400,1499313600,5000,4380,1620,1620,0,6216,1513167858,6),(178,21,1502164800,1500350400,5000,0,1620,1000,0,1,1513167912,6),(179,21,1504843200,1501992000,5000,5380,1620,1620,0,6408,1513167980,6),(180,21,1507521600,1505102400,5000,4180,1620,1620,0,7683,1513168102,6),(181,21,1510200000,1507608000,5000,6580,1620,1620,0,1245,1513168168,6),(182,21,1512878400,1510030800,5000,5380,1620,1620,0,124,1513168226,6),(183,21,1515556800,1512536400,5000,5380,1620,1620,0,214,1513168366,6),(184,21,1518235200,NULL,5000,NULL,1620,NULL,0,NULL,NULL,6),(185,21,1520913600,NULL,5000,NULL,1620,NULL,0,NULL,NULL,6),(186,21,1523592000,NULL,5000,NULL,1620,NULL,0,NULL,NULL,6),(187,21,1526270400,NULL,5000,NULL,1620,NULL,0,NULL,NULL,6),(188,22,1514610000,1512018000,5000,368,32,32,0,999,1513168359,9),(189,22,1517288400,1512104400,0,564,36,36,0,2222,1513168427,9),(190,22,1519966800,1514869200,0,364,36,36,0,555,1513168457,9),(191,22,1522645200,1515042000,0,464,36,36,0,102,1513168498,9),(192,22,1525323600,1515128400,0,464,36,36,0,985,1513168533,9),(193,22,1528002000,1512622800,0,764,36,36,0,5852,1513168565,9),(194,22,1530680400,1512709200,0,364,36,36,0,369,1513168611,9),(195,22,1533358800,1513054800,0,764,36,36,0,256,1513168647,9),(196,22,1536037200,1513227600,0,364,36,36,0,36,1513262192,9),(197,22,1538715600,1513486800,0,520,36,180,0,333,1513575016,9),(198,22,1541394000,NULL,0,NULL,36,NULL,0,NULL,NULL,9),(199,22,1544072400,NULL,0,NULL,36,NULL,0,NULL,NULL,9),(200,22,1546750800,NULL,0,NULL,36,NULL,0,NULL,NULL,9),(201,22,1549429200,NULL,0,NULL,36,NULL,0,NULL,NULL,9),(202,23,1489294800,1488862800,6000,1450,1550,1550,0,707,1513168657,6),(203,23,1491973200,1491364800,4000,450,1550,1550,0,5397,1513168794,6),(204,23,1494651600,1492488000,4000,450,1550,1550,0,10,1513168843,6),(205,23,1497330000,1495080000,4000,450,1550,1550,0,73,1513168922,6),(206,23,1500008400,1495252800,4000,5250,1550,1550,0,2114,1513168943,6),(207,23,1502686800,1497067200,4000,2450,1550,1550,0,783,1513169006,6),(208,23,1505365200,1497412800,4000,150,1550,1550,0,49,1513169035,6),(209,23,1508043600,1500264000,4000,950,1550,1550,0,68,1513169129,6),(210,23,1510722000,1500868800,4000,1050,1550,1550,0,531,1513169174,6),(211,23,1513400400,1502683200,4000,4170,1550,1550,0,4164260,1513169213,6),(212,23,1516078800,1505102400,4000,4170,1550,1550,0,56,1513169274,6),(213,23,1518757200,1507003200,4000,0,1550,260,0,260,1513169321,6),(214,24,1490590800,1489377600,-3000,2650,750,750,0,10,1513170501,6),(215,24,1493269200,1496808000,3000,7475,750,750,0,7573,1513170667,6),(216,24,1495947600,1501473600,3000,2250,750,750,0,3233,1513170803,6),(217,24,1498626000,1503892800,3000,2250,750,750,0,36,1513170866,6),(218,24,1501304400,1506657600,3000,2250,750,750,0,383,1513170936,6),(219,24,1503982800,1509595200,3000,1745,750,750,0,2314,1513170996,6),(220,24,1506661200,1495771200,3000,2250,750,750,0,433,1513171899,6),(221,24,1509339600,1516752000,3000,2250,750,750,0,111,1517551201,9),(222,24,1512018000,NULL,3000,NULL,750,NULL,0,NULL,NULL,6),(223,24,1514696400,NULL,3000,NULL,750,NULL,0,NULL,NULL,6),(224,24,1517374800,NULL,3000,NULL,750,NULL,0,NULL,NULL,6),(225,24,1520053200,NULL,3000,NULL,750,NULL,0,NULL,NULL,6),(226,25,1517202000,1514955600,5000,368,32,32,0,333,1515046606,9),(227,25,1519880400,1515042000,0,364,36,36,0,333,1515134904,9),(228,25,1522558800,1515128400,0,364,36,36,0,333,1515223828,9),(229,25,1525237200,1515214800,0,364,36,36,0,333,1515389166,9),(230,25,1527915600,1515369600,0,556,36,144,0,333,1516787078,9),(231,25,1530594000,1515474000,0,364,36,36,0,333,1515491727,9),(232,25,1533272400,1515560400,0,364,36,36,0,333,1515593791,9),(233,25,1535950800,1515733200,0,764,36,36,0,333,1515761537,9),(234,25,1538629200,1515801600,0,364,36,36,0,333,1516786976,9),(235,25,1541307600,1515888000,0,364,36,36,0,333,1516786993,9),(236,25,1543986000,1516060800,0,764,36,36,0,333,1516787011,9),(237,25,1546664400,NULL,0,NULL,36,NULL,0,NULL,NULL,9),(238,25,1549342800,NULL,0,NULL,36,NULL,0,NULL,NULL,9),(239,25,1552021200,NULL,0,NULL,36,NULL,0,NULL,NULL,9),(240,26,1514782800,1512190800,5000,368,32,32,0,2569,1513171018,9),(241,26,1517461200,1512277200,0,364,36,36,0,2365,1513171055,9),(242,26,1520139600,1512363600,0,364,36,36,0,8526,1513171082,9),(243,26,1522818000,1512450000,0,364,36,36,0,2587,1513171110,9),(244,26,1525496400,1512536400,0,364,36,36,0,9658,1513171136,9),(245,26,1528174800,1512622800,0,364,36,36,0,9854,1513171167,9),(246,26,1530853200,1512709200,0,364,36,36,0,2569,1513171213,9),(247,26,1533531600,1512795600,0,364,36,36,0,25697,1513171264,9),(248,26,1536210000,1512882000,0,364,36,36,0,9651,1513171291,9),(249,26,1538888400,1512968400,0,364,36,36,0,9852,1513171327,9),(250,26,1541566800,1513141200,0,764,36,36,0,1234,1513177086,9),(251,26,1544245200,1513227600,0,364,36,36,0,222,1513312729,9),(252,26,1546923600,1513314000,0,228,36,72,0,333,1513408653,9),(253,26,1549602000,NULL,0,NULL,36,NULL,0,NULL,NULL,9),(254,27,1514782800,1512190800,5000,368,32,32,0,8526,1513171632,9),(255,27,1517461200,1512277200,0,364,36,36,0,52698,1513171655,9),(256,27,1520139600,1512363600,0,364,36,36,0,8563,1513171676,9),(257,27,1522818000,1512450000,0,364,36,36,0,652587,1513171715,9),(258,27,1525496400,1512622800,0,364,36,36,0,4852,1513171741,9),(259,27,1528174800,1512709200,0,364,36,36,0,2589,1513171776,9),(260,27,1530853200,1512795600,0,364,36,36,0,5287,1513171810,9),(261,27,1533531600,1512968400,0,364,36,36,0,2698,1513171857,9),(262,27,1536210000,1513054800,0,364,36,36,0,5698,1513171978,9),(263,27,1538888400,1513227600,0,364,36,36,0,25,1513257879,9),(264,27,1541566800,1513314000,0,564,36,36,0,111,1513327144,9),(265,27,1544245200,1513400400,0,428,36,72,0,333,1513426729,9),(266,27,1546923600,1513141200,0,364,36,36,0,111,1513327568,9),(267,27,1549602000,NULL,0,NULL,36,NULL,0,NULL,NULL,9),(268,28,1495080000,1495339200,7000,3335,1000,1000,0,218,1513171727,6),(269,28,1497758400,1497931200,3000,3335,1000,1000,0,6,1513172070,6),(270,28,1500436800,1500523200,3000,3000,1000,1000,0,9,1513172139,6),(271,28,1503115200,1503201600,3000,2200,1000,1000,0,79,1513172224,6),(272,28,1505793600,1503633600,3000,0,1000,500,0,43,1513172255,6),(273,28,1508472000,1505880000,3000,1640,1000,1000,0,12,1513172322,6),(274,28,1511150400,1506484800,3000,0,1000,1000,0,14,1513172353,6),(275,28,1513828800,1507262400,3000,0,1000,400,0,4512,1513172392,6),(276,28,1516507200,1508126400,3000,0,1000,300,0,10,1513172420,6),(277,28,1519185600,1508731200,3000,1000,1000,1000,0,214,1513172454,6),(278,28,1521864000,1509595200,3000,700,1000,1000,0,201,1513172489,6),(279,28,1524542400,1510722000,3000,0,1000,300,0,21,1513172522,6),(280,29,1516338000,1513141200,5000,2768,32,32,0,234,1513177182,9),(281,29,1519016400,1513573200,0,2232,36,468,0,10,1513599884,9),(282,29,1521694800,NULL,0,NULL,36,NULL,0,NULL,NULL,9),(283,29,1524373200,NULL,0,NULL,36,NULL,0,NULL,NULL,9),(284,29,1527051600,NULL,0,NULL,36,NULL,0,NULL,NULL,9),(285,29,1529730000,NULL,0,NULL,36,NULL,0,NULL,NULL,9),(286,29,1532408400,NULL,0,NULL,36,NULL,0,NULL,NULL,9),(287,29,1535086800,NULL,0,NULL,36,NULL,0,NULL,NULL,9),(288,29,1537765200,NULL,0,NULL,36,NULL,0,NULL,NULL,9),(289,29,1540443600,NULL,0,NULL,36,NULL,0,NULL,NULL,9),(290,29,1543122000,NULL,0,NULL,36,NULL,0,NULL,NULL,9),(291,29,1545800400,NULL,0,NULL,36,NULL,0,NULL,NULL,9),(292,29,1548478800,NULL,0,NULL,36,NULL,0,NULL,NULL,9),(293,29,1551157200,NULL,0,NULL,36,NULL,0,NULL,NULL,9),(294,28,NULL,1511326800,NULL,0,NULL,500,0,120,1513172553,6),(295,28,NULL,1512104400,NULL,0,NULL,1040,0,1204,1513172587,6),(296,30,1515128400,1513314000,5000,2968,32,32,0,35,1515048549,9),(297,30,1517806800,1513486800,0,464,36,36,0,333,1515048422,9),(298,30,1520485200,1514869200,0,464,36,36,0,333,1515048439,9),(299,30,1523163600,1515715200,0,964,36,36,0,26,1516799254,9),(300,30,1525842000,1529528400,0,140,36,360,0,555,1529555061,9),(301,30,1528520400,NULL,0,NULL,36,NULL,0,NULL,NULL,9),(302,30,1531198800,NULL,0,NULL,36,NULL,0,NULL,NULL,9),(303,30,1533877200,NULL,0,NULL,36,NULL,0,NULL,NULL,9),(304,30,1536555600,NULL,0,NULL,36,NULL,0,NULL,NULL,9),(305,30,1539234000,NULL,0,NULL,36,NULL,0,NULL,NULL,9),(306,30,1541912400,NULL,0,NULL,36,NULL,0,NULL,NULL,9),(307,30,1544590800,NULL,0,NULL,36,NULL,0,NULL,NULL,9),(308,30,1547269200,NULL,0,NULL,36,NULL,0,NULL,NULL,9),(309,30,1549947600,NULL,0,NULL,36,NULL,0,NULL,NULL,9),(310,28,NULL,1512536400,NULL,0,NULL,700,0,2145,1513172612,6),(311,28,NULL,1512968400,NULL,740,NULL,260,0,5421,1513172634,6),(312,31,1515128400,1513314000,2000,1082,18,18,0,15,1513343662,9),(313,31,1517806800,1518739200,0,486,14,14,0,222,1518851034,9),(314,31,1520485200,1521158400,0,432,14,168,0,333,1521203096,9),(315,31,1523163600,NULL,0,NULL,14,NULL,0,NULL,NULL,9),(316,31,1525842000,NULL,0,NULL,14,NULL,0,NULL,NULL,9),(317,31,1528520400,NULL,0,NULL,14,NULL,0,NULL,NULL,9),(318,31,1531198800,NULL,0,NULL,14,NULL,0,NULL,NULL,9),(319,31,1533877200,NULL,0,NULL,14,NULL,0,NULL,NULL,9),(320,31,1536555600,NULL,0,NULL,14,NULL,0,NULL,NULL,9),(321,31,1539234000,NULL,0,NULL,14,NULL,0,NULL,NULL,9),(322,31,1541912400,NULL,0,NULL,14,NULL,0,NULL,NULL,9),(323,31,1544590800,NULL,0,NULL,14,NULL,0,NULL,NULL,9),(324,31,1547269200,NULL,0,NULL,14,NULL,0,NULL,NULL,9),(325,31,1549947600,NULL,0,NULL,14,NULL,0,NULL,NULL,9),(326,32,1493092800,1493092800,7000,1610,1190,1190,0,82,1513173178,6),(327,32,1495771200,1494043200,3000,440,1160,1160,0,6,1513173221,6),(328,32,1498449600,1496203200,3000,240,1160,1160,0,350,1513173294,6),(329,32,1501128000,1496721600,3000,1940,1160,1160,0,60766,1513173330,6),(330,32,1503806400,1499054400,3000,0,1160,1000,0,3354,1513173410,6),(331,32,1506484800,1501819200,3000,2640,1160,1160,0,460,1513173517,6),(332,32,1509163200,1502251200,3000,0,1160,700,0,981,1513173548,6),(333,32,1511841600,1505275200,3000,440,1160,1160,0,77907,1513173631,6),(334,32,1514520000,1506312000,3000,840,1160,1160,0,214,1513173674,6),(335,32,1517198400,1507176000,3000,0,1160,900,0,124,1513173701,6),(336,32,1519876800,1507608000,3000,6920,1160,1160,0,124,1513173832,6),(337,32,1522555200,1524517200,3000,0,1160,1000,0,111,1524569188,9),(338,33,1515214800,1513141200,3000,1653,27,27,0,569,1513177275,9),(339,33,1517893200,1513314000,0,609,21,21,0,333,1514887878,9),(340,33,1520571600,1514005200,0,549,21,21,0,570,1514887944,9),(341,33,1523250000,1514264400,0,189,21,231,0,333,1514887962,9),(342,33,1525928400,NULL,0,NULL,21,NULL,0,NULL,NULL,9),(343,33,1528606800,NULL,0,NULL,21,NULL,0,NULL,NULL,9),(344,33,1531285200,NULL,0,NULL,21,NULL,0,NULL,NULL,9),(345,33,1533963600,NULL,0,NULL,21,NULL,0,NULL,NULL,9),(346,33,1536642000,NULL,0,NULL,21,NULL,0,NULL,NULL,9),(347,33,1539320400,NULL,0,NULL,21,NULL,0,NULL,NULL,9),(348,33,1541998800,NULL,0,NULL,21,NULL,0,NULL,NULL,9),(349,33,1544677200,NULL,0,NULL,21,NULL,0,NULL,NULL,9),(350,33,1547355600,NULL,0,NULL,21,NULL,0,NULL,NULL,9),(351,33,1550034000,NULL,0,NULL,21,NULL,0,NULL,NULL,9),(352,34,1483678800,NULL,5600,NULL,30,NULL,0,NULL,NULL,9),(353,34,1486357200,NULL,0,NULL,40,NULL,0,NULL,NULL,9),(354,34,1489035600,NULL,0,NULL,40,NULL,0,NULL,NULL,9),(355,34,1491714000,NULL,0,NULL,40,NULL,0,NULL,NULL,9),(356,34,1494392400,NULL,0,NULL,40,NULL,0,NULL,NULL,9),(357,34,1497070800,NULL,0,NULL,40,NULL,0,NULL,NULL,9),(358,34,1499749200,NULL,0,NULL,40,NULL,0,NULL,NULL,9),(359,34,1502427600,NULL,0,NULL,40,NULL,0,NULL,NULL,9),(360,34,1505106000,NULL,0,NULL,40,NULL,0,NULL,NULL,9),(361,34,1507784400,NULL,0,NULL,40,NULL,0,NULL,NULL,9),(362,34,1510462800,NULL,0,NULL,40,NULL,0,NULL,NULL,9),(363,34,1513141200,NULL,0,NULL,40,NULL,0,NULL,NULL,9),(364,34,1515819600,NULL,0,NULL,40,NULL,0,NULL,NULL,9),(365,34,1518498000,NULL,0,NULL,40,NULL,0,NULL,NULL,9),(366,34,1521176400,NULL,0,NULL,40,NULL,0,NULL,NULL,9),(367,34,1523854800,NULL,0,NULL,40,NULL,0,NULL,NULL,9),(368,34,1526533200,NULL,0,NULL,40,NULL,0,NULL,NULL,9),(369,34,1529211600,NULL,0,NULL,40,NULL,0,NULL,NULL,9),(370,34,1531890000,NULL,0,NULL,40,NULL,0,NULL,NULL,9),(371,34,1534568400,NULL,0,NULL,40,NULL,0,NULL,NULL,9),(372,34,1537246800,NULL,0,NULL,40,NULL,0,NULL,NULL,9),(373,34,1539925200,NULL,0,NULL,40,NULL,0,NULL,NULL,9),(374,34,1542603600,NULL,0,NULL,40,NULL,0,NULL,NULL,9),(375,34,1545282000,NULL,0,NULL,40,NULL,0,NULL,NULL,9),(376,34,1547960400,NULL,0,NULL,40,NULL,0,NULL,NULL,9),(377,34,1550638800,NULL,0,NULL,40,NULL,0,NULL,NULL,9),(378,34,1553317200,NULL,0,NULL,40,NULL,0,NULL,NULL,9),(379,34,1555995600,NULL,0,NULL,40,NULL,0,NULL,NULL,9),(380,34,1558674000,NULL,0,NULL,40,NULL,0,NULL,NULL,9),(381,34,1561352400,NULL,0,NULL,40,NULL,0,NULL,NULL,9),(382,34,1564030800,NULL,0,NULL,40,NULL,0,NULL,NULL,9),(383,34,1566709200,NULL,0,NULL,40,NULL,0,NULL,NULL,9),(384,34,1569387600,NULL,0,NULL,40,NULL,0,NULL,NULL,9),(385,34,1572066000,NULL,0,NULL,40,NULL,0,NULL,NULL,9),(386,34,1574744400,NULL,0,NULL,40,NULL,0,NULL,NULL,9),(387,34,1577422800,NULL,0,NULL,40,NULL,0,NULL,NULL,9),(388,34,1580101200,NULL,0,NULL,40,NULL,0,NULL,NULL,9),(389,34,1582779600,NULL,0,NULL,40,NULL,0,NULL,NULL,9),(390,34,1585458000,NULL,0,NULL,40,NULL,0,NULL,NULL,9),(391,34,1588136400,NULL,0,NULL,40,NULL,0,NULL,NULL,9),(392,34,1590814800,NULL,0,NULL,40,NULL,0,NULL,NULL,9),(393,34,1593493200,NULL,0,NULL,40,NULL,0,NULL,NULL,9),(394,34,1596171600,NULL,0,NULL,40,NULL,0,NULL,NULL,9),(395,34,1598850000,NULL,0,NULL,40,NULL,0,NULL,NULL,9),(396,34,1601528400,NULL,0,NULL,40,NULL,0,NULL,NULL,9),(397,34,1604206800,NULL,0,NULL,40,NULL,0,NULL,NULL,9),(398,34,1606885200,NULL,0,NULL,40,NULL,0,NULL,NULL,9),(399,34,1609563600,NULL,0,NULL,40,NULL,0,NULL,NULL,9),(400,34,1612242000,NULL,0,NULL,40,NULL,0,NULL,NULL,9),(401,34,1614920400,NULL,0,NULL,40,NULL,0,NULL,NULL,9),(402,34,1617598800,NULL,0,NULL,40,NULL,0,NULL,NULL,9),(403,34,1620277200,NULL,0,NULL,40,NULL,0,NULL,NULL,9),(404,34,1622955600,NULL,0,NULL,40,NULL,0,NULL,NULL,9),(405,34,1625634000,NULL,0,NULL,40,NULL,0,NULL,NULL,9),(406,34,1628312400,NULL,0,NULL,40,NULL,0,NULL,NULL,9),(407,34,1630990800,NULL,0,NULL,40,NULL,0,NULL,NULL,9),(408,34,1633669200,NULL,0,NULL,40,NULL,0,NULL,NULL,9),(409,34,1636347600,NULL,0,NULL,40,NULL,0,NULL,NULL,9),(410,34,1639026000,NULL,0,NULL,40,NULL,0,NULL,NULL,9),(411,34,1641704400,NULL,0,NULL,40,NULL,0,NULL,NULL,9),(412,34,1644382800,NULL,0,NULL,40,NULL,0,NULL,NULL,9),(413,34,1647061200,NULL,0,NULL,40,NULL,0,NULL,NULL,9),(414,34,1649739600,NULL,0,NULL,40,NULL,0,NULL,NULL,9),(415,34,1652418000,NULL,0,NULL,40,NULL,0,NULL,NULL,9),(416,34,1655096400,NULL,0,NULL,40,NULL,0,NULL,NULL,9),(417,34,1657774800,NULL,0,NULL,40,NULL,0,NULL,NULL,9),(418,34,1660453200,NULL,0,NULL,40,NULL,0,NULL,NULL,9),(419,34,1663131600,NULL,0,NULL,40,NULL,0,NULL,NULL,9),(420,34,1665810000,NULL,0,NULL,40,NULL,0,NULL,NULL,9),(421,34,1668488400,NULL,0,NULL,40,NULL,0,NULL,NULL,9),(422,34,1671166800,NULL,0,NULL,40,NULL,0,NULL,NULL,9),(423,34,1673845200,NULL,0,NULL,40,NULL,0,NULL,NULL,9),(424,34,1676523600,NULL,0,NULL,40,NULL,0,NULL,NULL,9),(425,34,1679202000,NULL,0,NULL,40,NULL,0,NULL,NULL,9),(426,34,1681880400,NULL,0,NULL,40,NULL,0,NULL,NULL,9),(427,34,1684558800,NULL,0,NULL,40,NULL,0,NULL,NULL,9),(428,34,1687237200,NULL,0,NULL,40,NULL,0,NULL,NULL,9),(429,34,1689915600,NULL,0,NULL,40,NULL,0,NULL,NULL,9),(430,34,1692594000,NULL,0,NULL,40,NULL,0,NULL,NULL,9),(431,34,1695272400,NULL,0,NULL,40,NULL,0,NULL,NULL,9),(432,34,1697950800,NULL,0,NULL,40,NULL,0,NULL,NULL,9),(433,34,1700629200,NULL,0,NULL,40,NULL,0,NULL,NULL,9),(434,34,1703307600,NULL,0,NULL,40,NULL,0,NULL,NULL,9),(435,34,1705986000,NULL,0,NULL,40,NULL,0,NULL,NULL,9),(436,34,1708664400,NULL,0,NULL,40,NULL,0,NULL,NULL,9),(437,34,1711342800,NULL,0,NULL,40,NULL,0,NULL,NULL,9),(438,34,1714021200,NULL,0,NULL,40,NULL,0,NULL,NULL,9),(439,34,1716699600,NULL,0,NULL,40,NULL,0,NULL,NULL,9),(440,34,1719378000,NULL,0,NULL,40,NULL,0,NULL,NULL,9),(441,34,1722056400,NULL,0,NULL,40,NULL,0,NULL,NULL,9),(442,34,1724734800,NULL,0,NULL,40,NULL,0,NULL,NULL,9),(443,34,1727413200,NULL,0,NULL,40,NULL,0,NULL,NULL,9),(444,34,1730091600,NULL,0,NULL,40,NULL,0,NULL,NULL,9),(445,34,1732770000,NULL,0,NULL,40,NULL,0,NULL,NULL,9),(446,34,1735448400,NULL,0,NULL,40,NULL,0,NULL,NULL,9),(447,34,1738126800,NULL,0,NULL,40,NULL,0,NULL,NULL,9),(448,34,1740805200,NULL,0,NULL,40,NULL,0,NULL,NULL,9),(449,34,1743483600,NULL,0,NULL,40,NULL,0,NULL,NULL,9),(450,34,1746162000,NULL,0,NULL,40,NULL,0,NULL,NULL,9),(451,34,1748840400,NULL,0,NULL,40,NULL,0,NULL,NULL,9),(452,34,1751518800,NULL,0,NULL,40,NULL,0,NULL,NULL,9),(453,34,1754197200,NULL,0,NULL,40,NULL,0,NULL,NULL,9),(454,34,1756875600,NULL,0,NULL,40,NULL,0,NULL,NULL,9),(455,34,1759554000,NULL,0,NULL,40,NULL,0,NULL,NULL,9),(456,34,1762232400,NULL,0,NULL,40,NULL,0,NULL,NULL,9),(457,34,1764910800,NULL,0,NULL,40,NULL,0,NULL,NULL,9),(458,34,1767589200,NULL,0,NULL,40,NULL,0,NULL,NULL,9),(459,34,1770267600,NULL,0,NULL,40,NULL,0,NULL,NULL,9),(460,34,1772946000,NULL,0,NULL,40,NULL,0,NULL,NULL,9),(461,34,1775624400,NULL,0,NULL,40,NULL,0,NULL,NULL,9),(462,34,1778302800,NULL,0,NULL,40,NULL,0,NULL,NULL,9),(463,34,1780981200,NULL,0,NULL,40,NULL,0,NULL,NULL,9),(464,34,1783659600,NULL,0,NULL,40,NULL,0,NULL,NULL,9),(465,34,1786338000,NULL,0,NULL,40,NULL,0,NULL,NULL,9),(466,35,1515214800,1512622800,5000,368,32,32,0,2569,1513173832,9),(467,35,1517893200,1512709200,0,364,36,36,0,658,1513173859,9),(468,35,1520571600,1512795600,0,364,36,36,0,2567,1513173886,9),(469,35,1523250000,1512882000,0,364,36,36,0,2692,1513173941,9),(470,35,1525928400,1513054800,0,1164,36,36,0,1258,1513173964,9),(471,35,1528606800,1513227600,0,364,36,36,0,23,1513257273,9),(472,35,1531285200,1513400400,0,764,36,36,0,12,1513421416,9),(473,35,1533963600,1513573200,0,364,36,36,0,24,1513594134,9),(474,35,1536642000,1513659600,0,884,36,216,0,111,1513671827,9),(475,35,1539320400,NULL,0,NULL,36,NULL,0,NULL,NULL,9),(476,35,1541998800,NULL,0,NULL,36,NULL,0,NULL,NULL,9),(477,35,1544677200,NULL,0,NULL,36,NULL,0,NULL,NULL,9),(478,35,1547355600,NULL,0,NULL,36,NULL,0,NULL,NULL,9),(479,35,1550034000,NULL,0,NULL,36,NULL,0,NULL,NULL,9),(480,36,1515646800,1513054800,5000,368,32,32,0,2698,1513174248,9),(481,36,1518325200,1513141200,0,364,36,36,0,2541,1513174291,9),(482,36,1521003600,1513227600,0,364,36,36,0,10,1513257144,9),(483,36,1523682000,1513314000,0,364,36,36,0,333,1513346799,9),(484,36,1526360400,1513400400,0,364,36,36,0,333,1514355154,5),(485,36,1529038800,1513486800,0,364,36,36,0,333,1514355266,5),(486,36,1531717200,1513573200,0,364,36,36,0,333,1514355308,5),(487,37,1493870400,1497585600,4000,1050,450,450,0,65,1513174369,6),(488,36,1534395600,1513659600,0,364,36,36,0,23,1514355395,5),(489,37,1496548800,1498795200,1000,0,450,400,0,7,1513174408,6),(490,36,1537074000,1513746000,0,364,36,36,0,26,1514355421,5),(491,37,1499227200,1499832000,1000,1250,450,450,0,2458,1513174456,6),(492,36,1539752400,1513918800,0,592,36,108,0,29,1514355528,5),(493,37,1501905600,1503374400,1000,1050,450,450,0,718,1513174551,6),(494,36,1542430800,1514005200,0,364,36,36,0,20,1514355564,5),(495,37,1504584000,1505188800,1000,1250,450,450,0,3757,1513174626,6),(496,36,1545109200,1514350800,0,764,36,36,0,333,1514364187,5),(497,37,1507262400,1510894800,1000,50,450,450,0,124,1513174728,6),(498,36,1547787600,NULL,0,NULL,36,NULL,0,NULL,NULL,9),(499,37,1509940800,1510030800,1000,550,450,450,0,510,1513174793,6),(500,36,1550466000,NULL,0,NULL,36,NULL,0,NULL,NULL,9),(501,37,1512619200,1513486800,1000,150,450,450,0,2103,1513924847,6),(502,37,1515297600,1520467200,1000,0,450,400,0,333,1520838394,9),(503,37,1517976000,NULL,1000,NULL,450,NULL,0,NULL,NULL,6),(504,37,1520654400,NULL,1000,NULL,450,NULL,0,NULL,NULL,6),(505,37,1523332800,NULL,1000,NULL,450,NULL,0,NULL,NULL,6),(506,38,1515646800,1513054800,5000,368,32,32,0,289,1513174525,9),(507,38,1518325200,1513141200,0,364,36,36,0,2547,1513174543,9),(508,38,1521003600,1514005200,0,464,36,36,0,333,1514005514,9),(509,38,1523682000,1514437200,0,464,36,36,0,333,1514523702,9),(510,38,1526360400,1514696400,0,364,36,36,0,333,1514871750,9),(511,38,1529038800,1515128400,0,964,36,36,0,66,1515163227,9),(512,38,1531717200,1515214800,0,364,36,36,0,333,1515389229,9),(513,38,1534395600,1515387600,0,364,36,36,0,333,1515390233,9),(514,38,1537074000,1515733200,0,964,36,36,0,333,1515766636,9),(515,38,1539752400,1516406400,0,320,36,180,0,25,1516702846,9),(516,38,1542430800,NULL,0,NULL,36,NULL,0,NULL,NULL,9),(517,38,1545109200,NULL,0,NULL,36,NULL,0,NULL,NULL,9),(518,38,1547787600,NULL,0,NULL,36,NULL,0,NULL,NULL,9),(519,38,1550466000,NULL,0,NULL,36,NULL,0,NULL,NULL,9),(520,39,1515733200,1513314000,5000,1168,32,32,0,4,1513408760,9),(521,39,1518411600,1513573200,0,764,36,36,0,12,1513608221,9),(522,39,1521090000,1514005200,0,464,36,36,0,38,1514038061,9),(523,39,1523768400,1514523600,0,464,36,36,0,42,1514616404,9),(524,39,1526446800,1514869200,0,964,36,36,0,333,1514902210,5),(525,39,1529125200,1515042000,0,564,36,36,0,55,1515060855,9),(526,39,1531803600,1515474000,0,612,36,288,0,85,1515502714,9),(527,39,1534482000,NULL,0,NULL,36,NULL,0,NULL,NULL,9),(528,39,1537160400,NULL,0,NULL,36,NULL,0,NULL,NULL,9),(529,39,1539838800,NULL,0,NULL,36,NULL,0,NULL,NULL,9),(530,39,1542517200,NULL,0,NULL,36,NULL,0,NULL,NULL,9),(531,39,1545195600,NULL,0,NULL,36,NULL,0,NULL,NULL,9),(532,39,1547874000,NULL,0,NULL,36,NULL,0,NULL,NULL,9),(533,39,1550552400,NULL,0,NULL,36,NULL,0,NULL,NULL,9),(534,40,1515733200,1513141200,5000,768,32,32,0,365,1513177220,9),(535,40,1518411600,1513314000,0,364,36,36,0,333,1513408539,9),(536,40,1521090000,1513400400,0,364,36,36,0,22,1513429695,9),(537,40,1523768400,1513486800,0,664,36,36,0,333,1514354679,5),(538,40,1526446800,1513573200,0,764,36,36,0,333,1514354745,5),(539,40,1529125200,1513746000,0,764,36,36,0,333,1514354789,5),(540,40,1531803600,1514005200,0,464,36,36,0,333,1514354801,5),(541,40,1534482000,1514350800,0,848,36,252,0,333,1515048242,9),(542,40,1537160400,NULL,0,NULL,36,NULL,0,NULL,NULL,9),(543,40,1539838800,NULL,0,NULL,36,NULL,0,NULL,NULL,9),(544,40,1542517200,NULL,0,NULL,36,NULL,0,NULL,NULL,9),(545,40,1545195600,NULL,0,NULL,36,NULL,0,NULL,NULL,9),(546,40,1547874000,NULL,0,NULL,36,NULL,0,NULL,NULL,9),(547,40,1550552400,NULL,0,NULL,36,NULL,0,NULL,NULL,9),(548,41,1497672000,1500177600,-3000,600,900,900,0,3839,1513175479,6),(549,41,1500350400,1502856000,3000,1100,900,900,0,72,1513175563,6),(550,41,1503028800,1503288000,3000,600,900,900,0,5,1513175600,6),(551,41,1505707200,1505016000,3000,600,900,900,0,153,1513175672,6),(552,41,1508385600,1505620800,3000,1100,900,900,0,294,1513175720,6),(553,41,1511064000,1507435200,3000,600,900,900,0,231,1513175770,6),(554,41,1513742400,1508040000,3000,1100,900,900,0,214,1513175809,6),(555,41,1516420800,1509854400,3000,550,900,900,0,120,1513175867,6),(556,41,1519099200,1510462800,3000,100,900,900,0,214,1513175904,6),(557,41,1521777600,1513054800,3000,2100,900,900,0,123,1513175954,6),(558,41,1524456000,1513054800,3000,1100,900,900,0,10,1513175997,6),(559,41,1527134400,1513486800,3000,0,900,500,0,1203,1513924878,6),(560,42,1517202000,1512018000,5000,368,32,32,0,256,1513234558,9),(561,42,1519880400,1512104400,0,364,36,36,0,259,1513234588,9),(562,42,1522558800,1512277200,0,364,36,36,0,587,1513234617,9),(563,42,1525237200,1512363600,0,364,36,36,0,789,1513234645,9),(564,42,1527915600,1512450000,0,364,36,36,0,874,1513234669,9),(565,42,1530594000,1512622800,0,364,36,36,0,698,1513234693,9),(566,42,1533272400,1512622800,0,364,36,36,0,584,1513234741,9),(567,42,1535950800,1512709200,0,364,36,36,0,254,1513234790,9),(568,42,1538629200,1512795600,0,364,36,36,0,987,1513234811,9),(569,42,1541307600,1512968400,0,364,36,36,0,594,1513234835,9),(570,42,1543986000,1513054800,0,364,36,36,0,596,1513234865,9),(571,42,1546664400,1513141200,0,394,36,36,0,59,1513234918,9),(572,42,1549342800,1513227600,0,598,36,72,0,5,1513234938,9),(573,42,1552021200,NULL,0,NULL,36,NULL,0,NULL,NULL,9),(574,44,1515906000,1513314000,5000,368,32,32,0,16,1513343560,9),(575,44,1518584400,1514264400,0,1964,36,36,0,23,1514353355,5),(576,44,1521262800,1515128400,0,1464,36,36,0,67,1515163815,9),(577,44,1523941200,1515888000,0,1204,36,396,0,333,1516703673,9),(578,44,1526619600,NULL,0,NULL,36,NULL,0,NULL,NULL,9),(579,44,1529298000,NULL,0,NULL,36,NULL,0,NULL,NULL,9),(580,44,1531976400,NULL,0,NULL,36,NULL,0,NULL,NULL,9),(581,44,1534654800,NULL,0,NULL,36,NULL,0,NULL,NULL,9),(582,44,1537333200,NULL,0,NULL,36,NULL,0,NULL,NULL,9),(583,44,1540011600,NULL,0,NULL,36,NULL,0,NULL,NULL,9),(584,44,1542690000,NULL,0,NULL,36,NULL,0,NULL,NULL,9),(585,44,1545368400,NULL,0,NULL,36,NULL,0,NULL,NULL,9),(586,44,1548046800,NULL,0,NULL,36,NULL,0,NULL,NULL,9),(587,44,1550725200,NULL,0,NULL,36,NULL,0,NULL,NULL,9),(588,45,1515819600,1513400400,5000,3268,32,32,0,333,1514458948,9),(589,45,1518498000,1513918800,0,1732,36,468,0,333,1514458967,9),(590,45,1521176400,NULL,0,NULL,36,NULL,0,NULL,NULL,9),(591,45,1523854800,NULL,0,NULL,36,NULL,0,NULL,NULL,9),(592,45,1526533200,NULL,0,NULL,36,NULL,0,NULL,NULL,9),(593,45,1529211600,NULL,0,NULL,36,NULL,0,NULL,NULL,9),(594,45,1531890000,NULL,0,NULL,36,NULL,0,NULL,NULL,9),(595,45,1534568400,NULL,0,NULL,36,NULL,0,NULL,NULL,9),(596,45,1537246800,NULL,0,NULL,36,NULL,0,NULL,NULL,9),(597,45,1539925200,NULL,0,NULL,36,NULL,0,NULL,NULL,9),(598,45,1542603600,NULL,0,NULL,36,NULL,0,NULL,NULL,9),(599,45,1545282000,NULL,0,NULL,36,NULL,0,NULL,NULL,9),(600,45,1547960400,NULL,0,NULL,36,NULL,0,NULL,NULL,9),(601,45,1550638800,NULL,0,NULL,36,NULL,0,NULL,NULL,9),(602,43,1515906000,1513314000,5000,368,32,32,0,333,1513408587,9),(603,43,1518584400,1513400400,0,524,36,36,0,333,1513574333,9),(604,43,1521262800,1513573200,0,714,36,36,0,333,1514470087,9),(605,43,1523941200,1513659600,0,364,36,36,0,333,1514470114,9),(606,43,1526619600,1513746000,0,364,36,36,0,333,1514470166,9),(607,43,1529298000,1513832400,0,364,36,36,0,17,1513862880,9),(608,43,1531976400,1514005200,0,364,36,36,0,333,1514037941,9),(609,43,1534654800,1514178000,0,364,36,36,0,333,1514469718,9),(610,43,1537333200,1514264400,0,564,36,36,0,333,1514614968,9),(611,43,1540011600,1514523600,0,764,36,36,0,333,1514615110,9),(612,43,1542690000,1514523600,0,246,36,144,0,333,1514615121,9),(613,43,1545368400,NULL,0,NULL,36,NULL,0,NULL,NULL,9),(614,43,1548046800,NULL,0,NULL,36,NULL,0,NULL,NULL,9),(615,43,1550725200,NULL,0,NULL,36,NULL,0,NULL,NULL,9),(616,49,1515906000,1513314000,5000,368,32,32,0,333,1513408614,9),(617,49,1518584400,1513400400,0,364,36,36,0,333,1513574247,9),(618,49,1521262800,1513486800,0,364,36,36,0,333,1513574276,9),(619,49,1523941200,1513746000,0,764,36,36,0,333,1513747111,9),(620,49,1526619600,1513832400,0,364,36,36,0,333,1513840093,9),(621,49,1529298000,1513918800,0,364,36,36,0,333,1513920443,9),(622,49,1531976400,1514005200,0,364,36,36,0,333,1514355048,5),(623,49,1534654800,1514091600,0,764,36,36,0,333,1514355061,5),(624,49,1537333200,1514264400,0,764,36,36,0,333,1514352838,5),(625,49,1540011600,1514350800,0,364,36,36,0,333,1514436376,5),(626,49,1542690000,1514523600,0,156,36,144,0,333,1514533265,9),(627,49,1545368400,NULL,0,NULL,36,NULL,0,NULL,NULL,9),(628,49,1548046800,NULL,0,NULL,36,NULL,0,NULL,NULL,9),(629,49,1550725200,NULL,0,NULL,36,NULL,0,NULL,NULL,9),(630,50,1515906000,1513141200,2000,142,18,18,0,333,1513315186,9),(631,50,1518584400,1513314000,0,306,14,14,0,11,1513315217,9),(632,50,1521262800,1513659600,0,348,14,52,0,333,1514471479,9),(633,50,1523941200,1513746000,0,186,14,14,0,333,1513747277,9),(634,50,1526619600,1513832400,0,186,14,14,0,18,1513862858,9),(635,50,1529298000,1514005200,0,146,14,14,0,21,1514038091,9),(636,50,1531976400,1514178000,0,0,14,60,0,333,1514471542,9),(637,50,1534654800,1514437200,0,686,14,14,0,32,1514471400,9),(638,50,1537333200,NULL,0,NULL,14,NULL,0,NULL,NULL,9),(639,50,1540011600,NULL,0,NULL,14,NULL,0,NULL,NULL,9),(640,50,1542690000,NULL,0,NULL,14,NULL,0,NULL,NULL,9),(641,50,1545368400,NULL,0,NULL,14,NULL,0,NULL,NULL,9),(642,50,1548046800,NULL,0,NULL,14,NULL,0,NULL,NULL,9),(643,50,1550725200,NULL,0,NULL,14,NULL,0,NULL,NULL,9),(644,51,1515301200,1512709200,5000,968,32,32,0,333,1514458681,9),(645,51,1517979600,1513314000,0,1464,36,36,0,26,1514458696,9),(646,51,1520658000,1513382400,0,464,36,36,0,333,1518179011,9),(647,51,1523336400,1516233600,0,164,36,36,0,333,1518179059,9),(648,51,1526014800,1518480000,0,1794,36,36,0,333,1518851270,9),(649,51,1528693200,1520899200,0,146,36,324,0,222,1520406765,9),(650,51,1531371600,NULL,0,NULL,36,NULL,0,NULL,NULL,9),(651,51,1534050000,NULL,0,NULL,36,NULL,0,NULL,NULL,9),(652,51,1536728400,NULL,0,NULL,36,NULL,0,NULL,NULL,9),(653,51,1539406800,NULL,0,NULL,36,NULL,0,NULL,NULL,9),(654,51,1542085200,NULL,0,NULL,36,NULL,0,NULL,NULL,9),(655,51,1544763600,NULL,0,NULL,36,NULL,0,NULL,NULL,9),(656,51,1547442000,NULL,0,NULL,36,NULL,0,NULL,NULL,9),(657,51,1550120400,NULL,0,NULL,36,NULL,0,NULL,NULL,9),(658,46,1515992400,1513746000,-6000,1050,50,50,0,16,1513775905,9),(659,46,1518670800,1513918800,1000,1050,50,50,0,26,1514005445,9),(660,46,1521349200,1514264400,1000,2150,50,50,0,22,1514353285,5),(661,46,1524027600,1514610000,1000,2150,50,50,0,48,1514640017,9),(662,46,1526706000,1513573200,1000,600,50,500,0,111,1514640168,9),(663,46,1529384400,NULL,1000,NULL,50,NULL,0,NULL,1514640191,9),(664,46,1532062800,NULL,1000,NULL,50,NULL,0,NULL,1514640191,9),(665,46,1534741200,NULL,1000,NULL,50,NULL,0,NULL,NULL,9),(666,46,1537419600,NULL,1000,NULL,50,NULL,0,NULL,NULL,9),(667,46,1540098000,NULL,1000,NULL,50,NULL,0,NULL,NULL,9),(668,46,1542776400,NULL,1000,NULL,50,NULL,0,NULL,NULL,9),(669,46,1545454800,NULL,1000,NULL,50,NULL,0,NULL,NULL,9),(670,46,1548133200,NULL,1000,NULL,50,NULL,0,NULL,NULL,9),(671,46,1550811600,NULL,1000,NULL,50,NULL,0,NULL,NULL,9),(672,53,1516078800,1513486800,5000,368,32,32,0,333,1513574685,9),(673,53,1518757200,1513659600,0,364,36,36,0,333,1513662950,9),(674,53,1521435600,1513746000,0,364,36,36,0,333,1513747175,9),(675,53,1524114000,1513832400,0,364,36,36,0,333,1513840369,9),(676,53,1526792400,1514091600,0,364,36,36,0,333,1514093051,9),(677,53,1529470800,1513918800,0,364,36,36,0,333,1513920379,9),(678,53,1532149200,1514005200,0,364,36,36,0,333,1514352630,5),(679,53,1534827600,1514178000,0,364,36,36,0,333,1514352685,5),(680,53,1537506000,1514264400,0,364,36,36,0,333,1514352708,5),(681,53,1540184400,1514350800,0,1564,36,36,0,333,1514379825,5),(682,53,1542862800,1513573200,0,156,36,144,0,333,1514379879,5),(683,53,1545541200,NULL,0,NULL,36,NULL,0,NULL,NULL,9),(684,53,1548219600,NULL,0,NULL,36,NULL,0,NULL,NULL,9),(685,53,1550898000,NULL,0,NULL,36,NULL,0,NULL,NULL,9),(686,52,1516078800,1513486800,5000,368,32,32,0,333,1513574388,9),(687,52,1518757200,1513659600,0,364,36,36,0,333,1513662993,9),(688,52,1521435600,1513746000,0,364,36,36,0,333,1513749162,9),(689,52,1524114000,1513832400,0,364,36,36,0,333,1513840390,9),(690,52,1526792400,1514091600,0,364,36,36,0,333,1514093109,9),(691,52,1529470800,1513918800,0,364,36,36,0,333,1514005553,9),(692,52,1532149200,1514178000,0,364,36,36,0,333,1514353568,5),(693,52,1534827600,1514178000,0,364,36,36,0,333,1514353585,5),(694,52,1537506000,1514264400,0,364,36,36,0,333,1514353601,5),(695,52,1540184400,1514437200,0,364,36,36,0,333,1514523854,9),(696,52,1542862800,1514437200,0,364,36,36,0,333,1514880665,9),(697,52,1545541200,1514523600,0,364,36,36,0,333,1514880689,9),(698,52,1548219600,1514869200,0,628,36,72,0,333,1514958088,9),(699,52,1550898000,NULL,0,NULL,36,NULL,0,NULL,NULL,5),(700,56,1516251600,1513659600,5000,368,32,32,0,333,1513770793,9),(701,56,1518930000,1513832400,0,364,36,36,0,333,1513840337,9),(702,56,1521608400,1513918800,0,364,36,36,0,333,1513920414,9),(703,56,1524286800,1514091600,0,364,36,36,0,333,1514093130,9),(704,56,1526965200,1514091600,0,364,36,36,0,333,1514093131,9),(705,56,1529643600,1514178000,0,364,36,36,0,333,1514353019,5),(706,56,1532322000,1514264400,0,364,36,36,0,333,1514353112,5),(707,56,1535000400,1514437200,0,364,36,36,0,333,1514523805,9),(708,56,1537678800,1546146000,0,664,36,36,0,333,1514872057,9),(709,56,1540357200,1514696400,0,364,36,36,0,333,1514872079,9),(710,56,1543035600,1514869200,0,1056,36,144,0,37,1514872254,9),(711,56,1545714000,NULL,0,NULL,36,NULL,0,NULL,NULL,9),(712,56,1548392400,NULL,0,NULL,36,NULL,0,NULL,NULL,9),(713,56,1551070800,NULL,0,NULL,36,NULL,0,NULL,NULL,9),(714,54,1516251600,1513659600,5000,368,32,32,0,333,1513775984,9),(715,54,1518930000,1513746000,0,364,36,36,0,333,1513776007,9),(716,54,1521608400,1513918800,0,764,36,36,0,333,1514005495,9),(717,54,1524286800,1514005200,0,364,36,36,0,333,1514038189,9),(718,54,1526965200,1514091600,0,364,36,36,0,333,1514093031,9),(719,54,1529643600,1514264400,0,1164,36,36,0,333,1514353202,5),(720,54,1532322000,1514437200,0,764,36,36,0,30,1514458277,5),(721,54,1535000400,1514523600,0,848,36,252,0,34,1514529415,9),(722,54,1537678800,NULL,0,NULL,36,NULL,0,NULL,NULL,9),(723,54,1540357200,NULL,0,NULL,36,NULL,0,NULL,NULL,9),(724,54,1543035600,NULL,0,NULL,36,NULL,0,NULL,NULL,9),(725,54,1545714000,NULL,0,NULL,36,NULL,0,NULL,NULL,9),(726,54,1548392400,NULL,0,NULL,36,NULL,0,NULL,NULL,9),(727,54,1551070800,NULL,0,NULL,36,NULL,0,NULL,NULL,9),(728,58,1516338000,1514091600,5000,1568,32,32,0,333,1514093155,9),(729,58,1519016400,1514264400,0,764,36,36,0,21,1514353169,5),(730,58,1521694800,1514437200,0,764,36,36,0,23,1514442076,5),(731,58,1524373200,1514610000,0,764,36,36,0,44,1514615635,9),(732,58,1527051600,1514869200,0,764,36,36,0,25,1515148390,9),(733,58,1529730000,1515128400,0,376,36,324,0,61,1515148405,9),(734,58,1532408400,NULL,0,NULL,36,NULL,0,NULL,NULL,5),(735,58,1535086800,NULL,0,NULL,36,NULL,0,NULL,NULL,5),(736,58,1537765200,NULL,0,NULL,36,NULL,0,NULL,NULL,5),(737,58,1540443600,NULL,0,NULL,36,NULL,0,NULL,NULL,5),(738,58,1543122000,NULL,0,NULL,36,NULL,0,NULL,NULL,5),(739,58,1545800400,NULL,0,NULL,36,NULL,0,NULL,NULL,5),(740,58,1548478800,NULL,0,NULL,36,NULL,0,NULL,NULL,5),(741,58,1551157200,NULL,0,NULL,36,NULL,0,NULL,NULL,5),(742,57,1516338000,1512968400,5000,2768,32,32,0,333,1514531281,9),(743,57,1519016400,1515128400,0,2232,36,468,0,64,1515154143,9),(744,57,1521694800,NULL,0,NULL,36,NULL,0,NULL,NULL,5),(745,57,1524373200,NULL,0,NULL,36,NULL,0,NULL,NULL,5),(746,57,1527051600,NULL,0,NULL,36,NULL,0,NULL,NULL,5),(747,57,1529730000,NULL,0,NULL,36,NULL,0,NULL,NULL,5),(748,57,1532408400,NULL,0,NULL,36,NULL,0,NULL,NULL,5),(749,57,1535086800,NULL,0,NULL,36,NULL,0,NULL,NULL,5),(750,57,1537765200,NULL,0,NULL,36,NULL,0,NULL,NULL,5),(751,57,1540443600,NULL,0,NULL,36,NULL,0,NULL,NULL,5),(752,57,1543122000,NULL,0,NULL,36,NULL,0,NULL,NULL,5),(753,57,1545800400,NULL,0,NULL,36,NULL,0,NULL,NULL,5),(754,57,1548478800,NULL,0,NULL,36,NULL,0,NULL,NULL,5),(755,57,1551157200,NULL,0,NULL,36,NULL,0,NULL,NULL,5),(756,62,1516424400,1513918800,3000,213,27,27,0,333,1514005405,9),(757,62,1519102800,1514005200,0,179,21,21,0,333,1514038114,9),(758,62,1521781200,1513832400,0,219,21,21,0,333,1514038162,9),(759,62,1524459600,1514091600,0,79,21,21,0,333,1514093009,9),(760,62,1527138000,1514264400,0,349,21,21,0,333,1514353416,5),(761,62,1529816400,1514437200,0,89,21,21,0,333,1514463944,9),(762,62,1532494800,1514523600,0,1479,21,21,0,333,1514637435,9),(763,62,1535173200,1514696400,0,393,21,97,0,333,1515161455,9),(764,62,1537851600,1515128400,0,0,21,50,0,333,1515161396,9),(765,62,1540530000,NULL,0,NULL,21,NULL,0,NULL,NULL,9),(766,62,1543208400,NULL,0,NULL,21,NULL,0,NULL,NULL,9),(767,62,1545886800,NULL,0,NULL,21,NULL,0,NULL,NULL,9),(768,62,1548565200,NULL,0,NULL,21,NULL,0,NULL,NULL,9),(769,62,1551243600,NULL,0,NULL,21,NULL,0,NULL,NULL,9),(770,18,NULL,1513054800,NULL,450,NULL,0,0,2310,1513924761,6),(771,18,NULL,1508644800,NULL,700,NULL,0,0,5500,1514361294,6),(772,28,NULL,1508731200,NULL,2350,NULL,0,0,3,1514361458,6),(773,18,NULL,1510981200,NULL,1000,NULL,0,0,29,1514362840,6),(774,18,NULL,1512104400,NULL,700,NULL,0,0,935,1514363879,6),(775,18,NULL,1513918800,NULL,600,NULL,0,0,620,1514364683,6),(776,61,1517029200,1514505600,4000,2164,36,36,0,333,1516799506,9),(777,61,1519707600,1514592000,0,1836,28,364,0,333,1517561045,9),(778,61,1522386000,NULL,0,NULL,28,NULL,0,NULL,NULL,5),(779,61,1525064400,NULL,0,NULL,28,NULL,0,NULL,NULL,5),(780,61,1527742800,NULL,0,NULL,28,NULL,0,NULL,NULL,5),(781,61,1530421200,NULL,0,NULL,28,NULL,0,NULL,NULL,5),(782,61,1533099600,NULL,0,NULL,28,NULL,0,NULL,NULL,5),(783,61,1535778000,NULL,0,NULL,28,NULL,0,NULL,NULL,5),(784,61,1538456400,NULL,0,NULL,28,NULL,0,NULL,NULL,5),(785,61,1541134800,NULL,0,NULL,28,NULL,0,NULL,NULL,5),(786,61,1543813200,NULL,0,NULL,28,NULL,0,NULL,NULL,5),(787,61,1546491600,NULL,0,NULL,28,NULL,0,NULL,NULL,5),(788,61,1549170000,NULL,0,NULL,28,NULL,0,NULL,NULL,5),(789,61,1551848400,NULL,0,NULL,28,NULL,0,NULL,NULL,5),(790,64,1517029200,1514437200,5000,368,32,32,0,333,1514523740,9),(791,64,1519707600,1514523600,0,364,36,36,0,333,1514614851,9),(792,64,1522386000,1546146000,0,364,36,36,0,333,1514871850,9),(793,64,1525064400,1517461200,0,364,36,36,0,333,1514872390,9),(794,64,1527742800,1514782800,0,364,36,36,0,333,1514958048,9),(795,64,1530421200,1514869200,0,364,36,36,0,333,1514958062,9),(796,64,1533099600,1514955600,0,364,36,36,0,333,1515046531,9),(797,64,1535778000,1515128400,0,364,36,36,0,333,1515223732,9),(798,64,1538456400,1515214800,0,364,36,36,0,333,1515389079,9),(799,64,1541134800,1515301200,0,364,36,36,0,333,1515389093,9),(800,64,1543813200,1515387600,0,1356,36,144,0,333,1515405813,9),(801,64,1546491600,NULL,0,NULL,36,NULL,0,NULL,NULL,5),(802,64,1549170000,NULL,0,NULL,36,NULL,0,NULL,NULL,5),(803,64,1551848400,NULL,0,NULL,36,NULL,0,NULL,NULL,5),(804,65,1517029200,1514610000,5000,368,32,32,0,333,1514902285,5),(805,65,1519707600,1514869200,0,364,36,36,0,42,1514902303,5),(806,65,1522386000,1515128400,0,1164,36,36,0,62,1515152015,9),(807,65,1525064400,1515974400,0,364,36,36,0,333,1516787894,9),(808,65,1527742800,1516320000,0,364,36,36,0,333,1516787905,9),(809,65,1530421200,1516579200,0,764,36,36,0,333,1516787924,9),(810,65,1533099600,1517270400,0,564,36,36,0,333,1517322142,9),(811,65,1535778000,1517875200,0,964,36,36,0,64,1517919035,9),(812,65,1538456400,1516924800,0,84,36,216,0,333,1517982920,9),(813,65,1541134800,NULL,0,NULL,36,NULL,0,NULL,NULL,5),(814,65,1543813200,NULL,0,NULL,36,NULL,0,NULL,NULL,5),(815,65,1546491600,NULL,0,NULL,36,NULL,0,NULL,NULL,5),(816,65,1549170000,NULL,0,NULL,36,NULL,0,NULL,NULL,5),(817,65,1551848400,NULL,0,NULL,36,NULL,0,NULL,NULL,5),(818,66,1517115600,1514523600,5000,468,32,32,0,111,1515136658,9),(819,66,1519794000,1514869200,0,464,36,36,0,111,1515136677,9),(820,66,1522472400,1514869200,0,464,36,36,0,39,1515136694,9),(821,66,1525150800,1515042000,0,364,36,36,0,60,1515136714,9),(822,66,1527829200,1515387600,0,964,36,36,0,71,1515398824,9),(823,66,1530507600,1515024000,0,464,36,36,0,333,1517994444,9),(824,66,1533186000,1517270400,0,464,36,36,0,111,1517994471,9),(825,66,1535864400,1515110400,0,364,36,36,0,333,1517994564,9),(826,66,1538542800,1515542400,0,464,36,36,0,333,1517994616,9),(827,66,1541221200,1515628800,0,520,36,80,0,333,1517994634,9),(828,66,1543899600,1515974400,0,0,36,100,0,333,1517994651,9),(829,66,1546578000,NULL,0,NULL,36,NULL,0,NULL,NULL,9),(830,66,1549256400,NULL,0,NULL,36,NULL,0,NULL,NULL,9),(831,66,1551934800,NULL,0,NULL,36,NULL,0,NULL,NULL,9),(832,67,1517115600,1514955600,5000,2968,32,32,0,35,1515134732,9),(833,67,1519794000,1515042000,0,2032,36,468,0,56,1515134762,9),(834,67,1522472400,NULL,0,NULL,36,NULL,0,NULL,NULL,9),(835,67,1525150800,NULL,0,NULL,36,NULL,0,NULL,NULL,9),(836,67,1527829200,NULL,0,NULL,36,NULL,0,NULL,NULL,9),(837,67,1530507600,NULL,0,NULL,36,NULL,0,NULL,NULL,9),(838,67,1533186000,NULL,0,NULL,36,NULL,0,NULL,NULL,9),(839,67,1535864400,NULL,0,NULL,36,NULL,0,NULL,NULL,9),(840,67,1538542800,NULL,0,NULL,36,NULL,0,NULL,NULL,9),(841,67,1541221200,NULL,0,NULL,36,NULL,0,NULL,NULL,9),(842,67,1543899600,NULL,0,NULL,36,NULL,0,NULL,NULL,9),(843,67,1546578000,NULL,0,NULL,36,NULL,0,NULL,NULL,9),(844,67,1549256400,NULL,0,NULL,36,NULL,0,NULL,NULL,9),(845,67,1551934800,NULL,0,NULL,36,NULL,0,NULL,NULL,9),(846,70,1517202000,NULL,10000,NULL,83,NULL,0,NULL,NULL,9),(847,70,1519880400,NULL,0,NULL,71,NULL,0,NULL,NULL,9),(848,70,1522558800,NULL,0,NULL,71,NULL,0,NULL,NULL,9),(849,70,1525237200,NULL,0,NULL,71,NULL,0,NULL,NULL,9),(850,70,1527915600,NULL,0,NULL,71,NULL,0,NULL,NULL,9),(851,70,1530594000,NULL,0,NULL,71,NULL,0,NULL,NULL,9),(852,70,1533272400,NULL,0,NULL,71,NULL,0,NULL,NULL,9),(853,70,1535950800,NULL,0,NULL,71,NULL,0,NULL,NULL,9),(854,70,1538629200,NULL,0,NULL,71,NULL,0,NULL,NULL,9),(855,70,1541307600,NULL,0,NULL,71,NULL,0,NULL,NULL,9),(856,70,1543986000,NULL,0,NULL,71,NULL,0,NULL,NULL,9),(857,70,1546664400,NULL,0,NULL,71,NULL,0,NULL,NULL,9),(858,70,1549342800,NULL,0,NULL,71,NULL,0,NULL,NULL,9),(859,70,1552021200,NULL,0,NULL,71,NULL,0,NULL,NULL,9),(860,70,1554699600,NULL,0,NULL,71,NULL,0,NULL,NULL,9),(861,70,1557378000,NULL,0,NULL,71,NULL,0,NULL,NULL,9),(862,70,1560056400,NULL,0,NULL,71,NULL,0,NULL,NULL,9),(863,70,1562734800,NULL,0,NULL,71,NULL,0,NULL,NULL,9),(864,70,1565413200,NULL,0,NULL,71,NULL,0,NULL,NULL,9),(865,70,1568091600,NULL,0,NULL,71,NULL,0,NULL,NULL,9),(866,70,1570770000,NULL,0,NULL,71,NULL,0,NULL,NULL,9),(867,70,1573448400,NULL,0,NULL,71,NULL,0,NULL,NULL,9),(868,70,1576126800,NULL,0,NULL,71,NULL,0,NULL,NULL,9),(869,70,1578805200,NULL,0,NULL,71,NULL,0,NULL,NULL,9),(870,70,1581483600,NULL,0,NULL,71,NULL,0,NULL,NULL,9),(871,70,1584162000,NULL,0,NULL,71,NULL,0,NULL,NULL,9),(872,70,1586840400,NULL,0,NULL,71,NULL,0,NULL,NULL,9),(873,70,1589518800,NULL,0,NULL,71,NULL,0,NULL,NULL,9),(874,60,1517202000,1514610000,4000,284,36,36,0,333,1514871674,9),(875,60,1519880400,1514696400,0,292,28,28,0,333,1514871701,9),(876,60,1522558800,1514869200,0,292,28,28,0,333,1514957991,9),(877,60,1525237200,1514955600,0,292,28,28,0,333,1515046576,9),(878,60,1527915600,1515387600,0,372,28,28,0,333,1515474108,9),(879,60,1530594000,1515474000,0,292,28,28,0,333,1515560827,9),(880,60,1533272400,1515646800,0,372,28,28,0,333,1515732657,9),(881,60,1535950800,1515888000,0,472,28,28,0,333,1517571101,9),(882,60,1538629200,1484524800,0,1332,28,168,0,333,1517571124,9),(883,60,1541307600,NULL,0,NULL,28,NULL,0,NULL,NULL,9),(884,60,1543986000,NULL,0,NULL,28,NULL,0,NULL,NULL,9),(885,60,1546664400,NULL,0,NULL,28,NULL,0,NULL,NULL,9),(886,60,1549342800,NULL,0,NULL,28,NULL,0,NULL,NULL,9),(887,60,1552021200,NULL,0,NULL,28,NULL,0,NULL,NULL,9),(888,68,1517202000,1515387600,5000,968,32,32,0,111,1515477766,9),(889,68,1519880400,1517011200,0,1964,36,36,0,26,1517561269,9),(890,68,1522558800,1518739200,0,664,36,36,0,333,1518781214,9),(891,68,1525237200,1519344000,0,564,36,36,0,333,1519396191,6),(892,68,1527915600,1519430400,0,464,36,36,0,333,1519726821,6),(893,68,1530594000,1520294400,0,376,36,324,0,333,1520404822,6),(894,68,1533272400,NULL,0,NULL,36,NULL,0,NULL,NULL,9),(895,68,1535950800,NULL,0,NULL,36,NULL,0,NULL,NULL,9),(896,68,1538629200,NULL,0,NULL,36,NULL,0,NULL,NULL,9),(897,68,1541307600,NULL,0,NULL,36,NULL,0,NULL,NULL,9),(898,68,1543986000,NULL,0,NULL,36,NULL,0,NULL,NULL,9),(899,68,1546664400,NULL,0,NULL,36,NULL,0,NULL,NULL,9),(900,68,1549342800,NULL,0,NULL,36,NULL,0,NULL,NULL,9),(901,68,1552021200,NULL,0,NULL,36,NULL,0,NULL,NULL,9),(902,69,1517202000,1517461200,3000,453,27,27,0,333,1514872549,9),(903,69,1519880400,1514851200,0,459,21,21,0,333,1516787492,9),(904,69,1522558800,1515128400,0,219,21,21,0,333,1515147006,9),(905,69,1525237200,1515128400,0,219,21,21,0,333,1515223761,9),(906,69,1527915600,1515214800,0,219,21,21,0,333,1515239294,9),(907,69,1530594000,1515801600,0,1179,21,21,0,333,1516787514,9),(908,69,1533272400,1516060800,0,139,21,21,0,333,1516787535,9),(909,69,1535950800,1516579200,0,113,21,147,0,11,1516787577,9),(910,69,1538629200,NULL,0,NULL,21,NULL,0,NULL,NULL,9),(911,69,1541307600,NULL,0,NULL,21,NULL,0,NULL,NULL,9),(912,69,1543986000,NULL,0,NULL,21,NULL,0,NULL,NULL,9),(913,69,1546664400,NULL,0,NULL,21,NULL,0,NULL,NULL,9),(914,69,1549342800,NULL,0,NULL,21,NULL,0,NULL,NULL,9),(915,69,1552021200,NULL,0,NULL,21,NULL,0,NULL,NULL,9),(916,71,1517202000,1514782800,5000,368,32,32,0,333,1514871806,9),(917,71,1519880400,1514869200,0,364,36,36,0,333,1514897215,9),(918,71,1522558800,1514955600,0,364,36,36,0,333,1514992389,9),(919,71,1525237200,1515042000,0,364,36,36,0,59,1515135031,9),(920,71,1527915600,1515387600,0,764,36,36,0,333,1515561458,9),(921,71,1530594000,1515474000,0,464,36,36,0,333,1515590814,9),(922,71,1533272400,1515560400,0,464,36,36,0,333,1515593825,9),(923,71,1535950800,1515646800,0,364,36,36,0,52,1515732726,9),(924,71,1538629200,1515715200,0,264,36,36,0,333,1516704990,9),(925,71,1541307600,1516233600,0,464,36,36,0,333,1516705003,9),(926,71,1543986000,1516492800,0,756,36,144,0,333,1516705014,9),(927,71,1546664400,NULL,0,NULL,36,NULL,0,NULL,NULL,9),(928,71,1549342800,NULL,0,NULL,36,NULL,0,NULL,NULL,9),(929,71,1552021200,NULL,0,NULL,36,NULL,0,NULL,NULL,9),(930,73,1517202000,NULL,1000,NULL,11,NULL,0,NULL,NULL,9),(931,73,1519880400,NULL,0,NULL,7,NULL,0,NULL,NULL,9),(932,73,1522558800,NULL,0,NULL,7,NULL,0,NULL,NULL,9),(933,73,1525237200,NULL,0,NULL,7,NULL,0,NULL,NULL,9),(934,73,1527915600,NULL,0,NULL,7,NULL,0,NULL,NULL,9),(935,73,1530594000,NULL,0,NULL,7,NULL,0,NULL,NULL,9),(936,73,1533272400,NULL,0,NULL,7,NULL,0,NULL,NULL,9),(937,73,1535950800,NULL,0,NULL,7,NULL,0,NULL,NULL,9),(938,73,1538629200,NULL,0,NULL,7,NULL,0,NULL,NULL,9),(939,73,1541307600,NULL,0,NULL,7,NULL,0,NULL,NULL,9),(940,73,1543986000,NULL,0,NULL,7,NULL,0,NULL,NULL,9),(941,73,1546664400,NULL,0,NULL,7,NULL,0,NULL,NULL,9),(942,73,1549342800,NULL,0,NULL,7,NULL,0,NULL,NULL,9),(943,73,1552021200,NULL,0,NULL,7,NULL,0,NULL,NULL,9),(944,73,1554699600,NULL,0,NULL,7,NULL,0,NULL,NULL,9),(945,73,1557378000,NULL,0,NULL,7,NULL,0,NULL,NULL,9),(946,73,1560056400,NULL,0,NULL,7,NULL,0,NULL,NULL,9),(947,73,1562734800,NULL,0,NULL,7,NULL,0,NULL,NULL,9),(948,73,1565413200,NULL,0,NULL,7,NULL,0,NULL,NULL,9),(949,73,1568091600,NULL,0,NULL,7,NULL,0,NULL,NULL,9),(950,73,1570770000,NULL,0,NULL,7,NULL,0,NULL,NULL,9),(951,73,1573448400,NULL,0,NULL,7,NULL,0,NULL,NULL,9),(952,73,1576126800,NULL,0,NULL,7,NULL,0,NULL,NULL,9),(953,73,1578805200,NULL,0,NULL,7,NULL,0,NULL,NULL,9),(954,73,1581483600,NULL,0,NULL,7,NULL,0,NULL,NULL,9),(955,73,1584162000,NULL,0,NULL,7,NULL,0,NULL,NULL,9),(956,73,1586840400,NULL,0,NULL,7,NULL,0,NULL,NULL,9),(957,73,1589518800,NULL,0,NULL,7,NULL,0,NULL,NULL,9),(958,74,1517202000,1515128400,10000,1117,83,83,0,6,1515160198,9),(959,74,1519880400,1515733200,0,929,71,71,0,219,1515765426,9),(960,74,1522558800,1517270400,0,1929,71,71,0,69,1517919134,9),(961,74,1525237200,1517875200,0,929,71,71,0,65,1517919154,9),(962,74,1527915600,NULL,0,NULL,71,NULL,0,NULL,NULL,9),(963,74,1530594000,NULL,0,NULL,71,NULL,0,NULL,NULL,9),(964,74,1533272400,NULL,0,NULL,71,NULL,0,NULL,NULL,9),(965,74,1535950800,NULL,0,NULL,71,NULL,0,NULL,NULL,9),(966,74,1538629200,NULL,0,NULL,71,NULL,0,NULL,NULL,9),(967,74,1541307600,NULL,0,NULL,71,NULL,0,NULL,NULL,9),(968,74,1543986000,NULL,0,NULL,71,NULL,0,NULL,NULL,9),(969,74,1546664400,NULL,0,NULL,71,NULL,0,NULL,NULL,9),(970,74,1549342800,NULL,0,NULL,71,NULL,0,NULL,NULL,9),(971,74,1552021200,NULL,0,NULL,71,NULL,0,NULL,NULL,9),(972,74,1554699600,NULL,0,NULL,71,NULL,0,NULL,NULL,9),(973,74,1557378000,NULL,0,NULL,71,NULL,0,NULL,NULL,9),(974,74,1560056400,NULL,0,NULL,71,NULL,0,NULL,NULL,9),(975,74,1562734800,NULL,0,NULL,71,NULL,0,NULL,NULL,9),(976,74,1565413200,NULL,0,NULL,71,NULL,0,NULL,NULL,9),(977,74,1568091600,NULL,0,NULL,71,NULL,0,NULL,NULL,9),(978,74,1570770000,NULL,0,NULL,71,NULL,0,NULL,NULL,9),(979,74,1573448400,NULL,0,NULL,71,NULL,0,NULL,NULL,9),(980,74,1576126800,NULL,0,NULL,71,NULL,0,NULL,NULL,9),(981,74,1578805200,NULL,0,NULL,71,NULL,0,NULL,NULL,9),(982,74,1581483600,NULL,0,NULL,71,NULL,0,NULL,NULL,9),(983,74,1584162000,NULL,0,NULL,71,NULL,0,NULL,NULL,9),(984,74,1586840400,NULL,0,NULL,71,NULL,0,NULL,NULL,9),(985,74,1589518800,NULL,0,NULL,71,NULL,0,NULL,NULL,9),(986,48,1517288400,1515214800,5000,2968,32,32,0,68,1515228358,9),(987,48,1519966800,1515387600,0,2032,36,468,0,76,1515474364,9),(988,48,1522645200,NULL,0,NULL,36,NULL,0,NULL,NULL,9),(989,48,1525323600,NULL,0,NULL,36,NULL,0,NULL,NULL,9),(990,48,1528002000,NULL,0,NULL,36,NULL,0,NULL,NULL,9),(991,48,1530680400,NULL,0,NULL,36,NULL,0,NULL,NULL,9),(992,48,1533358800,NULL,0,NULL,36,NULL,0,NULL,NULL,9),(993,48,1536037200,NULL,0,NULL,36,NULL,0,NULL,NULL,9),(994,48,1538715600,NULL,0,NULL,36,NULL,0,NULL,NULL,9),(995,48,1541394000,NULL,0,NULL,36,NULL,0,NULL,NULL,9),(996,48,1544072400,NULL,0,NULL,36,NULL,0,NULL,NULL,9),(997,48,1546750800,NULL,0,NULL,36,NULL,0,NULL,NULL,9),(998,48,1549429200,NULL,0,NULL,36,NULL,0,NULL,NULL,9),(999,48,1552107600,NULL,0,NULL,36,NULL,0,NULL,NULL,9),(1000,72,1517288400,1514869200,10000,777,83,83,0,333,1514957967,9),(1001,72,1519966800,1514955600,0,359,71,71,0,333,1515046490,9),(1002,72,1522645200,1515128400,0,789,71,71,0,333,1515223670,9),(1003,72,1525323600,1515474000,0,889,71,71,0,333,1515560748,9),(1004,72,1528002000,1516665600,0,929,71,71,0,333,1516797468,9),(1005,72,1530680400,1519084800,0,929,71,71,0,333,1519193731,6),(1006,72,1533358800,1519603200,0,929,71,71,0,333,1519726723,6),(1007,72,1536037200,NULL,0,NULL,71,NULL,0,NULL,NULL,9),(1008,72,1538715600,NULL,0,NULL,71,NULL,0,NULL,NULL,9),(1009,72,1541394000,NULL,0,NULL,71,NULL,0,NULL,NULL,9),(1010,72,1544072400,NULL,0,NULL,71,NULL,0,NULL,NULL,9),(1011,72,1546750800,NULL,0,NULL,71,NULL,0,NULL,NULL,9),(1012,72,1549429200,NULL,0,NULL,71,NULL,0,NULL,NULL,9),(1013,72,1552107600,NULL,0,NULL,71,NULL,0,NULL,NULL,9),(1014,72,1554786000,NULL,0,NULL,71,NULL,0,NULL,NULL,9),(1015,72,1557464400,NULL,0,NULL,71,NULL,0,NULL,NULL,9),(1016,72,1560142800,NULL,0,NULL,71,NULL,0,NULL,NULL,9),(1017,72,1562821200,NULL,0,NULL,71,NULL,0,NULL,NULL,9),(1018,72,1565499600,NULL,0,NULL,71,NULL,0,NULL,NULL,9),(1019,72,1568178000,NULL,0,NULL,71,NULL,0,NULL,NULL,9),(1020,72,1570856400,NULL,0,NULL,71,NULL,0,NULL,NULL,9),(1021,72,1573534800,NULL,0,NULL,71,NULL,0,NULL,NULL,9),(1022,72,1576213200,NULL,0,NULL,71,NULL,0,NULL,NULL,9),(1023,72,1578891600,NULL,0,NULL,71,NULL,0,NULL,NULL,9),(1024,72,1581570000,NULL,0,NULL,71,NULL,0,NULL,NULL,9),(1025,72,1584248400,NULL,0,NULL,71,NULL,0,NULL,NULL,9),(1026,72,1586926800,NULL,0,NULL,71,NULL,0,NULL,NULL,9),(1027,72,1589605200,NULL,0,NULL,71,NULL,0,NULL,NULL,9),(1028,75,1517288400,NULL,7000,NULL,80,NULL,0,NULL,NULL,9),(1029,75,1519966800,NULL,0,NULL,36,NULL,0,NULL,NULL,9),(1030,75,1522645200,NULL,0,NULL,36,NULL,0,NULL,NULL,9),(1031,75,1525323600,NULL,0,NULL,36,NULL,0,NULL,NULL,9),(1032,75,1528002000,NULL,0,NULL,36,NULL,0,NULL,NULL,9),(1033,75,1530680400,NULL,0,NULL,36,NULL,0,NULL,NULL,9),(1034,75,1533358800,NULL,0,NULL,36,NULL,0,NULL,NULL,9),(1035,75,1536037200,NULL,0,NULL,36,NULL,0,NULL,NULL,9),(1036,75,1538715600,NULL,0,NULL,36,NULL,0,NULL,NULL,9),(1037,75,1541394000,NULL,0,NULL,36,NULL,0,NULL,NULL,9),(1038,75,1544072400,NULL,0,NULL,36,NULL,0,NULL,NULL,9),(1039,75,1546750800,NULL,0,NULL,36,NULL,0,NULL,NULL,9),(1040,75,1549429200,NULL,0,NULL,36,NULL,0,NULL,NULL,9),(1041,75,1552107600,NULL,0,NULL,36,NULL,0,NULL,NULL,9),(1042,75,1554786000,NULL,0,NULL,36,NULL,0,NULL,NULL,9),(1043,75,1557464400,NULL,0,NULL,36,NULL,0,NULL,NULL,9),(1044,75,1560142800,NULL,0,NULL,36,NULL,0,NULL,NULL,9),(1045,75,1562821200,NULL,0,NULL,36,NULL,0,NULL,NULL,9),(1046,75,1565499600,NULL,0,NULL,36,NULL,0,NULL,NULL,9),(1047,75,1568178000,NULL,0,NULL,36,NULL,0,NULL,NULL,9),(1048,75,1570856400,NULL,0,NULL,36,NULL,0,NULL,NULL,9),(1049,75,1517288400,NULL,7000,NULL,80,NULL,0,NULL,NULL,9),(1050,75,1519966800,NULL,0,NULL,36,NULL,0,NULL,NULL,9),(1051,75,1522645200,NULL,0,NULL,36,NULL,0,NULL,NULL,9),(1052,75,1525323600,NULL,0,NULL,36,NULL,0,NULL,NULL,9),(1053,75,1528002000,NULL,0,NULL,36,NULL,0,NULL,NULL,9),(1054,75,1530680400,NULL,0,NULL,36,NULL,0,NULL,NULL,9),(1055,75,1533358800,NULL,0,NULL,36,NULL,0,NULL,NULL,9),(1056,75,1536037200,NULL,0,NULL,36,NULL,0,NULL,NULL,9),(1057,75,1538715600,NULL,0,NULL,36,NULL,0,NULL,NULL,9),(1058,75,1541394000,NULL,0,NULL,36,NULL,0,NULL,NULL,9),(1059,75,1544072400,NULL,0,NULL,36,NULL,0,NULL,NULL,9),(1060,75,1546750800,NULL,0,NULL,36,NULL,0,NULL,NULL,9),(1061,75,1549429200,NULL,0,NULL,36,NULL,0,NULL,NULL,9),(1062,75,1552107600,NULL,0,NULL,36,NULL,0,NULL,NULL,9),(1063,75,1554786000,NULL,0,NULL,36,NULL,0,NULL,NULL,9),(1064,75,1557464400,NULL,0,NULL,36,NULL,0,NULL,NULL,9),(1065,75,1560142800,NULL,0,NULL,36,NULL,0,NULL,NULL,9),(1066,75,1562821200,NULL,0,NULL,36,NULL,0,NULL,NULL,9),(1067,75,1565499600,NULL,0,NULL,36,NULL,0,NULL,NULL,9),(1068,75,1568178000,NULL,0,NULL,36,NULL,0,NULL,NULL,9),(1069,75,1570856400,NULL,0,NULL,36,NULL,0,NULL,NULL,9),(1070,76,1517288400,NULL,7000,NULL,80,NULL,0,NULL,NULL,9),(1071,76,1519966800,NULL,0,NULL,36,NULL,0,NULL,NULL,9),(1072,76,1522645200,NULL,0,NULL,36,NULL,0,NULL,NULL,9),(1073,76,1525323600,NULL,0,NULL,36,NULL,0,NULL,NULL,9),(1074,76,1528002000,NULL,0,NULL,36,NULL,0,NULL,NULL,9),(1075,76,1530680400,NULL,0,NULL,36,NULL,0,NULL,NULL,9),(1076,76,1533358800,NULL,0,NULL,36,NULL,0,NULL,NULL,9),(1077,76,1536037200,NULL,0,NULL,36,NULL,0,NULL,NULL,9),(1078,76,1538715600,NULL,0,NULL,36,NULL,0,NULL,NULL,9),(1079,76,1541394000,NULL,0,NULL,36,NULL,0,NULL,NULL,9),(1080,76,1544072400,NULL,0,NULL,36,NULL,0,NULL,NULL,9),(1081,76,1546750800,NULL,0,NULL,36,NULL,0,NULL,NULL,9),(1082,76,1549429200,NULL,0,NULL,36,NULL,0,NULL,NULL,9),(1083,76,1552107600,NULL,0,NULL,36,NULL,0,NULL,NULL,9),(1084,76,1554786000,NULL,0,NULL,36,NULL,0,NULL,NULL,9),(1085,76,1557464400,NULL,0,NULL,36,NULL,0,NULL,NULL,9),(1086,76,1560142800,NULL,0,NULL,36,NULL,0,NULL,NULL,9),(1087,76,1562821200,NULL,0,NULL,36,NULL,0,NULL,NULL,9),(1088,76,1565499600,NULL,0,NULL,36,NULL,0,NULL,NULL,9),(1089,76,1568178000,NULL,0,NULL,36,NULL,0,NULL,NULL,9),(1090,76,1570856400,NULL,0,NULL,36,NULL,0,NULL,NULL,9),(1091,77,1517288400,1517461200,7000,320,80,80,0,333,1514872454,9),(1092,77,1519966800,1514869200,0,364,36,36,0,333,1514957943,9),(1093,77,1522645200,1514955600,0,364,36,36,0,333,1515046323,9),(1094,77,1525323600,1515042000,0,364,36,36,0,333,1515134870,9),(1095,77,1528002000,1515128400,0,364,36,36,0,333,1515223704,9),(1096,77,1530680400,1515301200,0,334,36,36,0,333,1515389311,9),(1097,77,1533358800,1515387600,0,364,36,36,0,333,1515474081,9),(1098,77,1536037200,1515560400,0,364,36,36,0,333,1515646927,9),(1099,77,1538715600,1515646800,0,364,36,36,0,333,1515732546,9),(1100,77,1541394000,1515801600,0,364,36,36,0,333,1515994023,9),(1101,77,1544072400,1515974400,0,664,36,36,0,333,1516703361,9),(1102,77,1546750800,1515974400,0,2770,36,260,0,333,1516703375,9),(1103,77,1549429200,1516060800,0,0,36,100,0,333,1516703394,9),(1104,77,1552107600,NULL,0,NULL,36,NULL,0,NULL,NULL,9),(1105,77,1554786000,NULL,0,NULL,36,NULL,0,NULL,NULL,9),(1106,77,1557464400,NULL,0,NULL,36,NULL,0,NULL,NULL,9),(1107,77,1560142800,NULL,0,NULL,36,NULL,0,NULL,NULL,9),(1108,77,1562821200,NULL,0,NULL,36,NULL,0,NULL,NULL,9),(1109,77,1565499600,NULL,0,NULL,36,NULL,0,NULL,NULL,9),(1110,77,1568178000,NULL,0,NULL,36,NULL,0,NULL,NULL,9),(1111,77,1570856400,NULL,0,NULL,36,NULL,0,NULL,NULL,9),(1112,78,1520139600,NULL,5000,NULL,32,NULL,0,NULL,NULL,9),(1113,78,1522818000,NULL,0,NULL,36,NULL,0,NULL,NULL,9),(1114,78,1525496400,NULL,0,NULL,36,NULL,0,NULL,NULL,9),(1115,78,1528174800,NULL,0,NULL,36,NULL,0,NULL,NULL,9),(1116,78,1530853200,NULL,0,NULL,36,NULL,0,NULL,NULL,9),(1117,78,1533531600,NULL,0,NULL,36,NULL,0,NULL,NULL,9),(1118,78,1536210000,NULL,0,NULL,36,NULL,0,NULL,NULL,9),(1119,78,1538888400,NULL,0,NULL,36,NULL,0,NULL,NULL,9),(1120,78,1541566800,NULL,0,NULL,36,NULL,0,NULL,NULL,9),(1121,78,1544245200,NULL,0,NULL,36,NULL,0,NULL,NULL,9),(1122,78,1546923600,NULL,0,NULL,36,NULL,0,NULL,NULL,9),(1123,78,1549602000,NULL,0,NULL,36,NULL,0,NULL,NULL,9),(1124,78,1552280400,NULL,0,NULL,36,NULL,0,NULL,NULL,9),(1125,78,1554958800,NULL,0,NULL,36,NULL,0,NULL,NULL,9),(1126,13,NULL,1513659600,NULL,7050,NULL,0,0,7050,1514892635,6),(1127,7,NULL,1514350800,NULL,1900,NULL,0,0,1204,1514892666,6),(1128,18,NULL,1514437200,NULL,1000,NULL,0,0,9457,1514893086,6),(1129,28,NULL,1514437200,NULL,1200,NULL,0,0,8,1514893124,6),(1130,2,NULL,1514869200,NULL,3000,NULL,0,0,124,1514893396,6),(1131,2,NULL,1514869200,NULL,3300,NULL,0,0,2145,1514893405,6),(1132,5,NULL,1510030800,NULL,5400,NULL,0,0,7512,1514893457,6),(1133,5,NULL,1513746000,NULL,1150,NULL,0,0,2103,1514893473,6),(1134,81,1517547600,1514955600,5000,368,32,32,0,333,1515046438,9),(1135,81,1520226000,1515042000,0,364,36,36,0,333,1515134841,9),(1136,81,1522904400,1515128400,0,364,36,36,0,333,1515223604,9),(1137,81,1525582800,1515214800,0,364,36,36,0,333,1515389200,9),(1138,81,1528261200,1515387600,0,364,36,36,0,333,1515474042,9),(1139,81,1530939600,1515560400,0,364,36,36,0,333,1515646979,9),(1140,81,1533618000,1515646800,0,364,36,36,0,333,1515732609,9),(1141,81,1536296400,1515801600,0,364,36,36,0,333,1517042205,9),(1142,81,1538974800,1515888000,0,364,36,36,0,333,1517042220,9),(1143,81,1541653200,1515024000,0,364,36,36,0,333,1517042246,9),(1144,81,1544331600,1516147200,0,1356,36,144,0,333,1517042263,9),(1145,81,1547010000,NULL,0,NULL,36,NULL,0,NULL,NULL,5),(1146,81,1549688400,NULL,0,NULL,36,NULL,0,NULL,NULL,5),(1147,81,1552366800,NULL,0,NULL,36,NULL,0,NULL,NULL,5),(1148,84,1517547600,1515042000,4000,614,36,36,0,58,1515134814,9),(1149,84,1520226000,1515214800,0,622,28,28,0,69,1515239167,9),(1150,84,1522904400,1515387600,0,2764,28,336,0,333,1515474163,9),(1151,84,1525582800,NULL,0,NULL,28,NULL,0,NULL,NULL,9),(1152,84,1528261200,NULL,0,NULL,28,NULL,0,NULL,NULL,9),(1153,84,1530939600,NULL,0,NULL,28,NULL,0,NULL,NULL,9),(1154,84,1533618000,NULL,0,NULL,28,NULL,0,NULL,NULL,9),(1155,84,1536296400,NULL,0,NULL,28,NULL,0,NULL,NULL,9),(1156,84,1538974800,NULL,0,NULL,28,NULL,0,NULL,NULL,9),(1157,84,1541653200,NULL,0,NULL,28,NULL,0,NULL,NULL,9),(1158,84,1544331600,NULL,0,NULL,28,NULL,0,NULL,NULL,9),(1159,84,1547010000,NULL,0,NULL,28,NULL,0,NULL,NULL,9),(1160,84,1549688400,NULL,0,NULL,28,NULL,0,NULL,NULL,9),(1161,84,1552366800,NULL,0,NULL,28,NULL,0,NULL,NULL,9),(1162,85,1517547600,1516050000,5500,0,2590,1500,0,333,1522940623,9),(1163,85,1520226000,1522357200,6000,0,2542,1000,0,333,1522939114,9),(1164,85,1522904400,NULL,6000,NULL,2542,NULL,0,NULL,NULL,9),(1165,85,1525582800,NULL,6000,NULL,2542,NULL,0,NULL,NULL,9),(1166,85,1528261200,NULL,6000,NULL,2542,NULL,0,NULL,NULL,9),(1167,85,1530939600,NULL,6000,NULL,2542,NULL,0,NULL,NULL,9),(1168,86,1517806800,NULL,-1000,NULL,930,NULL,0,NULL,NULL,9),(1169,86,1520485200,NULL,4000,NULL,897,NULL,0,NULL,NULL,9),(1170,86,1523163600,NULL,4000,NULL,897,NULL,0,NULL,NULL,9),(1171,86,1525842000,NULL,4000,NULL,897,NULL,0,NULL,NULL,9),(1172,86,1528520400,NULL,4000,NULL,897,NULL,0,NULL,NULL,9),(1173,86,1531198800,NULL,4000,NULL,897,NULL,0,NULL,NULL,9),(1174,86,1533877200,NULL,4000,NULL,897,NULL,0,NULL,NULL,9),(1175,86,1536555600,NULL,4000,NULL,897,NULL,0,NULL,NULL,9),(1176,86,1539234000,NULL,4000,NULL,897,NULL,0,NULL,NULL,9),(1177,86,1541912400,NULL,4000,NULL,897,NULL,0,NULL,NULL,9),(1178,86,1544590800,NULL,4000,NULL,897,NULL,0,NULL,NULL,9),(1179,87,1517806800,NULL,8554,NULL,1212,NULL,0,NULL,NULL,9),(1180,87,1520485200,NULL,5000,NULL,1208,NULL,0,NULL,NULL,9),(1181,87,1523163600,NULL,5000,NULL,1208,NULL,0,NULL,NULL,9),(1182,87,1525842000,NULL,5000,NULL,1208,NULL,0,NULL,NULL,9),(1183,87,1528520400,NULL,5000,NULL,1208,NULL,0,NULL,NULL,9),(1184,87,1531198800,NULL,5000,NULL,1208,NULL,0,NULL,NULL,9),(1185,87,1533877200,NULL,5000,NULL,1208,NULL,0,NULL,NULL,9),(1186,87,1536555600,NULL,5000,NULL,1208,NULL,0,NULL,NULL,9),(1187,87,1539234000,NULL,5000,NULL,1208,NULL,0,NULL,NULL,9),(1188,87,1541912400,NULL,5000,NULL,1208,NULL,0,NULL,NULL,9),(1189,87,1544590800,NULL,5000,NULL,1208,NULL,0,NULL,NULL,9),(1190,87,1547269200,NULL,5000,NULL,1208,NULL,0,NULL,NULL,9),(1191,88,1517806800,NULL,3800,NULL,105,NULL,0,NULL,NULL,9),(1192,88,1520485200,NULL,0,NULL,95,NULL,0,NULL,NULL,9),(1193,88,1523163600,NULL,0,NULL,95,NULL,0,NULL,NULL,9),(1194,88,1525842000,NULL,0,NULL,95,NULL,0,NULL,NULL,9),(1195,88,1528520400,NULL,0,NULL,95,NULL,0,NULL,NULL,9),(1196,88,1531198800,NULL,0,NULL,95,NULL,0,NULL,NULL,9),(1197,88,1533877200,NULL,0,NULL,95,NULL,0,NULL,NULL,9),(1198,88,1536555600,NULL,0,NULL,95,NULL,0,NULL,NULL,9),(1199,88,1539234000,NULL,0,NULL,95,NULL,0,NULL,NULL,9),(1200,88,1541912400,NULL,0,NULL,95,NULL,0,NULL,NULL,9),(1201,88,1544590800,NULL,0,NULL,95,NULL,0,NULL,NULL,9),(1202,88,1547269200,NULL,0,NULL,95,NULL,0,NULL,NULL,9),(1203,82,1517547600,NULL,2000,NULL,18,NULL,0,NULL,NULL,5),(1204,82,1520226000,NULL,0,NULL,14,NULL,0,NULL,NULL,5),(1205,82,1522904400,NULL,0,NULL,14,NULL,0,NULL,NULL,5),(1206,82,1525582800,NULL,0,NULL,14,NULL,0,NULL,NULL,5),(1207,82,1528261200,NULL,0,NULL,14,NULL,0,NULL,NULL,5),(1208,82,1530939600,NULL,0,NULL,14,NULL,0,NULL,NULL,5),(1209,82,1533618000,NULL,0,NULL,14,NULL,0,NULL,NULL,5),(1210,82,1536296400,NULL,0,NULL,14,NULL,0,NULL,NULL,5),(1211,82,1538974800,NULL,0,NULL,14,NULL,0,NULL,NULL,5),(1212,82,1541653200,NULL,0,NULL,14,NULL,0,NULL,NULL,5),(1213,82,1544331600,NULL,0,NULL,14,NULL,0,NULL,NULL,5),(1214,82,1547010000,NULL,0,NULL,14,NULL,0,NULL,NULL,5),(1215,82,1549688400,NULL,0,NULL,14,NULL,0,NULL,NULL,5),(1216,82,1552366800,NULL,0,NULL,14,NULL,0,NULL,NULL,5),(1217,82,1517547600,NULL,2000,NULL,18,NULL,0,NULL,NULL,5),(1218,82,1520226000,NULL,0,NULL,14,NULL,0,NULL,NULL,5),(1219,82,1522904400,NULL,0,NULL,14,NULL,0,NULL,NULL,5),(1220,82,1525582800,NULL,0,NULL,14,NULL,0,NULL,NULL,5),(1221,82,1528261200,NULL,0,NULL,14,NULL,0,NULL,NULL,5),(1222,82,1530939600,NULL,0,NULL,14,NULL,0,NULL,NULL,5),(1223,82,1533618000,NULL,0,NULL,14,NULL,0,NULL,NULL,5),(1224,82,1536296400,NULL,0,NULL,14,NULL,0,NULL,NULL,5),(1225,82,1538974800,NULL,0,NULL,14,NULL,0,NULL,NULL,5),(1226,82,1541653200,NULL,0,NULL,14,NULL,0,NULL,NULL,5),(1227,82,1544331600,NULL,0,NULL,14,NULL,0,NULL,NULL,5),(1228,82,1547010000,NULL,0,NULL,14,NULL,0,NULL,NULL,5),(1229,82,1549688400,NULL,0,NULL,14,NULL,0,NULL,NULL,5),(1230,82,1552366800,NULL,0,NULL,14,NULL,0,NULL,NULL,5),(1231,90,1517547600,1515214800,2000,622,18,18,0,333,1515242531,9),(1232,90,1520226000,1515646800,0,786,14,14,0,333,1515672650,9),(1233,90,1522904400,1516320000,0,592,14,168,0,333,1516704851,9),(1234,90,1525582800,NULL,0,NULL,14,NULL,0,NULL,NULL,5),(1235,90,1528261200,NULL,0,NULL,14,NULL,0,NULL,NULL,5),(1236,90,1530939600,NULL,0,NULL,14,NULL,0,NULL,NULL,5),(1237,90,1533618000,NULL,0,NULL,14,NULL,0,NULL,NULL,5),(1238,90,1536296400,NULL,0,NULL,14,NULL,0,NULL,NULL,5),(1239,90,1538974800,NULL,0,NULL,14,NULL,0,NULL,NULL,5),(1240,90,1541653200,NULL,0,NULL,14,NULL,0,NULL,NULL,5),(1241,90,1544331600,NULL,0,NULL,14,NULL,0,NULL,NULL,5),(1242,90,1547010000,NULL,0,NULL,14,NULL,0,NULL,NULL,5),(1243,90,1549688400,NULL,0,NULL,14,NULL,0,NULL,NULL,5),(1244,90,1552366800,NULL,0,NULL,14,NULL,0,NULL,NULL,5),(1245,91,1517547600,1518998400,6000,6000,41,600,0,111,1519048161,6),(1246,91,1520226000,NULL,0,NULL,43,NULL,0,NULL,NULL,5),(1247,91,1522904400,NULL,0,NULL,43,NULL,0,NULL,NULL,5),(1248,91,1525582800,NULL,0,NULL,43,NULL,0,NULL,NULL,5),(1249,91,1528261200,NULL,0,NULL,43,NULL,0,NULL,NULL,5),(1250,91,1530939600,NULL,0,NULL,43,NULL,0,NULL,NULL,5),(1251,91,1533618000,NULL,0,NULL,43,NULL,0,NULL,NULL,5),(1252,91,1536296400,NULL,0,NULL,43,NULL,0,NULL,NULL,5),(1253,91,1538974800,NULL,0,NULL,43,NULL,0,NULL,NULL,5),(1254,91,1541653200,NULL,0,NULL,43,NULL,0,NULL,NULL,5),(1255,91,1544331600,NULL,0,NULL,43,NULL,0,NULL,NULL,5),(1256,91,1547010000,NULL,0,NULL,43,NULL,0,NULL,NULL,5),(1257,91,1549688400,NULL,0,NULL,43,NULL,0,NULL,NULL,5),(1258,91,1552366800,NULL,0,NULL,43,NULL,0,NULL,NULL,5),(1259,94,1517806800,NULL,-1000,NULL,1070,NULL,0,NULL,NULL,6),(1260,94,1520485200,NULL,4000,NULL,1053,NULL,0,NULL,NULL,6),(1261,94,1523163600,NULL,4000,NULL,1053,NULL,0,NULL,NULL,6),(1262,94,1525842000,NULL,4000,NULL,1053,NULL,0,NULL,NULL,6),(1263,94,1528520400,NULL,4000,NULL,1053,NULL,0,NULL,NULL,6),(1264,94,1531198800,NULL,4000,NULL,1053,NULL,0,NULL,NULL,6),(1265,94,1533877200,NULL,4000,NULL,1053,NULL,0,NULL,NULL,6),(1266,94,1536555600,NULL,4000,NULL,1053,NULL,0,NULL,NULL,6),(1267,94,1539234000,NULL,4000,NULL,1053,NULL,0,NULL,NULL,6),(1268,94,1541912400,NULL,4000,NULL,1053,NULL,0,NULL,NULL,6),(1269,94,1544590800,NULL,4000,NULL,1053,NULL,0,NULL,NULL,6),(1270,95,1517806800,1515301200,6200,4306,1694,1694,0,2104,1515508729,6),(1271,95,1520485200,1517788800,8000,5304,1696,1696,0,111,1517919354,9),(1272,95,1523163600,1517961600,8000,1004,1696,1696,0,111,1517984405,9),(1273,95,1525842000,1520035200,8000,7204,1696,1696,0,333,1520231499,6),(1274,95,1528520400,1529442000,8000,0,1696,1300,0,111,1529556340,9),(1275,95,1531198800,1521417600,8000,0,1696,400,0,333,1521635883,9),(1276,95,1533877200,1521838800,8000,0,1696,700,0,111,1522938964,9),(1277,95,1536555600,1522875600,8000,6304,1696,1696,0,111,1522941592,9),(1278,95,1539234000,1525554000,8000,6804,1696,1696,0,333,1526398381,9),(1279,95,1541912400,1528664400,8000,0,1696,1000,0,333,1528969053,9),(1280,95,1544590800,1529442000,8000,2004,1696,1696,0,111,1529556356,9),(1281,95,1547269200,1530824400,8000,9304,1696,1696,0,222,1531210564,9),(1282,96,1517806800,1516665600,5000,0,886,600,0,111,1517550810,9),(1283,96,1520485200,1517356800,3000,276,874,874,0,111,1517550833,9),(1284,96,1523163600,1522270800,3000,2366,874,874,0,333,1522939053,9),(1285,96,1525842000,1522616400,3000,526,874,874,0,333,1522939066,9),(1286,96,1528520400,1523566800,3000,626,874,874,0,333,1524064479,9),(1287,96,1531198800,1526590800,3000,426,874,874,0,111,1527136302,9),(1288,96,1533877200,1525640400,3000,626,874,874,0,111,1527139431,9),(1289,96,1536555600,1528405200,3000,226,874,874,0,333,1528530029,9),(1290,96,1539234000,1529614800,3000,326,874,874,0,333,1529743889,6),(1291,96,1541912400,1531429200,3000,226,874,874,0,111,1531713774,9),(1292,96,1544590800,NULL,3000,NULL,874,NULL,0,NULL,NULL,6),(1293,96,1547269200,NULL,3000,NULL,874,NULL,0,NULL,NULL,6),(1294,98,1517634000,1515128400,4000,604,36,36,0,333,1515504654,9),(1295,98,1520312400,1515387600,0,972,28,28,0,72,1515504691,9),(1296,98,1522990800,1515474000,0,612,28,28,0,86,1515504704,9),(1297,98,1525669200,1515974400,0,972,28,28,0,333,1516788809,9),(1298,98,1528347600,1516147200,0,840,28,280,0,333,1516789330,9),(1299,98,1531026000,NULL,0,NULL,28,NULL,0,NULL,NULL,9),(1300,98,1533704400,NULL,0,NULL,28,NULL,0,NULL,NULL,9),(1301,98,1536382800,NULL,0,NULL,28,NULL,0,NULL,NULL,9),(1302,98,1539061200,NULL,0,NULL,28,NULL,0,NULL,NULL,9),(1303,98,1541739600,NULL,0,NULL,28,NULL,0,NULL,NULL,9),(1304,98,1544418000,NULL,0,NULL,28,NULL,0,NULL,NULL,9),(1305,98,1547096400,NULL,0,NULL,28,NULL,0,NULL,NULL,9),(1306,98,1549774800,NULL,0,NULL,28,NULL,0,NULL,NULL,9),(1307,98,1552453200,NULL,0,NULL,28,NULL,0,NULL,NULL,9),(1308,89,1517634000,1516838400,3000,1503,27,27,0,333,1517983459,9),(1309,89,1520312400,1517270400,0,1497,21,203,0,333,1517983468,9),(1310,89,1522990800,1517443200,0,0,21,70,0,333,1517983527,9),(1311,89,1525669200,NULL,0,NULL,21,NULL,0,NULL,1517562692,9),(1312,89,1528347600,NULL,0,NULL,21,NULL,0,NULL,NULL,9),(1313,89,1531026000,NULL,0,NULL,21,NULL,0,NULL,NULL,9),(1314,89,1533704400,NULL,0,NULL,21,NULL,0,NULL,NULL,9),(1315,89,1536382800,NULL,0,NULL,21,NULL,0,NULL,NULL,9),(1316,89,1539061200,NULL,0,NULL,21,NULL,0,NULL,NULL,9),(1317,89,1541739600,NULL,0,NULL,21,NULL,0,NULL,NULL,9),(1318,89,1544418000,NULL,0,NULL,21,NULL,0,NULL,NULL,9),(1319,89,1547096400,NULL,0,NULL,21,NULL,0,NULL,NULL,9),(1320,89,1549774800,NULL,0,NULL,21,NULL,0,NULL,NULL,9),(1321,89,1552453200,NULL,0,NULL,21,NULL,0,NULL,NULL,9),(1322,83,1517634000,NULL,5000,NULL,32,NULL,0,NULL,NULL,9),(1323,83,1520312400,NULL,0,NULL,36,NULL,0,NULL,NULL,9),(1324,83,1522990800,NULL,0,NULL,36,NULL,0,NULL,NULL,9),(1325,83,1525669200,NULL,0,NULL,36,NULL,0,NULL,NULL,9),(1326,83,1528347600,NULL,0,NULL,36,NULL,0,NULL,NULL,9),(1327,83,1531026000,NULL,0,NULL,36,NULL,0,NULL,NULL,9),(1328,83,1533704400,NULL,0,NULL,36,NULL,0,NULL,NULL,9),(1329,83,1536382800,NULL,0,NULL,36,NULL,0,NULL,NULL,9),(1330,83,1539061200,NULL,0,NULL,36,NULL,0,NULL,NULL,9),(1331,83,1541739600,NULL,0,NULL,36,NULL,0,NULL,NULL,9),(1332,83,1544418000,NULL,0,NULL,36,NULL,0,NULL,NULL,9),(1333,83,1547096400,NULL,0,NULL,36,NULL,0,NULL,NULL,9),(1334,83,1549774800,NULL,0,NULL,36,NULL,0,NULL,NULL,9),(1335,83,1552453200,NULL,0,NULL,36,NULL,0,NULL,NULL,9),(1336,92,1517720400,1515733200,2000,1082,18,18,0,333,1515761582,9),(1337,92,1520398800,1516665600,0,918,14,182,0,6,1516701594,9),(1338,92,1523077200,NULL,0,NULL,14,NULL,0,NULL,NULL,6),(1339,92,1525755600,NULL,0,NULL,14,NULL,0,NULL,NULL,6),(1340,92,1528434000,NULL,0,NULL,14,NULL,0,NULL,NULL,6),(1341,92,1531112400,NULL,0,NULL,14,NULL,0,NULL,NULL,6),(1342,92,1533790800,NULL,0,NULL,14,NULL,0,NULL,NULL,6),(1343,92,1536469200,NULL,0,NULL,14,NULL,0,NULL,NULL,6),(1344,92,1539147600,NULL,0,NULL,14,NULL,0,NULL,NULL,6),(1345,92,1541826000,NULL,0,NULL,14,NULL,0,NULL,NULL,6),(1346,92,1544504400,NULL,0,NULL,14,NULL,0,NULL,NULL,6),(1347,92,1547182800,NULL,0,NULL,14,NULL,0,NULL,NULL,6),(1348,92,1549861200,NULL,0,NULL,14,NULL,0,NULL,NULL,6),(1349,92,1552539600,NULL,0,NULL,14,NULL,0,NULL,NULL,6),(1350,99,1517806800,1517788800,12000,3300,1700,1700,0,105,1517919319,9),(1351,99,1520485200,1517875200,8000,800,1700,1700,0,108,1517982146,9),(1352,99,1523163600,1519862400,8000,3300,1700,1700,0,222,1520231346,6),(1353,99,1525842000,1520035200,8000,3300,1700,1700,0,222,1520231359,6),(1354,99,1528520400,1525640400,8000,8300,1700,1700,0,222,1526398744,9),(1355,99,1531198800,NULL,8000,NULL,1700,NULL,0,NULL,NULL,6),(1356,99,1533877200,NULL,8000,NULL,1700,NULL,0,NULL,NULL,6),(1357,99,1536555600,NULL,8000,NULL,1700,NULL,0,NULL,NULL,6),(1358,99,1539234000,NULL,8000,NULL,1700,NULL,0,NULL,NULL,6),(1359,99,1541912400,NULL,8000,NULL,1700,NULL,0,NULL,NULL,6),(1360,99,1544590800,NULL,8000,NULL,1700,NULL,0,NULL,NULL,6),(1361,99,1547269200,NULL,8000,NULL,1700,NULL,0,NULL,NULL,6),(1362,101,1517720400,NULL,3000,NULL,27,NULL,0,NULL,NULL,6),(1363,101,1520398800,NULL,0,NULL,21,NULL,0,NULL,NULL,6),(1364,101,1523077200,NULL,0,NULL,21,NULL,0,NULL,NULL,6),(1365,101,1525755600,NULL,0,NULL,21,NULL,0,NULL,NULL,6),(1366,101,1528434000,NULL,0,NULL,21,NULL,0,NULL,NULL,6),(1367,101,1531112400,NULL,0,NULL,21,NULL,0,NULL,NULL,6),(1368,101,1533790800,NULL,0,NULL,21,NULL,0,NULL,NULL,6),(1369,101,1536469200,NULL,0,NULL,21,NULL,0,NULL,NULL,6),(1370,101,1539147600,NULL,0,NULL,21,NULL,0,NULL,NULL,6),(1371,101,1541826000,NULL,0,NULL,21,NULL,0,NULL,NULL,6),(1372,101,1544504400,NULL,0,NULL,21,NULL,0,NULL,NULL,6),(1373,101,1547182800,NULL,0,NULL,21,NULL,0,NULL,NULL,6),(1374,101,1549861200,NULL,0,NULL,21,NULL,0,NULL,NULL,6),(1375,101,1552539600,NULL,0,NULL,21,NULL,0,NULL,NULL,6),(1376,18,NULL,1514869200,NULL,700,NULL,0,0,2536,1515059559,6),(1377,28,NULL,1514955600,NULL,1000,NULL,0,0,37195,1515059594,6),(1378,97,1517720400,1515128400,4000,364,36,36,0,333,1515223797,9),(1379,97,1520398800,1515301200,0,422,28,28,0,333,1515389363,9),(1380,97,1523077200,1515474000,0,922,28,28,0,333,1515560783,9),(1381,97,1525755600,1515646800,0,2292,28,308,0,333,1515672815,9),(1382,97,1528434000,NULL,0,NULL,28,NULL,0,NULL,NULL,9),(1383,97,1531112400,NULL,0,NULL,28,NULL,0,NULL,NULL,9),(1384,97,1533790800,NULL,0,NULL,28,NULL,0,NULL,NULL,9),(1385,97,1536469200,NULL,0,NULL,28,NULL,0,NULL,NULL,9),(1386,97,1539147600,NULL,0,NULL,28,NULL,0,NULL,NULL,9),(1387,97,1541826000,NULL,0,NULL,28,NULL,0,NULL,NULL,9),(1388,97,1544504400,NULL,0,NULL,28,NULL,0,NULL,NULL,9),(1389,97,1547182800,NULL,0,NULL,28,NULL,0,NULL,NULL,9),(1390,97,1549861200,NULL,0,NULL,28,NULL,0,NULL,NULL,9),(1391,97,1552539600,NULL,0,NULL,28,NULL,0,NULL,NULL,9),(1392,41,NULL,1515128400,NULL,600,NULL,400,0,1111,1515147258,6),(1393,41,NULL,1515128400,NULL,19850,NULL,0,0,111,1515147786,6),(1394,104,1517806800,1515974400,1000,730,770,770,0,1111,1516618334,6),(1395,104,1520485200,1516492800,3000,840,760,760,0,111,1517550972,9),(1396,104,1523163600,1516579200,3000,0,760,400,0,111,1517551000,9),(1397,104,1525842000,1517270400,3000,0,760,500,0,111,1517551027,9),(1398,104,1528520400,1515974400,3000,740,760,760,0,111,1517552145,9),(1399,104,1531198800,1518480000,3000,240,760,760,0,111,1518783218,9),(1400,104,1533877200,1518825600,3000,2740,760,760,0,111,1518851636,9),(1401,104,1536555600,1521072000,3000,2740,760,760,0,111,1521204013,9),(1402,104,1539234000,1523653200,3000,2690,760,760,0,111,1524064521,9),(1403,106,1517806800,1515704400,7000,750,1500,1500,0,111,1523623277,9),(1404,106,1520485200,1516222800,8000,0,1500,1000,0,111,1523623303,9),(1405,103,1517806800,1515301200,3000,213,27,27,0,333,1515389272,9),(1406,103,1520485200,1515387600,0,229,21,21,0,333,1515474291,9),(1407,103,1523163600,1515474000,0,219,21,21,0,88,1515505803,9),(1408,103,1525842000,1515560400,0,209,21,21,0,333,1515646888,9),(1409,103,1528520400,1515646800,0,219,21,21,0,333,1515732682,9),(1410,103,1531198800,1515801600,0,219,21,21,0,333,1516789561,9),(1411,103,1533877200,1515888000,0,236,21,21,0,333,1516789574,9),(1412,103,1536555600,1515974400,0,219,21,21,0,333,1516789590,9),(1413,103,1539234000,1516147200,0,219,21,21,0,333,1516789605,9),(1414,103,1541912400,1516406400,0,219,21,21,0,333,1516789621,9),(1415,103,1544590800,1516752000,0,199,21,21,0,333,1516789638,9),(1416,103,1547269200,1519171200,0,479,21,21,0,333,1519195287,6),(1417,103,1549947600,1529528400,0,121,21,42,0,555,1529555040,9),(1418,103,1552626000,NULL,0,NULL,21,NULL,0,NULL,NULL,9),(1419,102,1517806800,1515214800,5000,368,32,32,0,333,1515389134,9),(1420,102,1520485200,1515387600,0,764,36,36,0,333,1515393236,9),(1421,102,1523163600,1515474000,0,364,36,36,0,83,1515499667,9),(1422,102,1525842000,1515646800,0,364,36,36,0,333,1515672704,9),(1423,102,1528520400,1515646800,0,364,36,36,0,333,1515732575,9),(1424,102,1531198800,1515801600,0,764,36,36,0,333,1516798090,9),(1425,102,1533877200,1515888000,0,364,36,36,0,333,1516798105,9),(1426,102,1536555600,1516060800,0,364,36,36,0,333,1516798118,9),(1427,102,1539234000,1516147200,0,364,36,36,0,333,1516798130,9),(1428,102,1541912400,1516233600,0,764,36,36,0,800,1516798144,9),(1429,102,1544590800,1516665600,0,156,36,144,0,333,1516798160,9),(1430,102,1547269200,NULL,0,NULL,36,NULL,0,NULL,NULL,9),(1431,102,1549947600,NULL,0,NULL,36,NULL,0,NULL,NULL,9),(1432,102,1552626000,NULL,0,NULL,36,NULL,0,NULL,NULL,9),(1433,107,1517806800,1515369600,3000,1173,27,27,0,333,1516798961,9),(1434,107,1520485200,1515628800,0,979,21,21,0,333,1516798973,9),(1435,107,1523163600,1516924800,0,129,21,21,0,333,1517984641,9),(1436,107,1525842000,1524862800,0,479,21,21,0,666,1524905528,9),(1437,107,1528520400,1525122000,0,240,21,210,0,22,1527743220,9),(1438,107,1531198800,NULL,0,NULL,21,NULL,0,NULL,NULL,9),(1439,107,1533877200,NULL,0,NULL,21,NULL,0,NULL,NULL,9),(1440,107,1536555600,NULL,0,NULL,21,NULL,0,NULL,NULL,9),(1441,107,1539234000,NULL,0,NULL,21,NULL,0,NULL,NULL,9),(1442,107,1541912400,NULL,0,NULL,21,NULL,0,NULL,NULL,9),(1443,107,1544590800,NULL,0,NULL,21,NULL,0,NULL,NULL,9),(1444,107,1547269200,NULL,0,NULL,21,NULL,0,NULL,NULL,9),(1445,107,1549947600,NULL,0,NULL,21,NULL,0,NULL,NULL,9),(1446,107,1552626000,NULL,0,NULL,21,NULL,0,NULL,NULL,9),(1447,105,1517893200,1515974400,5000,2768,32,32,0,333,1516797974,9),(1448,105,1520571600,1516579200,0,2232,36,468,0,333,1516797984,9),(1449,105,1523250000,NULL,0,NULL,36,NULL,0,NULL,NULL,9),(1450,105,1525928400,NULL,0,NULL,36,NULL,0,NULL,NULL,9),(1451,105,1528606800,NULL,0,NULL,36,NULL,0,NULL,NULL,9),(1452,105,1531285200,NULL,0,NULL,36,NULL,0,NULL,NULL,9),(1453,105,1533963600,NULL,0,NULL,36,NULL,0,NULL,NULL,9),(1454,105,1536642000,NULL,0,NULL,36,NULL,0,NULL,NULL,9),(1455,105,1539320400,NULL,0,NULL,36,NULL,0,NULL,NULL,9),(1456,105,1541998800,NULL,0,NULL,36,NULL,0,NULL,NULL,9),(1457,105,1544677200,NULL,0,NULL,36,NULL,0,NULL,NULL,9),(1458,105,1547355600,NULL,0,NULL,36,NULL,0,NULL,NULL,9),(1459,105,1550034000,NULL,0,NULL,36,NULL,0,NULL,NULL,9),(1460,105,1552712400,NULL,0,NULL,36,NULL,0,NULL,NULL,9),(1461,110,1518066000,1515474000,3000,213,27,27,0,89,1515505849,9),(1462,110,1520744400,1515628800,0,459,21,21,0,333,1516702348,9),(1463,110,1523422800,1515715200,0,229,21,21,0,333,1516702360,9),(1464,110,1526101200,1515801600,0,209,21,21,0,333,1516702373,9),(1465,110,1528779600,1516060800,0,559,21,21,0,333,1516702455,9),(1466,110,1531458000,1516233600,0,1331,21,189,0,333,1516702473,9),(1467,110,1534136400,NULL,0,NULL,21,NULL,0,NULL,NULL,9),(1468,110,1536814800,NULL,0,NULL,21,NULL,0,NULL,NULL,9),(1469,110,1539493200,NULL,0,NULL,21,NULL,0,NULL,NULL,9),(1470,110,1542171600,NULL,0,NULL,21,NULL,0,NULL,NULL,9),(1471,110,1544850000,NULL,0,NULL,21,NULL,0,NULL,NULL,9),(1472,110,1547528400,NULL,0,NULL,21,NULL,0,NULL,NULL,9),(1473,110,1550206800,NULL,0,NULL,21,NULL,0,NULL,NULL,9),(1474,110,1552885200,NULL,0,NULL,21,NULL,0,NULL,NULL,9),(1475,115,1517634000,1515560400,3000,1573,27,127,0,91,1515589676,9),(1476,115,1520312400,1515387600,0,1427,21,173,0,333,1515474318,9),(1477,115,1522990800,NULL,0,NULL,21,NULL,0,NULL,NULL,9),(1478,115,1525669200,NULL,0,NULL,21,NULL,0,NULL,NULL,9),(1479,115,1528347600,NULL,0,NULL,21,NULL,0,NULL,NULL,9),(1480,115,1531026000,NULL,0,NULL,21,NULL,0,NULL,NULL,9),(1481,115,1533704400,NULL,0,NULL,21,NULL,0,NULL,NULL,9),(1482,115,1536382800,NULL,0,NULL,21,NULL,0,NULL,NULL,9),(1483,115,1539061200,NULL,0,NULL,21,NULL,0,NULL,NULL,9),(1484,115,1541739600,NULL,0,NULL,21,NULL,0,NULL,NULL,9),(1485,115,1544418000,NULL,0,NULL,21,NULL,0,NULL,NULL,9),(1486,115,1547096400,NULL,0,NULL,21,NULL,0,NULL,NULL,9),(1487,115,1549774800,NULL,0,NULL,21,NULL,0,NULL,NULL,9),(1488,115,1552453200,NULL,0,NULL,21,NULL,0,NULL,NULL,9),(1489,116,1518066000,1517788800,0,2475,525,525,0,111,1518872042,9),(1490,116,1520744400,1520294400,3000,2505,495,495,0,333,1520404070,6),(1491,116,1523422800,1522875600,3000,2505,495,495,0,111,1522941564,9),(1492,116,1526101200,1525467600,3000,2505,495,495,0,111,1526398778,9),(1493,116,1528779600,1528146000,3000,2505,495,495,0,333,1528531238,9),(1494,116,1531458000,NULL,3000,NULL,495,NULL,0,NULL,NULL,6),(1495,114,1518066000,NULL,3000,NULL,27,NULL,0,NULL,NULL,9),(1496,114,1520744400,NULL,0,NULL,21,NULL,0,NULL,NULL,9),(1497,114,1523422800,NULL,0,NULL,21,NULL,0,NULL,NULL,9),(1498,114,1526101200,NULL,0,NULL,21,NULL,0,NULL,NULL,9),(1499,114,1528779600,NULL,0,NULL,21,NULL,0,NULL,NULL,9),(1500,114,1531458000,NULL,0,NULL,21,NULL,0,NULL,NULL,9),(1501,114,1534136400,NULL,0,NULL,21,NULL,0,NULL,NULL,9),(1502,114,1536814800,NULL,0,NULL,21,NULL,0,NULL,NULL,9),(1503,114,1539493200,NULL,0,NULL,21,NULL,0,NULL,NULL,9),(1504,114,1542171600,NULL,0,NULL,21,NULL,0,NULL,NULL,9),(1505,114,1544850000,NULL,0,NULL,21,NULL,0,NULL,NULL,9),(1506,114,1547528400,NULL,0,NULL,21,NULL,0,NULL,NULL,9),(1507,114,1550206800,NULL,0,NULL,21,NULL,0,NULL,NULL,9),(1508,114,1552885200,NULL,0,NULL,21,NULL,0,NULL,NULL,9),(1509,118,1518066000,1515974400,5000,2468,32,32,0,333,1516798877,9),(1510,118,1520744400,1517270400,0,2532,36,468,0,333,1517317377,9),(1511,118,1523422800,NULL,0,NULL,36,NULL,0,NULL,NULL,9),(1512,118,1526101200,NULL,0,NULL,36,NULL,0,NULL,NULL,9),(1513,118,1528779600,NULL,0,NULL,36,NULL,0,NULL,NULL,9),(1514,118,1531458000,NULL,0,NULL,36,NULL,0,NULL,NULL,9),(1515,118,1534136400,NULL,0,NULL,36,NULL,0,NULL,NULL,9),(1516,118,1536814800,NULL,0,NULL,36,NULL,0,NULL,NULL,9),(1517,118,1539493200,NULL,0,NULL,36,NULL,0,NULL,NULL,9),(1518,118,1542171600,NULL,0,NULL,36,NULL,0,NULL,NULL,9),(1519,118,1544850000,NULL,0,NULL,36,NULL,0,NULL,NULL,9),(1520,118,1547528400,NULL,0,NULL,36,NULL,0,NULL,NULL,9),(1521,118,1550206800,NULL,0,NULL,36,NULL,0,NULL,NULL,9),(1522,118,1552885200,NULL,0,NULL,36,NULL,0,NULL,NULL,9),(1523,120,1518152400,1515560400,10000,470,80,80,0,333,1515647009,9),(1524,120,1520830800,1515715200,0,479,71,71,0,333,1516786801,9),(1525,120,1523509200,1515801600,0,479,71,71,0,333,1516786812,9),(1526,120,1526187600,1515888000,0,479,71,71,0,333,1516786827,9),(1527,120,1528866000,1515974400,0,479,71,71,0,333,1516786838,9),(1528,120,1531544400,1516147200,0,1579,71,71,0,333,1516786852,9),(1529,120,1534222800,1516320000,0,479,71,71,0,333,1516786865,9),(1530,120,1536901200,1516406400,0,1029,71,71,0,333,1516786876,9),(1531,120,1539579600,1516579200,0,479,71,71,0,333,1516786888,9),(1532,120,1542258000,1516665600,0,479,71,71,0,333,1518428964,9),(1533,120,1544936400,1516838400,0,1579,71,71,0,333,1518428984,9),(1534,120,1547614800,1516924800,0,479,71,71,0,333,1518429003,9),(1535,120,1550293200,1517184000,0,169,71,71,0,333,1518429033,9),(1536,120,1552971600,1517270400,0,479,71,71,0,333,1518429123,9),(1537,120,1555650000,1517356800,0,479,71,71,0,333,1518429145,9),(1538,120,1558328400,1517702400,0,384,71,426,0,333,1518429162,9),(1539,120,1561006800,NULL,0,NULL,71,NULL,0,NULL,NULL,6),(1540,120,1563685200,NULL,0,NULL,71,NULL,0,NULL,NULL,6),(1541,120,1566363600,NULL,0,NULL,71,NULL,0,NULL,NULL,6),(1542,120,1569042000,NULL,0,NULL,71,NULL,0,NULL,NULL,6),(1543,120,1571720400,NULL,0,NULL,71,NULL,0,NULL,NULL,6),(1544,119,1518152400,NULL,-3000,NULL,77,NULL,0,NULL,NULL,6),(1545,119,1520830800,NULL,1000,NULL,71,NULL,0,NULL,NULL,6),(1546,119,1523509200,NULL,1000,NULL,71,NULL,0,NULL,NULL,6),(1547,119,1526187600,NULL,1000,NULL,71,NULL,0,NULL,NULL,6),(1548,119,1528866000,NULL,1000,NULL,71,NULL,0,NULL,NULL,6),(1549,119,1531544400,NULL,1000,NULL,71,NULL,0,NULL,NULL,6),(1550,119,1534222800,NULL,1000,NULL,71,NULL,0,NULL,NULL,6),(1551,119,1536901200,NULL,1000,NULL,71,NULL,0,NULL,NULL,6),(1552,119,1539579600,NULL,1000,NULL,71,NULL,0,NULL,NULL,6),(1553,119,1542258000,NULL,1000,NULL,71,NULL,0,NULL,NULL,6),(1554,119,1544936400,NULL,1000,NULL,71,NULL,0,NULL,NULL,6),(1555,119,1547614800,NULL,1000,NULL,71,NULL,0,NULL,NULL,6),(1556,119,1550293200,NULL,1000,NULL,71,NULL,0,NULL,NULL,6),(1557,119,1552971600,NULL,1000,NULL,71,NULL,0,NULL,NULL,6),(1558,108,1518152400,1515733200,10000,1280,120,120,0,53,1515761615,9),(1559,108,1520830800,1517011200,0,8720,74,1280,0,333,1517041649,9),(1560,108,1523509200,1517270400,0,0,74,150,0,333,1517321941,9),(1561,108,1526187600,1517270400,0,0,74,50,0,333,1517321988,9),(1562,108,1528866000,NULL,0,NULL,74,NULL,0,NULL,NULL,6),(1563,108,1531544400,NULL,0,NULL,74,NULL,0,NULL,NULL,6),(1564,108,1534222800,NULL,0,NULL,74,NULL,0,NULL,NULL,6),(1565,108,1536901200,NULL,0,NULL,74,NULL,0,NULL,NULL,6),(1566,108,1539579600,NULL,0,NULL,74,NULL,0,NULL,NULL,6),(1567,108,1542258000,NULL,0,NULL,74,NULL,0,NULL,NULL,6),(1568,108,1544936400,NULL,0,NULL,74,NULL,0,NULL,NULL,6),(1569,108,1547614800,NULL,0,NULL,74,NULL,0,NULL,NULL,6),(1570,108,1550293200,NULL,0,NULL,74,NULL,0,NULL,NULL,6),(1571,108,1552971600,NULL,0,NULL,74,NULL,0,NULL,NULL,6),(1572,108,1555650000,NULL,0,NULL,74,NULL,0,NULL,NULL,6),(1573,108,1558328400,NULL,0,NULL,74,NULL,0,NULL,NULL,6),(1574,108,1561006800,NULL,0,NULL,74,NULL,0,NULL,NULL,6),(1575,108,1563685200,NULL,0,NULL,74,NULL,0,NULL,NULL,6),(1576,108,1566363600,NULL,0,NULL,74,NULL,0,NULL,NULL,6),(1577,108,1569042000,NULL,0,NULL,74,NULL,0,NULL,NULL,6),(1578,108,1571720400,NULL,0,NULL,74,NULL,0,NULL,NULL,6),(1579,111,1518152400,1523826000,4000,2964,36,36,0,333,1524906054,9),(1580,111,1520830800,1524862800,0,472,28,28,0,666,1524906064,9),(1581,111,1523509200,NULL,0,NULL,28,NULL,0,NULL,NULL,6),(1582,111,1526187600,NULL,0,NULL,28,NULL,0,NULL,NULL,6),(1583,111,1528866000,NULL,0,NULL,28,NULL,0,NULL,NULL,6),(1584,111,1531544400,NULL,0,NULL,28,NULL,0,NULL,NULL,6),(1585,111,1534222800,NULL,0,NULL,28,NULL,0,NULL,NULL,6),(1586,111,1536901200,NULL,0,NULL,28,NULL,0,NULL,NULL,6),(1587,111,1539579600,NULL,0,NULL,28,NULL,0,NULL,NULL,6),(1588,111,1542258000,NULL,0,NULL,28,NULL,0,NULL,NULL,6),(1589,111,1544936400,NULL,0,NULL,28,NULL,0,NULL,NULL,6),(1590,111,1547614800,NULL,0,NULL,28,NULL,0,NULL,NULL,6),(1591,111,1550293200,NULL,0,NULL,28,NULL,0,NULL,NULL,6),(1592,111,1552971600,NULL,0,NULL,28,NULL,0,NULL,NULL,6),(1593,121,1518066000,1515474000,3000,213,27,27,0,87,1515505778,9),(1594,121,1520744400,1515733200,0,459,21,21,0,59,1515761649,9),(1595,121,1523422800,1515888000,0,459,21,21,0,333,1517041736,9),(1596,121,1526101200,1516060800,0,489,21,21,0,333,1517041758,9),(1597,121,1528779600,1516147200,0,219,21,21,0,333,1517041800,9),(1598,121,1531458000,1515456000,0,219,21,21,0,333,1517041827,9),(1599,121,1534136400,1515542400,0,219,21,21,0,333,1517041837,9),(1600,121,1536814800,1516924800,0,219,21,21,0,333,1517041851,9),(1601,121,1539493200,1516320000,0,419,21,21,0,333,1517041895,9),(1602,121,1542171600,1520380800,0,85,21,105,0,333,1520408789,9),(1603,121,1544850000,NULL,0,NULL,21,NULL,0,NULL,NULL,9),(1604,121,1547528400,NULL,0,NULL,21,NULL,0,NULL,NULL,9),(1605,121,1550206800,NULL,0,NULL,21,NULL,0,NULL,NULL,9),(1606,121,1552885200,NULL,0,NULL,21,NULL,0,NULL,NULL,9),(1607,13,NULL,1515128400,NULL,1600,NULL,0,0,12454,1515507608,6),(1608,28,NULL,1515214800,NULL,3900,NULL,0,0,1203,1515507853,6),(1609,18,NULL,1515474000,NULL,600,NULL,0,0,2145,1515509175,6),(1610,123,1518152400,1516147200,3000,1623,27,27,0,333,1516787174,9),(1611,123,1520830800,1516752000,0,1377,21,273,0,333,1516787183,9),(1612,123,1523509200,NULL,0,NULL,21,NULL,0,NULL,NULL,9),(1613,123,1526187600,NULL,0,NULL,21,NULL,0,NULL,NULL,9),(1614,123,1528866000,NULL,0,NULL,21,NULL,0,NULL,NULL,9),(1615,123,1531544400,NULL,0,NULL,21,NULL,0,NULL,NULL,9),(1616,123,1534222800,NULL,0,NULL,21,NULL,0,NULL,NULL,9),(1617,123,1536901200,NULL,0,NULL,21,NULL,0,NULL,NULL,9),(1618,123,1539579600,NULL,0,NULL,21,NULL,0,NULL,NULL,9),(1619,123,1542258000,NULL,0,NULL,21,NULL,0,NULL,NULL,9),(1620,123,1544936400,NULL,0,NULL,21,NULL,0,NULL,NULL,9),(1621,123,1547614800,NULL,0,NULL,21,NULL,0,NULL,NULL,9),(1622,123,1550293200,NULL,0,NULL,21,NULL,0,NULL,NULL,9),(1623,123,1552971600,NULL,0,NULL,21,NULL,0,NULL,NULL,9),(1624,124,1518152400,1519344000,10000,5917,83,83,0,333,1519396221,6),(1625,124,1520830800,1520283600,0,929,71,71,0,333,1524568787,9),(1626,124,1523509200,1522098000,0,929,71,71,0,333,1524568817,9),(1627,124,1526187600,1528146000,0,429,71,71,0,333,1528529912,9),(1628,124,1528866000,1528232400,0,429,71,71,0,333,1528529925,9),(1629,124,1531544400,NULL,0,NULL,71,NULL,0,NULL,NULL,9),(1630,124,1534222800,NULL,0,NULL,71,NULL,0,NULL,NULL,9),(1631,124,1536901200,NULL,0,NULL,71,NULL,0,NULL,NULL,9),(1632,124,1539579600,NULL,0,NULL,71,NULL,0,NULL,NULL,9),(1633,124,1542258000,NULL,0,NULL,71,NULL,0,NULL,NULL,9),(1634,124,1544936400,NULL,0,NULL,71,NULL,0,NULL,NULL,9),(1635,124,1547614800,NULL,0,NULL,71,NULL,0,NULL,NULL,9),(1636,124,1550293200,NULL,0,NULL,71,NULL,0,NULL,NULL,9),(1637,124,1552971600,NULL,0,NULL,71,NULL,0,NULL,NULL,9),(1638,124,1555650000,NULL,0,NULL,71,NULL,0,NULL,NULL,9),(1639,124,1558328400,NULL,0,NULL,71,NULL,0,NULL,NULL,9),(1640,124,1561006800,NULL,0,NULL,71,NULL,0,NULL,NULL,9),(1641,124,1563685200,NULL,0,NULL,71,NULL,0,NULL,NULL,9),(1642,124,1566363600,NULL,0,NULL,71,NULL,0,NULL,NULL,9),(1643,124,1569042000,NULL,0,NULL,71,NULL,0,NULL,NULL,9),(1644,124,1571720400,NULL,0,NULL,71,NULL,0,NULL,NULL,9),(1645,124,1574398800,NULL,0,NULL,71,NULL,0,NULL,NULL,9),(1646,124,1577077200,NULL,0,NULL,71,NULL,0,NULL,NULL,9),(1647,124,1579755600,NULL,0,NULL,71,NULL,0,NULL,NULL,9),(1648,124,1582434000,NULL,0,NULL,71,NULL,0,NULL,NULL,9),(1649,124,1585112400,NULL,0,NULL,71,NULL,0,NULL,NULL,9),(1650,124,1587790800,NULL,0,NULL,71,NULL,0,NULL,NULL,9),(1651,124,1590469200,NULL,0,NULL,71,NULL,0,NULL,NULL,9),(1652,126,1518238800,NULL,8200,NULL,1230,NULL,0,NULL,NULL,9),(1653,126,1520917200,NULL,0,NULL,1230,NULL,0,NULL,NULL,9),(1654,126,1523595600,NULL,0,NULL,1230,NULL,0,NULL,NULL,9),(1655,126,1526274000,NULL,0,NULL,1230,NULL,0,NULL,NULL,9),(1656,126,1528952400,NULL,0,NULL,1230,NULL,0,NULL,NULL,9),(1657,126,1531630800,NULL,0,NULL,1230,NULL,0,NULL,NULL,9),(1658,126,1534309200,NULL,0,NULL,1230,NULL,0,NULL,NULL,9),(1659,126,1536987600,NULL,0,NULL,1230,NULL,0,NULL,NULL,9),(1660,126,1539666000,NULL,0,NULL,1230,NULL,0,NULL,NULL,9),(1661,126,1542344400,NULL,0,NULL,1230,NULL,0,NULL,NULL,9),(1662,126,1545022800,NULL,0,NULL,1230,NULL,0,NULL,NULL,9),(1663,126,1547701200,NULL,0,NULL,1230,NULL,0,NULL,NULL,9),(1664,126,1550379600,NULL,0,NULL,1230,NULL,0,NULL,NULL,9),(1665,126,1553058000,NULL,0,NULL,1230,NULL,0,NULL,NULL,9),(1666,126,1555736400,NULL,0,NULL,1230,NULL,0,NULL,NULL,9),(1667,126,1558414800,NULL,0,NULL,1230,NULL,0,NULL,NULL,9),(1668,126,1561093200,NULL,0,NULL,1230,NULL,0,NULL,NULL,9),(1669,126,1563771600,NULL,0,NULL,1230,NULL,0,NULL,NULL,9),(1670,126,1566450000,NULL,0,NULL,1230,NULL,0,NULL,NULL,9),(1671,126,1569128400,NULL,0,NULL,1230,NULL,0,NULL,NULL,9),(1672,126,1571806800,NULL,0,NULL,1230,NULL,0,NULL,NULL,9),(1673,126,1574485200,NULL,0,NULL,1230,NULL,0,NULL,NULL,9),(1674,126,1577163600,NULL,0,NULL,1230,NULL,0,NULL,NULL,9),(1675,126,1579842000,NULL,0,NULL,1230,NULL,0,NULL,NULL,9),(1676,126,1582520400,NULL,0,NULL,1230,NULL,0,NULL,NULL,9),(1677,126,1585198800,NULL,0,NULL,1230,NULL,0,NULL,NULL,9),(1678,126,1587877200,NULL,0,NULL,1230,NULL,0,NULL,NULL,9),(1679,126,1590555600,NULL,0,NULL,1230,NULL,0,NULL,NULL,9),(1680,126,1593234000,NULL,0,NULL,1230,NULL,0,NULL,NULL,9),(1681,126,1595912400,NULL,0,NULL,1230,NULL,0,NULL,NULL,9),(1682,126,1598590800,NULL,0,NULL,1230,NULL,0,NULL,NULL,9),(1683,126,1601269200,NULL,0,NULL,1230,NULL,0,NULL,NULL,9),(1684,126,1603947600,NULL,0,NULL,1230,NULL,0,NULL,NULL,9),(1685,126,1606626000,NULL,0,NULL,1230,NULL,0,NULL,NULL,9),(1686,126,1609304400,NULL,0,NULL,1230,NULL,0,NULL,NULL,9),(1687,126,1611982800,NULL,0,NULL,1230,NULL,0,NULL,NULL,9),(1688,126,1614661200,NULL,0,NULL,1230,NULL,0,NULL,NULL,9),(1689,126,1617339600,NULL,0,NULL,1230,NULL,0,NULL,NULL,9),(1690,126,1620018000,NULL,0,NULL,1230,NULL,0,NULL,NULL,9),(1691,126,1622696400,NULL,0,NULL,1230,NULL,0,NULL,NULL,9),(1692,126,1625374800,NULL,0,NULL,1230,NULL,0,NULL,NULL,9),(1693,126,1628053200,NULL,0,NULL,1230,NULL,0,NULL,NULL,9),(1694,126,1630731600,NULL,0,NULL,1230,NULL,0,NULL,NULL,9),(1695,126,1633410000,NULL,0,NULL,1230,NULL,0,NULL,NULL,9),(1696,126,1636088400,NULL,0,NULL,1230,NULL,0,NULL,NULL,9),(1697,126,1638766800,NULL,0,NULL,1230,NULL,0,NULL,NULL,9),(1698,126,1641445200,NULL,0,NULL,1230,NULL,0,NULL,NULL,9),(1699,126,1644123600,NULL,0,NULL,1230,NULL,0,NULL,NULL,9),(1700,126,1646802000,NULL,0,NULL,1230,NULL,0,NULL,NULL,9),(1701,126,1649480400,NULL,0,NULL,1230,NULL,0,NULL,NULL,9),(1702,126,1652158800,NULL,0,NULL,1230,NULL,0,NULL,NULL,9),(1703,126,1654837200,NULL,0,NULL,1230,NULL,0,NULL,NULL,9),(1704,126,1657515600,NULL,0,NULL,1230,NULL,0,NULL,NULL,9),(1705,126,1660194000,NULL,0,NULL,1230,NULL,0,NULL,NULL,9),(1706,126,1662872400,NULL,0,NULL,1230,NULL,0,NULL,NULL,9),(1707,126,1665550800,NULL,0,NULL,1230,NULL,0,NULL,NULL,9),(1708,126,1668229200,NULL,0,NULL,1230,NULL,0,NULL,NULL,9),(1709,126,1670907600,NULL,0,NULL,1230,NULL,0,NULL,NULL,9),(1710,126,1673586000,NULL,0,NULL,1230,NULL,0,NULL,NULL,9),(1711,126,1676264400,NULL,0,NULL,1230,NULL,0,NULL,NULL,9),(1712,126,1678942800,NULL,0,NULL,1230,NULL,0,NULL,NULL,9),(1713,126,1681621200,NULL,0,NULL,1230,NULL,0,NULL,NULL,9),(1714,126,1684299600,NULL,0,NULL,1230,NULL,0,NULL,NULL,9),(1715,126,1686978000,NULL,0,NULL,1230,NULL,0,NULL,NULL,9),(1716,126,1689656400,NULL,0,NULL,1230,NULL,0,NULL,NULL,9),(1717,126,1692334800,NULL,0,NULL,1230,NULL,0,NULL,NULL,9),(1718,126,1695013200,NULL,0,NULL,1230,NULL,0,NULL,NULL,9),(1719,126,1697691600,NULL,0,NULL,1230,NULL,0,NULL,NULL,9),(1720,126,1700370000,NULL,0,NULL,1230,NULL,0,NULL,NULL,9),(1721,126,1703048400,NULL,0,NULL,1230,NULL,0,NULL,NULL,9),(1722,126,1705726800,NULL,0,NULL,1230,NULL,0,NULL,NULL,9),(1723,126,1708405200,NULL,0,NULL,1230,NULL,0,NULL,NULL,9),(1724,126,1711083600,NULL,0,NULL,1230,NULL,0,NULL,NULL,9),(1725,126,1713762000,NULL,0,NULL,1230,NULL,0,NULL,NULL,9),(1726,126,1716440400,NULL,0,NULL,1230,NULL,0,NULL,NULL,9),(1727,126,1719118800,NULL,0,NULL,1230,NULL,0,NULL,NULL,9),(1728,126,1721797200,NULL,0,NULL,1230,NULL,0,NULL,NULL,9),(1729,126,1724475600,NULL,0,NULL,1230,NULL,0,NULL,NULL,9),(1730,126,1727154000,NULL,0,NULL,1230,NULL,0,NULL,NULL,9),(1731,126,1729832400,NULL,0,NULL,1230,NULL,0,NULL,NULL,9),(1732,126,1732510800,NULL,0,NULL,1230,NULL,0,NULL,NULL,9),(1733,126,1735189200,NULL,0,NULL,1230,NULL,0,NULL,NULL,9),(1734,126,1737867600,NULL,0,NULL,1230,NULL,0,NULL,NULL,9),(1735,126,1740546000,NULL,0,NULL,1230,NULL,0,NULL,NULL,9),(1736,126,1743224400,NULL,0,NULL,1230,NULL,0,NULL,NULL,9),(1737,126,1745902800,NULL,0,NULL,1230,NULL,0,NULL,NULL,9),(1738,126,1748581200,NULL,0,NULL,1230,NULL,0,NULL,NULL,9),(1739,126,1751259600,NULL,0,NULL,1230,NULL,0,NULL,NULL,9),(1740,126,1753938000,NULL,0,NULL,1230,NULL,0,NULL,NULL,9),(1741,126,1756616400,NULL,0,NULL,1230,NULL,0,NULL,NULL,9),(1742,127,1518238800,1517788800,2250,2826,1274,1274,0,111,1517919419,9),(1743,127,1520917200,1518307200,3000,0,1238,50,0,111,1518427402,9),(1744,127,1523595600,1521158400,3000,2862,1238,1238,0,111,1521635785,9),(1745,132,1518325200,1516320000,2000,982,18,18,0,333,1516786924,9),(1746,132,1521003600,1516924800,0,186,14,14,0,333,1517983157,9),(1747,132,1523682000,1517875200,0,832,14,168,0,333,1517983185,9),(1748,132,1526360400,NULL,0,NULL,14,NULL,0,NULL,NULL,9),(1749,132,1529038800,NULL,0,NULL,14,NULL,0,NULL,NULL,9),(1750,132,1531717200,NULL,0,NULL,14,NULL,0,NULL,NULL,9),(1751,132,1534395600,NULL,0,NULL,14,NULL,0,NULL,NULL,9),(1752,132,1537074000,NULL,0,NULL,14,NULL,0,NULL,NULL,9),(1753,132,1539752400,NULL,0,NULL,14,NULL,0,NULL,NULL,9),(1754,132,1542430800,NULL,0,NULL,14,NULL,0,NULL,NULL,9),(1755,132,1545109200,NULL,0,NULL,14,NULL,0,NULL,NULL,9),(1756,132,1547787600,NULL,0,NULL,14,NULL,0,NULL,NULL,9),(1757,132,1550466000,NULL,0,NULL,14,NULL,0,NULL,NULL,9),(1758,132,1553144400,NULL,0,NULL,14,NULL,0,NULL,NULL,9),(1759,135,1518325200,1522357200,5000,1968,32,32,1,333,1524566332,9),(1760,135,1521003600,1524430800,0,1964,36,36,0,333,1524566346,9),(1761,135,1523682000,NULL,0,NULL,36,NULL,0,NULL,NULL,9),(1762,135,1526360400,NULL,0,NULL,36,NULL,0,NULL,NULL,9),(1763,135,1529038800,NULL,0,NULL,36,NULL,0,NULL,NULL,9),(1764,135,1531717200,NULL,0,NULL,36,NULL,0,NULL,NULL,9),(1765,135,1534395600,NULL,0,NULL,36,NULL,0,NULL,NULL,9),(1766,135,1537074000,NULL,0,NULL,36,NULL,0,NULL,NULL,9),(1767,135,1539752400,NULL,0,NULL,36,NULL,0,NULL,NULL,9),(1768,135,1542430800,NULL,0,NULL,36,NULL,0,NULL,NULL,9),(1769,135,1545109200,NULL,0,NULL,36,NULL,0,NULL,NULL,9),(1770,135,1547787600,NULL,0,NULL,36,NULL,0,NULL,NULL,9),(1771,135,1550466000,NULL,0,NULL,36,NULL,0,NULL,NULL,9),(1772,135,1553144400,NULL,0,NULL,36,NULL,0,NULL,NULL,9),(1773,136,1518480000,1515974400,2000,202,18,18,0,66,1516007878,9),(1774,136,1521158400,1516060800,0,206,14,14,0,333,1516704664,9),(1775,136,1523836800,1516147200,0,206,14,14,0,333,1516704677,9),(1776,136,1526515200,1516233600,0,206,14,14,0,333,1516704689,9),(1777,136,1529193600,1516320000,0,236,14,14,0,333,1516704702,9),(1778,136,1531872000,1516406400,0,346,14,14,0,333,1517995995,9),(1779,136,1534550400,1516579200,0,186,14,14,0,333,1517996018,9),(1780,136,1537228800,1516665600,0,196,14,14,0,333,1517996049,9),(1781,136,1539907200,1517011200,0,186,14,14,0,333,1517996073,9),(1782,136,1542585600,1517356800,0,30,14,70,0,333,1517996090,9),(1783,136,1545264000,NULL,0,NULL,14,NULL,0,NULL,NULL,9),(1784,136,1547942400,NULL,0,NULL,14,NULL,0,NULL,NULL,9),(1785,136,1550620800,NULL,0,NULL,14,NULL,0,NULL,NULL,9),(1786,136,1553299200,NULL,0,NULL,14,NULL,0,NULL,NULL,9),(1787,13,NULL,1515715200,NULL,1400,NULL,0,0,1111,1516618782,6),(1788,146,1519084800,1516665600,3000,673,27,27,0,36,1516701566,9),(1789,146,1521763200,1516838400,0,459,21,21,0,333,1517982054,9),(1790,146,1524441600,1517011200,0,399,21,21,0,333,1517982071,9),(1791,146,1527120000,1517270400,0,979,21,21,0,333,1517982086,9),(1792,146,1529798400,1517270400,0,490,21,210,0,111,1518441352,9),(1793,146,1532476800,NULL,0,NULL,21,NULL,0,NULL,NULL,9),(1794,146,1535155200,NULL,0,NULL,21,NULL,0,NULL,NULL,9),(1795,146,1537833600,NULL,0,NULL,21,NULL,0,NULL,NULL,9),(1796,146,1540512000,NULL,0,NULL,21,NULL,0,NULL,NULL,9),(1797,146,1543190400,NULL,0,NULL,21,NULL,0,NULL,NULL,9),(1798,146,1545868800,NULL,0,NULL,21,NULL,0,NULL,NULL,9),(1799,146,1548547200,NULL,0,NULL,21,NULL,0,NULL,NULL,9),(1800,146,1551225600,NULL,0,NULL,21,NULL,0,NULL,NULL,9),(1801,146,1553904000,NULL,0,NULL,21,NULL,0,NULL,NULL,9),(1802,138,1518912000,1517184000,8000,4939,61,61,0,333,1517291536,9),(1803,138,1521590400,1517270400,0,3061,57,739,0,333,1517310863,9),(1804,138,1524268800,1517270400,0,0,57,800,0,333,1517310897,9),(1805,138,1526947200,NULL,0,NULL,57,NULL,0,NULL,NULL,9),(1806,138,1529625600,NULL,0,NULL,57,NULL,0,NULL,NULL,9),(1807,138,1532304000,NULL,0,NULL,57,NULL,0,NULL,NULL,9),(1808,138,1534982400,NULL,0,NULL,57,NULL,0,NULL,NULL,9),(1809,138,1537660800,NULL,0,NULL,57,NULL,0,NULL,NULL,9),(1810,138,1540339200,NULL,0,NULL,57,NULL,0,NULL,NULL,9),(1811,138,1543017600,NULL,0,NULL,57,NULL,0,NULL,NULL,9),(1812,138,1545696000,NULL,0,NULL,57,NULL,0,NULL,NULL,9),(1813,138,1548374400,NULL,0,NULL,57,NULL,0,NULL,NULL,9),(1814,138,1551052800,NULL,0,NULL,57,NULL,0,NULL,NULL,9),(1815,138,1553731200,NULL,0,NULL,57,NULL,0,NULL,NULL,9),(1816,138,1556409600,NULL,0,NULL,57,NULL,0,NULL,NULL,9),(1817,138,1559088000,NULL,0,NULL,57,NULL,0,NULL,NULL,9),(1818,138,1561766400,NULL,0,NULL,57,NULL,0,NULL,NULL,9),(1819,138,1564444800,NULL,0,NULL,57,NULL,0,NULL,NULL,9),(1820,138,1567123200,NULL,0,NULL,57,NULL,0,NULL,NULL,9),(1821,138,1569801600,NULL,0,NULL,57,NULL,0,NULL,NULL,9),(1822,138,1572480000,NULL,0,NULL,57,NULL,0,NULL,NULL,9),(1823,138,1575158400,NULL,0,NULL,57,NULL,0,NULL,NULL,9),(1824,138,1577836800,NULL,0,NULL,57,NULL,0,NULL,NULL,9),(1825,138,1580515200,NULL,0,NULL,57,NULL,0,NULL,NULL,9),(1826,138,1583193600,NULL,0,NULL,57,NULL,0,NULL,NULL,9),(1827,138,1585872000,NULL,0,NULL,57,NULL,0,NULL,NULL,9),(1828,138,1588550400,NULL,0,NULL,57,NULL,0,NULL,NULL,9),(1829,138,1591228800,NULL,0,NULL,57,NULL,0,NULL,NULL,9),(1830,142,1519084800,1516492800,5000,468,32,32,0,333,1516619553,9),(1831,142,1521763200,1516492800,0,264,36,36,0,333,1516619568,9),(1832,142,1524441600,1516665600,0,364,36,36,0,333,1516797278,9),(1833,142,1527120000,1517443200,0,3904,36,396,0,333,1517549516,9),(1834,142,1529798400,NULL,0,NULL,36,NULL,0,NULL,NULL,9),(1835,142,1532476800,NULL,0,NULL,36,NULL,0,NULL,NULL,9),(1836,142,1535155200,NULL,0,NULL,36,NULL,0,NULL,NULL,9),(1837,142,1537833600,NULL,0,NULL,36,NULL,0,NULL,NULL,9),(1838,142,1540512000,NULL,0,NULL,36,NULL,0,NULL,NULL,9),(1839,142,1543190400,NULL,0,NULL,36,NULL,0,NULL,NULL,9),(1840,142,1545868800,NULL,0,NULL,36,NULL,0,NULL,NULL,9),(1841,142,1548547200,NULL,0,NULL,36,NULL,0,NULL,NULL,9),(1842,142,1551225600,NULL,0,NULL,36,NULL,0,NULL,NULL,9),(1843,142,1553904000,NULL,0,NULL,36,NULL,0,NULL,NULL,9),(1844,130,1487548800,NULL,5000,NULL,32,NULL,0,NULL,NULL,9),(1845,130,1490227200,NULL,0,NULL,36,NULL,0,NULL,NULL,9),(1846,130,1492905600,NULL,0,NULL,36,NULL,0,NULL,NULL,9),(1847,130,1495584000,NULL,0,NULL,36,NULL,0,NULL,NULL,9),(1848,130,1498262400,NULL,0,NULL,36,NULL,0,NULL,NULL,9),(1849,130,1500940800,NULL,0,NULL,36,NULL,0,NULL,NULL,9),(1850,130,1503619200,NULL,0,NULL,36,NULL,0,NULL,NULL,9),(1851,130,1506297600,NULL,0,NULL,36,NULL,0,NULL,NULL,9),(1852,130,1508976000,NULL,0,NULL,36,NULL,0,NULL,NULL,9),(1853,130,1511654400,NULL,0,NULL,36,NULL,0,NULL,NULL,9),(1854,130,1514332800,NULL,0,NULL,36,NULL,0,NULL,NULL,9),(1855,130,1517011200,NULL,0,NULL,36,NULL,0,NULL,NULL,9),(1856,130,1519689600,NULL,0,NULL,36,NULL,0,NULL,NULL,9),(1857,130,1522368000,NULL,0,NULL,36,NULL,0,NULL,NULL,9),(1858,133,1518998400,1515801600,5000,368,32,32,0,333,1516704038,9),(1859,133,1521676800,1515888000,0,364,36,36,0,333,1516704051,9),(1860,133,1524355200,1516060800,0,364,36,36,0,333,1516704069,9),(1861,133,1527033600,1516147200,0,764,36,36,0,333,1516704139,9),(1862,133,1529712000,1516406400,0,764,36,36,0,333,1516704169,9),(1863,133,1532390400,1516654800,0,1364,36,36,0,333,1522825789,9),(1864,133,1535068800,1517173200,0,564,36,36,0,333,1522825813,9),(1865,133,1537747200,1524862800,0,448,36,52,0,666,1524902800,9),(1866,133,1540425600,NULL,0,NULL,36,NULL,0,NULL,NULL,9),(1867,133,1543104000,NULL,0,NULL,36,NULL,0,NULL,NULL,9),(1868,133,1545782400,NULL,0,NULL,36,NULL,0,NULL,NULL,9),(1869,133,1548460800,NULL,0,NULL,36,NULL,0,NULL,NULL,9),(1870,133,1551139200,NULL,0,NULL,36,NULL,0,NULL,NULL,9),(1871,133,1553817600,NULL,0,NULL,36,NULL,0,NULL,NULL,9),(1872,139,1518998400,1517011200,10000,2917,83,83,0,333,1517291498,9),(1873,139,1521676800,1517443200,0,5929,71,71,0,333,1517549544,9),(1874,139,1524355200,1517961600,0,1154,71,1396,0,333,1518001191,9),(1875,139,1527033600,1517961600,0,0,71,450,0,333,1518001240,9),(1876,139,1529712000,NULL,0,NULL,71,NULL,0,NULL,NULL,9),(1877,139,1532390400,NULL,0,NULL,71,NULL,0,NULL,NULL,9),(1878,139,1535068800,NULL,0,NULL,71,NULL,0,NULL,NULL,9),(1879,139,1537747200,NULL,0,NULL,71,NULL,0,NULL,NULL,9),(1880,139,1540425600,NULL,0,NULL,71,NULL,0,NULL,NULL,9),(1881,139,1543104000,NULL,0,NULL,71,NULL,0,NULL,NULL,9),(1882,139,1545782400,NULL,0,NULL,71,NULL,0,NULL,NULL,9),(1883,139,1548460800,NULL,0,NULL,71,NULL,0,NULL,NULL,9),(1884,139,1551139200,NULL,0,NULL,71,NULL,0,NULL,NULL,9),(1885,139,1553817600,NULL,0,NULL,71,NULL,0,NULL,NULL,9),(1886,139,1556496000,NULL,0,NULL,71,NULL,0,NULL,NULL,9),(1887,139,1559174400,NULL,0,NULL,71,NULL,0,NULL,NULL,9),(1888,139,1561852800,NULL,0,NULL,71,NULL,0,NULL,NULL,9),(1889,139,1564531200,NULL,0,NULL,71,NULL,0,NULL,NULL,9),(1890,139,1567209600,NULL,0,NULL,71,NULL,0,NULL,NULL,9),(1891,139,1569888000,NULL,0,NULL,71,NULL,0,NULL,NULL,9),(1892,139,1572566400,NULL,0,NULL,71,NULL,0,NULL,NULL,9),(1893,139,1575244800,NULL,0,NULL,71,NULL,0,NULL,NULL,9),(1894,139,1577923200,NULL,0,NULL,71,NULL,0,NULL,NULL,9),(1895,139,1580601600,NULL,0,NULL,71,NULL,0,NULL,NULL,9),(1896,139,1583280000,NULL,0,NULL,71,NULL,0,NULL,NULL,9),(1897,139,1585958400,NULL,0,NULL,71,NULL,0,NULL,NULL,9),(1898,139,1588636800,NULL,0,NULL,71,NULL,0,NULL,NULL,9),(1899,139,1591315200,NULL,0,NULL,71,NULL,0,NULL,NULL,9),(1900,149,1518220800,1517875200,5000,0,2500,2000,0,36,1517978815,9),(1901,149,1520899200,1518652800,5000,510,2490,2490,0,333,1518781181,9),(1902,149,1523577600,1519084800,5000,10,2490,2490,0,333,1519193845,6),(1903,149,1526256000,1521072000,5000,3560,2490,2490,0,333,1521202988,9),(1904,149,1528934400,1522357200,5000,0,2490,1400,0,333,1522825670,9),(1905,149,1531612800,1523912400,5000,1510,2490,2490,0,111,1524065103,9),(1906,151,1518307200,1517875200,5000,500,1500,1500,0,108,1518781816,9),(1907,151,1520985600,1518652800,5000,0,1500,1000,0,115,1518781833,9),(1908,151,1523664000,1519084800,5000,0,1500,1000,0,333,1519193876,6),(1909,151,1526342400,1519257600,5000,0,1500,1000,0,13,1519297122,6),(1910,151,1529020800,1520208000,5000,0,1500,1500,0,333,1520404200,6),(1911,151,1531699200,1520553600,5000,0,1500,500,0,333,1520838279,9),(1912,152,1519084800,1516752000,4500,266,34,34,0,333,1516798327,9),(1913,152,1521763200,1517270400,0,268,32,32,0,333,1517918088,9),(1914,152,1524441600,1517529600,0,268,32,32,0,333,1517918099,9),(1915,152,1527120000,1517702400,0,518,32,32,0,333,1517918113,9),(1916,152,1529798400,1517605200,0,3180,32,320,0,333,1522324057,9),(1917,152,1532476800,NULL,0,NULL,32,NULL,0,NULL,NULL,9),(1918,152,1535155200,NULL,0,NULL,32,NULL,0,NULL,NULL,9),(1919,152,1537833600,NULL,0,NULL,32,NULL,0,NULL,NULL,9),(1920,152,1540512000,NULL,0,NULL,32,NULL,0,NULL,NULL,9),(1921,152,1543190400,NULL,0,NULL,32,NULL,0,NULL,NULL,9),(1922,152,1545868800,NULL,0,NULL,32,NULL,0,NULL,NULL,9),(1923,152,1548547200,NULL,0,NULL,32,NULL,0,NULL,NULL,9),(1924,152,1551225600,NULL,0,NULL,32,NULL,0,NULL,NULL,9),(1925,152,1553904000,NULL,0,NULL,32,NULL,0,NULL,NULL,9),(1926,153,1518739200,1516147200,-6000,320,50,50,0,333,1516703594,9),(1927,153,1521417600,1516233600,1000,320,50,50,0,333,1516703606,9),(1928,153,1524096000,1516665600,1000,350,50,50,0,333,1516797788,9),(1929,153,1526774400,1516752000,1000,350,50,50,0,333,1517042567,9),(1930,153,1529452800,1516838400,1000,350,50,50,0,333,1517918521,9),(1931,153,1532131200,1516924800,1000,350,50,50,0,333,1517918561,9),(1932,153,1534809600,1517011200,1000,320,50,50,0,333,1517918582,9),(1933,153,1537488000,1517097600,1000,320,50,50,0,333,1517918620,9),(1934,153,1540166400,1517184000,1000,350,50,50,0,333,1517918641,9),(1935,153,1542844800,1517270400,1000,350,50,50,0,333,1517918657,9),(1936,153,1545523200,1517356800,1000,320,50,50,0,333,1517918679,9),(1937,153,1548201600,1517443200,1000,320,50,50,0,333,1517918694,9),(1938,153,1550880000,1517616000,1000,320,50,50,0,333,1517918719,9),(1939,153,1553558400,1517788800,1000,320,50,50,0,333,1517918735,9),(1940,154,1518480000,1517011200,5000,3968,32,32,0,333,1518426125,9),(1941,154,1521158400,1518220800,0,1032,36,468,0,333,1518426161,9),(1942,154,1523836800,NULL,0,NULL,36,NULL,0,NULL,NULL,9),(1943,154,1526515200,NULL,0,NULL,36,NULL,0,NULL,NULL,9),(1944,154,1529193600,NULL,0,NULL,36,NULL,0,NULL,NULL,9),(1945,154,1531872000,NULL,0,NULL,36,NULL,0,NULL,NULL,9),(1946,154,1534550400,NULL,0,NULL,36,NULL,0,NULL,NULL,9),(1947,154,1537228800,NULL,0,NULL,36,NULL,0,NULL,NULL,9),(1948,154,1539907200,NULL,0,NULL,36,NULL,0,NULL,NULL,9),(1949,154,1542585600,NULL,0,NULL,36,NULL,0,NULL,NULL,9),(1950,154,1545264000,NULL,0,NULL,36,NULL,0,NULL,NULL,9),(1951,154,1547942400,NULL,0,NULL,36,NULL,0,NULL,NULL,9),(1952,154,1550620800,NULL,0,NULL,36,NULL,0,NULL,NULL,9),(1953,154,1553299200,NULL,0,NULL,36,NULL,0,NULL,NULL,9),(1954,155,1518912000,1516320000,5000,368,32,32,0,333,1517981225,9),(1955,155,1521590400,1516406400,0,364,36,36,0,333,1517981307,9),(1956,155,1524268800,1516665600,0,764,36,36,0,333,1517981325,9),(1957,155,1526947200,1516752000,0,364,36,36,0,333,1517981366,9),(1958,155,1529625600,1516838400,0,364,36,36,0,333,1517981390,9),(1959,155,1532304000,1516924800,0,364,36,36,0,333,1517981411,9),(1960,155,1534982400,1517097600,0,364,36,36,0,333,1517981429,9),(1961,155,1537660800,1517184000,0,364,36,36,0,333,1517981451,9),(1962,155,1540339200,1514851200,0,364,36,36,0,333,1517981471,9),(1963,155,1543017600,1517961600,0,364,36,36,0,333,1518155956,9),(1964,155,1545696000,1518566400,0,464,36,36,0,333,1518670690,9),(1965,155,1548374400,1518739200,0,114,36,36,0,333,1518850975,9),(1966,155,1551052800,1518825600,0,364,36,36,0,36,1519029604,6),(1967,155,1553731200,1518998400,0,14,36,36,0,333,1519048027,6),(1968,143,1519603200,1517011200,5000,368,32,32,0,333,1517311623,9),(1969,143,1522281600,1517097600,0,364,36,36,0,333,1517311639,9),(1970,143,1524960000,1517184000,0,364,36,36,0,333,1517311656,9),(1971,143,1527638400,1517356800,0,364,36,36,0,333,1517549030,9),(1972,143,1530316800,1517443200,0,364,36,36,0,333,1517549044,9),(1973,143,1532995200,1517529600,0,364,36,36,0,333,1517919195,9),(1974,143,1535673600,1517616000,0,364,36,36,0,333,1517919207,9),(1975,143,1538352000,1517788800,0,764,36,36,0,333,1517919222,9),(1976,143,1541030400,1517875200,0,364,36,36,0,333,1517980734,9),(1977,143,1543708800,1517961600,0,364,36,36,0,333,1518155525,9),(1978,143,1546387200,1518048000,0,956,36,144,0,333,1518155545,9),(1979,143,1549065600,NULL,0,NULL,36,NULL,0,NULL,NULL,9),(1980,143,1551744000,NULL,0,NULL,36,NULL,0,NULL,NULL,9),(1981,143,1554422400,NULL,0,NULL,36,NULL,0,NULL,NULL,9),(1982,157,1519430400,1516924800,5000,368,32,32,0,333,1517315545,9),(1983,157,1522108800,1517270400,0,764,36,36,0,35,1517315562,9),(1984,157,1524787200,1517529600,0,664,36,36,0,333,1517980520,9),(1985,157,1527465600,1519344000,0,964,36,36,0,333,1519396270,6),(1986,157,1530144000,1524862800,0,664,36,36,0,666,1524905620,9),(1987,157,1532822400,1531170000,0,1576,36,324,0,222,1531216714,9),(1988,157,1535500800,NULL,0,NULL,36,NULL,0,NULL,NULL,9),(1989,157,1538179200,NULL,0,NULL,36,NULL,0,NULL,NULL,9),(1990,157,1540857600,NULL,0,NULL,36,NULL,0,NULL,NULL,9),(1991,157,1543536000,NULL,0,NULL,36,NULL,0,NULL,NULL,9),(1992,157,1546214400,NULL,0,NULL,36,NULL,0,NULL,NULL,9),(1993,157,1548892800,NULL,0,NULL,36,NULL,0,NULL,NULL,9),(1994,157,1551571200,NULL,0,NULL,36,NULL,0,NULL,NULL,9),(1995,157,1554249600,NULL,0,NULL,36,NULL,0,NULL,NULL,9),(1996,158,1519948800,1517443200,5000,768,32,32,0,333,1517549863,9),(1997,158,1522627200,1517702400,0,764,36,36,0,333,1517920303,9),(1998,158,1525305600,1517788800,0,764,36,36,0,333,1517980683,9),(1999,158,1527984000,1517961600,0,764,36,36,0,333,1518156104,9),(2000,158,1530662400,1517529600,0,764,36,36,0,333,1518440294,9),(2001,158,1533340800,1518220800,0,764,36,36,0,333,1518426256,9),(2002,158,1536019200,1518393600,0,412,36,288,0,333,1518670542,9),(2003,158,1538697600,NULL,0,NULL,36,NULL,0,NULL,NULL,6),(2004,158,1541376000,NULL,0,NULL,36,NULL,0,NULL,NULL,6),(2005,158,1544054400,NULL,0,NULL,36,NULL,0,NULL,NULL,6),(2006,158,1546732800,NULL,0,NULL,36,NULL,0,NULL,NULL,6),(2007,158,1549411200,NULL,0,NULL,36,NULL,0,NULL,NULL,6),(2008,158,1552089600,NULL,0,NULL,36,NULL,0,NULL,NULL,6),(2009,158,1554768000,NULL,0,NULL,36,NULL,0,NULL,NULL,6),(2010,159,1519948800,1517356800,5000,368,32,32,0,333,1517549431,9),(2011,159,1522627200,1517443200,0,364,36,36,0,333,1518426059,9),(2012,159,1525305600,1517961600,0,364,36,36,0,333,1518426075,9),(2013,159,1527984000,1518393600,0,364,36,36,0,333,1518439983,9),(2014,159,1530662400,1518480000,0,964,36,36,0,333,1518670460,9),(2015,159,1533340800,1518566400,0,1564,36,36,0,333,1518670478,9),(2016,159,1536019200,1518652800,0,964,36,36,0,333,1518676692,9),(2017,159,1538697600,1519171200,0,48,36,252,0,333,1519212559,6),(2018,159,1541376000,NULL,0,NULL,36,NULL,0,NULL,NULL,6),(2019,159,1544054400,NULL,0,NULL,36,NULL,0,NULL,NULL,6),(2020,159,1546732800,NULL,0,NULL,36,NULL,0,NULL,NULL,6),(2021,159,1549411200,NULL,0,NULL,36,NULL,0,NULL,NULL,6),(2022,159,1552089600,NULL,0,NULL,36,NULL,0,NULL,NULL,6),(2023,159,1554768000,NULL,0,NULL,36,NULL,0,NULL,NULL,6),(2024,148,1519948800,1517875200,4000,2164,36,36,0,66,1517918183,9),(2025,148,1522627200,1518480000,0,1836,28,364,0,333,1518781914,9),(2026,148,1525305600,NULL,0,NULL,28,NULL,0,NULL,NULL,6),(2027,148,1527984000,NULL,0,NULL,28,NULL,0,NULL,NULL,6),(2028,148,1530662400,NULL,0,NULL,28,NULL,0,NULL,NULL,6),(2029,148,1533340800,NULL,0,NULL,28,NULL,0,NULL,NULL,6),(2030,148,1536019200,NULL,0,NULL,28,NULL,0,NULL,NULL,6),(2031,148,1538697600,NULL,0,NULL,28,NULL,0,NULL,NULL,6),(2032,148,1541376000,NULL,0,NULL,28,NULL,0,NULL,NULL,6),(2033,148,1544054400,NULL,0,NULL,28,NULL,0,NULL,NULL,6),(2034,148,1546732800,NULL,0,NULL,28,NULL,0,NULL,NULL,6),(2035,148,1549411200,NULL,0,NULL,28,NULL,0,NULL,NULL,6),(2036,148,1552089600,NULL,0,NULL,28,NULL,0,NULL,NULL,6),(2037,148,1554768000,NULL,0,NULL,28,NULL,0,NULL,NULL,6),(2038,161,1518652800,1516320000,4000,2214,36,36,0,333,1517320657,9),(2039,161,1521331200,1517270400,0,1786,28,364,0,333,1517320809,9),(2040,161,1524009600,NULL,0,NULL,28,NULL,0,NULL,NULL,9),(2041,161,1526688000,NULL,0,NULL,28,NULL,0,NULL,NULL,9),(2042,161,1529366400,NULL,0,NULL,28,NULL,0,NULL,NULL,9),(2043,161,1532044800,NULL,0,NULL,28,NULL,0,NULL,NULL,9),(2044,161,1534723200,NULL,0,NULL,28,NULL,0,NULL,NULL,9),(2045,161,1537401600,NULL,0,NULL,28,NULL,0,NULL,NULL,9),(2046,161,1540080000,NULL,0,NULL,28,NULL,0,NULL,NULL,9),(2047,161,1542758400,NULL,0,NULL,28,NULL,0,NULL,NULL,9),(2048,161,1545436800,NULL,0,NULL,28,NULL,0,NULL,NULL,9),(2049,161,1548115200,NULL,0,NULL,28,NULL,0,NULL,NULL,9),(2050,161,1550793600,NULL,0,NULL,28,NULL,0,NULL,NULL,9),(2051,161,1553472000,NULL,0,NULL,28,NULL,0,NULL,NULL,9),(2052,18,NULL,1516665600,NULL,600,NULL,0,0,111,1517551134,9),(2053,18,NULL,1517184000,NULL,300,NULL,0,0,111,1517551799,9),(2054,28,NULL,1517270400,NULL,1200,NULL,0,0,111,1517551835,9),(2055,164,1519603200,1517184000,5000,768,32,32,0,333,1517571293,9),(2056,164,1522281600,1517529600,0,764,36,36,0,333,1517571305,9),(2057,164,1524960000,1517788800,0,364,36,36,0,333,1518676167,9),(2058,164,1527638400,1524862800,0,1014,36,36,0,666,1524905930,9),(2059,164,1530316800,NULL,0,NULL,36,NULL,0,NULL,NULL,9),(2060,164,1532995200,NULL,0,NULL,36,NULL,0,NULL,NULL,9),(2061,164,1535673600,NULL,0,NULL,36,NULL,0,NULL,NULL,9),(2062,164,1538352000,NULL,0,NULL,36,NULL,0,NULL,NULL,9),(2063,164,1541030400,NULL,0,NULL,36,NULL,0,NULL,NULL,9),(2064,164,1543708800,NULL,0,NULL,36,NULL,0,NULL,NULL,9),(2065,164,1546387200,NULL,0,NULL,36,NULL,0,NULL,NULL,9),(2066,164,1549065600,NULL,0,NULL,36,NULL,0,NULL,NULL,9),(2067,164,1551744000,NULL,0,NULL,36,NULL,0,NULL,NULL,9),(2068,164,1554422400,NULL,0,NULL,36,NULL,0,NULL,NULL,9),(2069,153,NULL,1517875200,NULL,1570,NULL,0,0,63,1517918765,9),(2070,153,NULL,1516320000,NULL,400,NULL,0,0,333,1517918789,9),(2071,153,NULL,1516406400,NULL,370,NULL,0,0,333,1517918816,9),(2072,13,NULL,1517875200,NULL,1200,NULL,0,0,111,1517919467,9),(2073,165,1520553600,1519084800,9000,1930,70,70,0,333,1519193635,6),(2074,165,1523232000,1519603200,0,1936,64,64,0,333,1519726600,6),(2075,165,1525910400,1520208000,0,1936,64,64,0,333,1520404231,6),(2076,165,1528588800,1520380800,0,1536,64,64,0,333,1520404249,6),(2077,165,1531267200,1520380800,0,736,64,64,0,333,1520404875,6),(2078,165,1533945600,1520380800,0,926,64,574,0,333,1520404904,6),(2079,165,1536624000,NULL,0,NULL,64,NULL,0,NULL,NULL,9),(2080,165,1539302400,NULL,0,NULL,64,NULL,0,NULL,NULL,9),(2081,165,1541980800,NULL,0,NULL,64,NULL,0,NULL,NULL,9),(2082,165,1544659200,NULL,0,NULL,64,NULL,0,NULL,NULL,9),(2083,165,1547337600,NULL,0,NULL,64,NULL,0,NULL,NULL,9),(2084,165,1550016000,NULL,0,NULL,64,NULL,0,NULL,NULL,9),(2085,165,1552694400,NULL,0,NULL,64,NULL,0,NULL,NULL,9),(2086,165,1555372800,NULL,0,NULL,64,NULL,0,NULL,NULL,9),(2087,165,1558051200,NULL,0,NULL,64,NULL,0,NULL,NULL,9),(2088,165,1560729600,NULL,0,NULL,64,NULL,0,NULL,NULL,9),(2089,165,1563408000,NULL,0,NULL,64,NULL,0,NULL,NULL,9),(2090,165,1566086400,NULL,0,NULL,64,NULL,0,NULL,NULL,9),(2091,165,1568764800,NULL,0,NULL,64,NULL,0,NULL,NULL,9),(2092,165,1571443200,NULL,0,NULL,64,NULL,0,NULL,NULL,9),(2093,165,1574121600,NULL,0,NULL,64,NULL,0,NULL,NULL,9),(2094,166,1520553600,1518048000,3000,323,27,27,0,333,1518156336,9),(2095,166,1523232000,1518307200,0,479,21,21,0,333,1520406486,9),(2096,166,1525910400,1518480000,0,279,21,21,0,333,1520406506,9),(2097,166,1528588800,1518825600,0,379,21,21,0,333,1520406525,9),(2098,166,1531267200,1520294400,0,679,21,21,0,333,1520406047,6),(2099,166,1533945600,1524862800,0,319,21,21,0,666,1524902973,9),(2100,166,1536624000,NULL,0,NULL,21,NULL,0,NULL,NULL,9),(2101,166,1539302400,NULL,0,NULL,21,NULL,0,NULL,NULL,9),(2102,166,1541980800,NULL,0,NULL,21,NULL,0,NULL,NULL,9),(2103,166,1544659200,NULL,0,NULL,21,NULL,0,NULL,NULL,9),(2104,166,1547337600,NULL,0,NULL,21,NULL,0,NULL,NULL,9),(2105,166,1550016000,NULL,0,NULL,21,NULL,0,NULL,NULL,9),(2106,166,1552694400,NULL,0,NULL,21,NULL,0,NULL,NULL,9),(2107,166,1555372800,NULL,0,NULL,21,NULL,0,NULL,NULL,9),(2108,169,1520294400,1518220800,4000,1964,36,36,0,333,1518426397,9),(2109,169,1522972800,1518825600,0,2036,28,364,0,117,1518875055,9),(2110,169,1525651200,NULL,0,NULL,28,NULL,0,NULL,NULL,9),(2111,169,1528329600,NULL,0,NULL,28,NULL,0,NULL,NULL,9),(2112,169,1531008000,NULL,0,NULL,28,NULL,0,NULL,NULL,9),(2113,169,1533686400,NULL,0,NULL,28,NULL,0,NULL,NULL,9),(2114,169,1536364800,NULL,0,NULL,28,NULL,0,NULL,NULL,9),(2115,169,1539043200,NULL,0,NULL,28,NULL,0,NULL,NULL,9),(2116,169,1541721600,NULL,0,NULL,28,NULL,0,NULL,NULL,9),(2117,169,1544400000,NULL,0,NULL,28,NULL,0,NULL,NULL,9),(2118,169,1547078400,NULL,0,NULL,28,NULL,0,NULL,NULL,9),(2119,169,1549756800,NULL,0,NULL,28,NULL,0,NULL,NULL,9),(2120,169,1552435200,NULL,0,NULL,28,NULL,0,NULL,NULL,9),(2121,169,1555113600,NULL,0,NULL,28,NULL,0,NULL,NULL,9),(2122,171,1519603200,1517184000,2000,142,18,18,0,333,1517994779,9),(2123,171,1522281600,1517270400,0,146,14,14,0,333,1517994827,9),(2124,171,1524960000,1517356800,0,141,14,14,0,333,1517994840,9),(2125,171,1527638400,1517443200,0,146,14,14,0,333,1517994854,9),(2126,171,1530316800,1517875200,0,436,14,14,0,333,1517994866,9),(2127,171,1532995200,1518480000,0,586,14,14,0,333,1518676287,9),(2128,171,1535673600,1518048000,0,403,14,97,0,333,1518677372,9),(2129,171,1538352000,1518566400,0,0,14,15,0,333,1518677437,9),(2130,171,1541030400,NULL,0,NULL,14,NULL,0,NULL,NULL,9),(2131,171,1543708800,NULL,0,NULL,14,NULL,0,NULL,NULL,9),(2132,171,1546387200,NULL,0,NULL,14,NULL,0,NULL,NULL,9),(2133,171,1549065600,NULL,0,NULL,14,NULL,0,NULL,NULL,9),(2134,171,1551744000,NULL,0,NULL,14,NULL,0,NULL,NULL,9),(2135,171,1554422400,NULL,0,NULL,14,NULL,0,NULL,NULL,9),(2136,173,1519689600,1518048000,5000,2768,32,32,0,222,1518155787,9),(2137,173,1522368000,1518566400,0,164,36,36,0,333,1518670741,9),(2138,173,1525046400,1519084800,0,2068,36,432,0,333,1519193770,6),(2139,173,1527724800,NULL,0,NULL,36,NULL,0,NULL,NULL,9),(2140,173,1530403200,NULL,0,NULL,36,NULL,0,NULL,NULL,9),(2141,173,1533081600,NULL,0,NULL,36,NULL,0,NULL,NULL,9),(2142,173,1535760000,NULL,0,NULL,36,NULL,0,NULL,NULL,9),(2143,173,1538438400,NULL,0,NULL,36,NULL,0,NULL,NULL,9),(2144,173,1541116800,NULL,0,NULL,36,NULL,0,NULL,NULL,9),(2145,173,1543795200,NULL,0,NULL,36,NULL,0,NULL,NULL,9),(2146,173,1546473600,NULL,0,NULL,36,NULL,0,NULL,NULL,9),(2147,173,1549152000,NULL,0,NULL,36,NULL,0,NULL,NULL,9),(2148,173,1551830400,NULL,0,NULL,36,NULL,0,NULL,NULL,9),(2149,173,1554508800,NULL,0,NULL,36,NULL,0,NULL,NULL,9),(2150,174,1520726400,1518480000,2000,782,18,18,0,333,1518783137,9),(2151,174,1523404800,1519344000,0,1218,14,182,0,333,1519395894,6),(2152,174,1526083200,NULL,0,NULL,14,NULL,0,NULL,NULL,9),(2153,174,1528761600,NULL,0,NULL,14,NULL,0,NULL,NULL,9),(2154,174,1531440000,NULL,0,NULL,14,NULL,0,NULL,NULL,9),(2155,174,1534118400,NULL,0,NULL,14,NULL,0,NULL,NULL,9),(2156,174,1536796800,NULL,0,NULL,14,NULL,0,NULL,NULL,9),(2157,174,1539475200,NULL,0,NULL,14,NULL,0,NULL,NULL,9),(2158,174,1542153600,NULL,0,NULL,14,NULL,0,NULL,NULL,9),(2159,174,1544832000,NULL,0,NULL,14,NULL,0,NULL,NULL,9),(2160,174,1547510400,NULL,0,NULL,14,NULL,0,NULL,NULL,9),(2161,174,1550188800,NULL,0,NULL,14,NULL,0,NULL,NULL,9),(2162,174,1552867200,NULL,0,NULL,14,NULL,0,NULL,NULL,9),(2163,174,1555545600,NULL,0,NULL,14,NULL,0,NULL,NULL,9),(2164,170,1520726400,1518652800,7000,1950,50,50,0,97,1518690540,9),(2165,170,1523404800,1519084800,0,450,50,50,0,333,1519194929,6),(2166,170,1526083200,1519344000,0,1450,50,50,0,333,1519395801,6),(2167,170,1528761600,1520380800,0,1950,50,50,0,333,1520404030,6),(2168,170,1531440000,1520899200,0,1200,50,330,0,444,1520933582,9),(2169,170,1534118400,1521072000,0,0,50,170,0,333,1521203022,9),(2170,170,1536796800,1521158400,0,0,50,350,0,333,1521203034,9),(2171,170,1539475200,NULL,0,NULL,50,NULL,0,NULL,NULL,9),(2172,170,1542153600,NULL,0,NULL,50,NULL,0,NULL,NULL,9),(2173,170,1544832000,NULL,0,NULL,50,NULL,0,NULL,NULL,9),(2174,170,1547510400,NULL,0,NULL,50,NULL,0,NULL,NULL,9),(2175,170,1550188800,NULL,0,NULL,50,NULL,0,NULL,NULL,9),(2176,170,1552867200,NULL,0,NULL,50,NULL,0,NULL,NULL,9),(2177,170,1555545600,NULL,0,NULL,50,NULL,0,NULL,NULL,9),(2178,170,1558224000,NULL,0,NULL,50,NULL,0,NULL,NULL,9),(2179,170,1560902400,NULL,0,NULL,50,NULL,0,NULL,NULL,9),(2180,170,1563580800,NULL,0,NULL,50,NULL,0,NULL,NULL,9),(2181,170,1566259200,NULL,0,NULL,50,NULL,0,NULL,NULL,9),(2182,170,1568937600,NULL,0,NULL,50,NULL,0,NULL,NULL,9),(2183,170,1571616000,NULL,0,NULL,50,NULL,0,NULL,NULL,9),(2184,170,1574294400,NULL,0,NULL,50,NULL,0,NULL,NULL,9),(2185,162,1520726400,1519084800,5000,1968,32,32,0,333,1519193977,6),(2186,162,1523404800,1519344000,0,2564,36,36,0,333,1519396121,6),(2187,162,1526083200,1519344000,0,468,36,432,0,333,1519396137,6),(2188,162,1528761600,NULL,0,NULL,36,NULL,0,NULL,NULL,9),(2189,162,1531440000,NULL,0,NULL,36,NULL,0,NULL,NULL,9),(2190,162,1534118400,NULL,0,NULL,36,NULL,0,NULL,NULL,9),(2191,162,1536796800,NULL,0,NULL,36,NULL,0,NULL,NULL,9),(2192,162,1539475200,NULL,0,NULL,36,NULL,0,NULL,NULL,9),(2193,162,1542153600,NULL,0,NULL,36,NULL,0,NULL,NULL,9),(2194,162,1544832000,NULL,0,NULL,36,NULL,0,NULL,NULL,9),(2195,162,1547510400,NULL,0,NULL,36,NULL,0,NULL,NULL,9),(2196,162,1550188800,NULL,0,NULL,36,NULL,0,NULL,NULL,9),(2197,162,1552867200,NULL,0,NULL,36,NULL,0,NULL,NULL,9),(2198,162,1555545600,NULL,0,NULL,36,NULL,0,NULL,NULL,9),(2199,167,1520726400,1518480000,5000,468,32,32,0,333,1518675884,9),(2200,167,1523404800,1518566400,0,664,36,36,0,333,1518675898,9),(2201,167,1526083200,1518652800,0,1464,36,36,0,98,1518690593,9),(2202,167,1528761600,1519084800,0,464,36,36,0,333,1519297188,6),(2203,167,1531440000,1519257600,0,464,36,36,0,63,1519297201,6),(2204,167,1534118400,1519344000,0,1476,36,324,0,333,1519395769,6),(2205,167,1536796800,NULL,0,NULL,36,NULL,0,NULL,NULL,9),(2206,167,1539475200,NULL,0,NULL,36,NULL,0,NULL,NULL,9),(2207,167,1542153600,NULL,0,NULL,36,NULL,0,NULL,NULL,9),(2208,167,1544832000,NULL,0,NULL,36,NULL,0,NULL,NULL,9),(2209,167,1547510400,NULL,0,NULL,36,NULL,0,NULL,NULL,9),(2210,167,1550188800,NULL,0,NULL,36,NULL,0,NULL,NULL,9),(2211,167,1552867200,NULL,0,NULL,36,NULL,0,NULL,NULL,9),(2212,167,1555545600,NULL,0,NULL,36,NULL,0,NULL,NULL,9),(2213,175,1520726400,1518134400,4000,284,36,36,0,333,1518426663,9),(2214,175,1523404800,1518220800,0,292,28,28,0,333,1518426673,9),(2215,175,1526083200,1518307200,0,292,28,28,0,333,1518426690,9),(2216,175,1528761600,1518393600,0,292,28,28,0,333,1518670619,9),(2217,175,1531440000,1518480000,0,292,28,28,0,333,1518670633,9),(2218,175,1534118400,1518566400,0,292,28,28,0,333,1518670643,9),(2219,175,1536796800,1518652800,0,292,28,28,0,333,1518783074,9),(2220,175,1539475200,1518739200,0,292,28,28,0,333,1518850946,9),(2221,175,1542153600,1518825600,0,292,28,28,0,333,1519029380,6),(2222,175,1544832000,1518912000,0,292,28,28,0,333,1519029390,6),(2223,175,1547510400,1518998400,0,292,28,28,0,333,1519194009,6),(2224,175,1550188800,1519084800,0,292,28,28,0,333,1519194019,6),(2225,175,1552867200,1519171200,0,292,28,28,0,333,1519297239,6),(2226,175,1555545600,1519257600,0,212,28,28,0,333,1519726690,6),(2227,176,1519516800,1516924800,2000,222,18,18,0,333,1518156826,9),(2228,176,1522195200,1517011200,0,226,14,14,0,333,1518156855,9),(2229,176,1524873600,1517097600,0,226,14,14,0,333,1518156868,9),(2230,176,1527552000,1517184000,0,226,14,14,0,333,1518156880,9),(2231,176,1530230400,1517270400,0,226,14,14,0,333,1518156896,9),(2232,176,1532908800,1517356800,0,226,14,14,0,333,1518156910,9),(2233,176,1535587200,1517529600,0,226,14,14,0,333,1518156928,9),(2234,176,1538265600,1517702400,0,226,14,14,0,333,1518156943,9),(2235,176,1540944000,1517788800,0,196,14,44,0,333,1518156960,9),(2236,176,1543622400,1517961600,0,0,14,40,0,333,1518156973,9),(2237,176,1546300800,NULL,0,NULL,14,NULL,0,NULL,NULL,9),(2238,176,1548979200,NULL,0,NULL,14,NULL,0,NULL,NULL,9),(2239,176,1551657600,NULL,0,NULL,14,NULL,0,NULL,NULL,9),(2240,176,1554336000,NULL,0,NULL,14,NULL,0,NULL,NULL,9),(2241,18,NULL,1517961600,NULL,500,NULL,0,0,111,1518157595,9),(2242,178,1519862400,NULL,-3000,NULL,77,NULL,0,NULL,NULL,9),(2243,178,1522540800,NULL,1000,NULL,71,NULL,0,NULL,NULL,9),(2244,178,1525219200,NULL,1000,NULL,71,NULL,0,NULL,NULL,9),(2245,178,1527897600,NULL,1000,NULL,71,NULL,0,NULL,NULL,9),(2246,178,1530576000,NULL,1000,NULL,71,NULL,0,NULL,NULL,9),(2247,178,1533254400,NULL,1000,NULL,71,NULL,0,NULL,NULL,9),(2248,178,1535932800,NULL,1000,NULL,71,NULL,0,NULL,NULL,9),(2249,178,1538611200,NULL,1000,NULL,71,NULL,0,NULL,NULL,9),(2250,178,1541289600,NULL,1000,NULL,71,NULL,0,NULL,NULL,9),(2251,178,1543968000,NULL,1000,NULL,71,NULL,0,NULL,NULL,9),(2252,178,1546646400,NULL,1000,NULL,71,NULL,0,NULL,NULL,9),(2253,178,1549324800,NULL,1000,NULL,71,NULL,0,NULL,NULL,9),(2254,178,1552003200,NULL,1000,NULL,71,NULL,0,NULL,NULL,9),(2255,178,1554681600,NULL,1000,NULL,71,NULL,0,NULL,NULL,9),(2256,179,1519862400,1517270400,10000,470,80,80,0,333,1518439833,9),(2257,179,1522540800,1517356800,0,479,71,71,0,333,1518439853,9),(2258,179,1525219200,1517443200,0,929,71,71,0,333,1518439890,9),(2259,179,1527897600,1517702400,0,929,71,71,0,333,1518439903,9),(2260,179,1530576000,1517875200,0,929,71,71,0,333,1518439918,9),(2261,179,1533254400,1518393600,0,1429,71,71,0,333,1518439936,9),(2262,179,1535932800,1518998400,0,1929,71,71,0,2,1519048056,6),(2263,179,1538611200,1519084800,0,2906,71,994,0,333,1519193806,6),(2264,179,1541289600,NULL,0,NULL,71,NULL,0,NULL,NULL,9),(2265,179,1543968000,NULL,0,NULL,71,NULL,0,NULL,NULL,9),(2266,179,1546646400,NULL,0,NULL,71,NULL,0,NULL,NULL,9),(2267,179,1549324800,NULL,0,NULL,71,NULL,0,NULL,NULL,9),(2268,179,1552003200,NULL,0,NULL,71,NULL,0,NULL,NULL,9),(2269,179,1554681600,NULL,0,NULL,71,NULL,0,NULL,NULL,9),(2270,179,1557360000,NULL,0,NULL,71,NULL,0,NULL,NULL,9),(2271,179,1560038400,NULL,0,NULL,71,NULL,0,NULL,NULL,9),(2272,179,1562716800,NULL,0,NULL,71,NULL,0,NULL,NULL,9),(2273,179,1565395200,NULL,0,NULL,71,NULL,0,NULL,NULL,9),(2274,179,1568073600,NULL,0,NULL,71,NULL,0,NULL,NULL,9),(2275,179,1570752000,NULL,0,NULL,71,NULL,0,NULL,NULL,9),(2276,179,1573430400,NULL,0,NULL,71,NULL,0,NULL,NULL,9),(2277,182,1519862400,1517270400,10000,470,80,80,0,333,1518676014,9),(2278,182,1522540800,1517356800,0,479,71,71,0,333,1518676031,9),(2279,182,1525219200,1517702400,0,929,71,71,0,333,1518676105,9),(2280,182,1527897600,1517875200,0,929,71,71,0,333,1518676115,9),(2281,182,1530576000,1518393600,0,1429,71,71,0,333,1518676129,9),(2282,182,1533254400,NULL,0,NULL,71,NULL,0,NULL,NULL,9),(2283,182,1535932800,NULL,0,NULL,71,NULL,0,NULL,NULL,9),(2284,182,1538611200,NULL,0,NULL,71,NULL,0,NULL,NULL,9),(2285,182,1541289600,NULL,0,NULL,71,NULL,0,NULL,NULL,9),(2286,182,1543968000,NULL,0,NULL,71,NULL,0,NULL,NULL,9),(2287,182,1546646400,NULL,0,NULL,71,NULL,0,NULL,NULL,9),(2288,182,1549324800,NULL,0,NULL,71,NULL,0,NULL,NULL,9),(2289,182,1552003200,NULL,0,NULL,71,NULL,0,NULL,NULL,9),(2290,182,1554681600,NULL,0,NULL,71,NULL,0,NULL,NULL,9),(2291,182,1557360000,NULL,0,NULL,71,NULL,0,NULL,NULL,9),(2292,182,1560038400,NULL,0,NULL,71,NULL,0,NULL,NULL,9),(2293,182,1562716800,NULL,0,NULL,71,NULL,0,NULL,NULL,9),(2294,182,1565395200,NULL,0,NULL,71,NULL,0,NULL,NULL,9),(2295,182,1568073600,NULL,0,NULL,71,NULL,0,NULL,NULL,9),(2296,182,1570752000,NULL,0,NULL,71,NULL,0,NULL,NULL,9),(2297,182,1573430400,NULL,0,NULL,71,NULL,0,NULL,NULL,9),(2298,28,NULL,1518480000,NULL,700,NULL,0,0,111,1518676372,9),(2299,28,NULL,1518480000,NULL,700,NULL,0,0,111,1518782278,9),(2301,28,NULL,1517616000,NULL,500,NULL,0,0,111,1518782636,9),(2305,185,1520899200,1520294400,-2000,1640,860,860,0,111,1520406800,9),(2306,185,1523577600,1522962000,2000,1660,840,840,0,111,1523418564,9),(2307,185,1526256000,1526590800,2000,1660,840,840,0,111,1527138532,9),(2308,185,1528934400,1528405200,2000,1660,840,840,0,333,1528529984,9),(2309,185,1531612800,1530824400,2000,0,840,500,0,111,1531210588,9),(2310,185,1534291200,1531602000,2000,1160,840,840,0,111,1531713744,9),(2311,185,1536969600,NULL,2000,NULL,840,NULL,0,NULL,NULL,9),(2312,185,1539648000,NULL,2000,NULL,840,NULL,0,NULL,NULL,9),(2313,185,1542326400,NULL,2000,NULL,840,NULL,0,NULL,NULL,9),(2314,185,1545004800,NULL,2000,NULL,840,NULL,0,NULL,NULL,9),(2315,185,1547683200,NULL,2000,NULL,840,NULL,0,NULL,NULL,9),(2316,185,1550361600,NULL,2000,NULL,840,NULL,0,NULL,NULL,9),(2318,18,NULL,1518998400,NULL,8000,NULL,0,0,111,1519027849,6),(2319,177,1521676800,1519171200,5000,368,32,32,0,333,1519221105,6),(2320,177,1524355200,1519344000,0,364,36,36,0,333,1519395859,6),(2321,177,1527033600,1519689600,0,364,36,36,0,333,1520232058,6),(2322,177,1529712000,NULL,0,NULL,36,NULL,0,NULL,NULL,6),(2323,177,1532390400,NULL,0,NULL,36,NULL,0,NULL,NULL,6),(2324,177,1535068800,NULL,0,NULL,36,NULL,0,NULL,NULL,6),(2325,177,1537747200,NULL,0,NULL,36,NULL,0,NULL,NULL,6),(2326,177,1540425600,NULL,0,NULL,36,NULL,0,NULL,NULL,6),(2327,177,1543104000,NULL,0,NULL,36,NULL,0,NULL,NULL,6),(2328,177,1545782400,NULL,0,NULL,36,NULL,0,NULL,NULL,6),(2329,177,1548460800,NULL,0,NULL,36,NULL,0,NULL,NULL,6),(2330,177,1551139200,NULL,0,NULL,36,NULL,0,NULL,NULL,6),(2331,177,1553817600,NULL,0,NULL,36,NULL,0,NULL,NULL,6),(2332,177,1556496000,NULL,0,NULL,36,NULL,0,NULL,NULL,6),(2333,122,1521676800,1519689600,5000,2768,32,32,0,333,1519726554,6),(2334,122,1524355200,1520294400,0,2232,36,468,0,333,1520403990,6),(2335,122,1527033600,NULL,0,NULL,36,NULL,0,NULL,NULL,6),(2336,122,1529712000,NULL,0,NULL,36,NULL,0,NULL,NULL,6),(2337,122,1532390400,NULL,0,NULL,36,NULL,0,NULL,NULL,6),(2338,122,1535068800,NULL,0,NULL,36,NULL,0,NULL,NULL,6),(2339,122,1537747200,NULL,0,NULL,36,NULL,0,NULL,NULL,6),(2340,122,1540425600,NULL,0,NULL,36,NULL,0,NULL,NULL,6),(2341,122,1543104000,NULL,0,NULL,36,NULL,0,NULL,NULL,6),(2342,122,1545782400,NULL,0,NULL,36,NULL,0,NULL,NULL,6),(2343,122,1548460800,NULL,0,NULL,36,NULL,0,NULL,NULL,6),(2344,122,1551139200,NULL,0,NULL,36,NULL,0,NULL,NULL,6),(2345,122,1553817600,NULL,0,NULL,36,NULL,0,NULL,NULL,6),(2346,122,1556496000,NULL,0,NULL,36,NULL,0,NULL,NULL,6),(2347,188,1521849600,1519603200,-7000,690,110,110,0,333,1521003683,9),(2348,188,1524528000,1519776000,1000,2908,92,92,0,333,1521003702,9),(2349,188,1527206400,1520035200,1000,1408,92,92,0,333,1521003722,9),(2350,188,1529884800,1521158400,1000,708,92,92,0,333,1521202356,9),(2351,188,1532563200,1521417600,1000,2908,92,92,0,333,1521635702,9),(2352,188,1535241600,1522702800,1000,708,92,92,0,333,1522825694,9),(2353,188,1537920000,1522962000,1000,1108,92,92,0,333,1522999006,9),(2354,188,1540598400,1523221200,1000,608,92,92,0,111,1523418843,9),(2355,188,1543276800,1524517200,1000,1954,92,1196,0,333,1524572763,9),(2356,188,1545955200,NULL,1000,NULL,92,NULL,0,NULL,NULL,6),(2357,188,1548633600,NULL,1000,NULL,92,NULL,0,NULL,NULL,6),(2358,188,1551312000,NULL,1000,NULL,92,NULL,0,NULL,NULL,6),(2359,188,1553990400,NULL,1000,NULL,92,NULL,0,NULL,NULL,6),(2360,188,1556668800,NULL,1000,NULL,92,NULL,0,NULL,NULL,6),(2361,188,1559347200,NULL,1000,NULL,92,NULL,0,NULL,NULL,6),(2362,188,1562025600,NULL,1000,NULL,92,NULL,0,NULL,NULL,6),(2363,188,1564704000,NULL,1000,NULL,92,NULL,0,NULL,NULL,6),(2364,188,1567382400,NULL,1000,NULL,92,NULL,0,NULL,NULL,6),(2365,188,1570060800,NULL,1000,NULL,92,NULL,0,NULL,NULL,6),(2366,188,1572739200,NULL,1000,NULL,92,NULL,0,NULL,NULL,6),(2367,188,1575417600,NULL,1000,NULL,92,NULL,0,NULL,NULL,6),(2370,193,1522281600,1519689600,1000,191,9,9,0,333,1520232594,6),(2371,193,1524960000,1519862400,0,193,7,7,0,333,1520232608,6),(2372,193,1527638400,1520035200,0,193,7,7,0,333,1520232625,6),(2373,193,1530316800,1520294400,0,423,7,77,0,333,1520404348,6),(2374,193,1532995200,NULL,0,NULL,7,NULL,0,NULL,NULL,6),(2375,193,1535673600,NULL,0,NULL,7,NULL,0,NULL,NULL,6),(2376,193,1538352000,NULL,0,NULL,7,NULL,0,NULL,NULL,6),(2377,193,1541030400,NULL,0,NULL,7,NULL,0,NULL,NULL,6),(2378,193,1543708800,NULL,0,NULL,7,NULL,0,NULL,NULL,6),(2379,193,1546387200,NULL,0,NULL,7,NULL,0,NULL,NULL,6),(2380,193,1549065600,NULL,0,NULL,7,NULL,0,NULL,NULL,6),(2381,193,1551744000,NULL,0,NULL,7,NULL,0,NULL,NULL,6),(2382,193,1554422400,NULL,0,NULL,7,NULL,0,NULL,NULL,6),(2383,193,1557100800,NULL,0,NULL,7,NULL,0,NULL,NULL,6),(2384,195,1522972800,1520380800,2000,142,18,18,0,333,1520404473,6),(2385,195,1525651200,1520467200,0,146,14,14,0,333,1520835246,9),(2386,195,1528329600,1520553600,0,146,14,14,0,333,1520835260,9),(2387,195,1531008000,1520640000,0,146,14,14,0,333,1520835274,9),(2388,195,1533686400,1520812800,0,146,14,14,0,333,1520931774,9),(2389,195,1536364800,1521158400,0,186,14,14,0,333,1521202459,9),(2390,195,1539043200,1521417600,0,176,14,14,0,333,1521636039,9),(2391,195,1541721600,1521504000,0,186,14,14,0,333,1521880907,9),(2392,195,1544400000,1521590400,0,186,14,14,0,333,1521880922,9),(2393,195,1547078400,1521849600,0,540,14,70,0,333,1521880940,9),(2394,195,1549756800,NULL,0,NULL,14,NULL,0,NULL,NULL,6),(2395,195,1552435200,NULL,0,NULL,14,NULL,0,NULL,NULL,6),(2396,195,1555113600,NULL,0,NULL,14,NULL,0,NULL,NULL,6),(2397,195,1557792000,NULL,0,NULL,14,NULL,0,NULL,NULL,6),(2398,199,1523232000,1521676800,5000,1968,32,32,0,333,1521704719,9),(2399,199,1525910400,1522022400,0,1564,36,36,0,333,1522062047,9),(2400,199,1528588800,1522011600,0,964,36,36,0,333,1522131443,9),(2401,199,1531267200,1522011600,0,504,36,396,0,333,1522131536,9),(2402,199,1533945600,NULL,0,NULL,36,NULL,0,NULL,NULL,9),(2403,199,1536624000,NULL,0,NULL,36,NULL,0,NULL,NULL,9),(2404,199,1539302400,NULL,0,NULL,36,NULL,0,NULL,NULL,9),(2405,199,1541980800,NULL,0,NULL,36,NULL,0,NULL,NULL,9),(2406,199,1544659200,NULL,0,NULL,36,NULL,0,NULL,NULL,9),(2407,199,1547337600,NULL,0,NULL,36,NULL,0,NULL,NULL,9),(2408,199,1550016000,NULL,0,NULL,36,NULL,0,NULL,NULL,9),(2409,199,1552694400,NULL,0,NULL,36,NULL,0,NULL,NULL,9),(2410,199,1555372800,NULL,0,NULL,36,NULL,0,NULL,NULL,9),(2411,199,1558051200,NULL,0,NULL,36,NULL,0,NULL,NULL,9),(2416,208,1524776400,1522184400,4000,164,36,36,0,333,1522323536,9),(2417,208,1527454800,1522357200,0,272,28,28,0,333,1522825732,9),(2418,208,1530133200,1522789200,0,172,28,28,0,333,1522938351,9),(2419,208,1532811600,1522875600,0,172,28,28,0,333,1522938361,9),(2420,208,1535490000,1523221200,0,272,28,28,0,222,1523418879,9),(2421,208,1538168400,1523307600,0,272,28,28,0,222,1523418894,9),(2422,208,1540846800,1523394000,0,172,28,28,0,111,1523507486,9),(2423,208,1543525200,1523566800,0,272,28,28,0,333,1524066027,9),(2424,208,1546203600,1524171600,0,272,28,28,0,333,1524457168,9),(2425,208,1548882000,1524085200,0,172,28,28,0,333,1524457187,9),(2426,208,1551560400,1524430800,0,472,28,28,0,333,1524566568,9),(2427,208,1554238800,1524517200,0,272,28,28,0,333,1526399248,9),(2428,208,1556917200,1524690000,0,272,28,28,0,222,1526399270,9),(2429,208,1559595600,1526331600,0,372,28,28,0,222,1526399294,9),(2430,192,1524949200,1522357200,5000,368,32,32,0,333,1522938122,9),(2431,192,1527627600,1522530000,0,364,36,36,0,333,1522938139,9),(2432,192,1530306000,1522616400,0,364,36,36,0,333,1522938148,9),(2433,192,1532984400,1522702800,0,364,36,36,0,333,1522938166,9),(2434,192,1535662800,1522875600,0,364,36,36,0,111,1522941541,9),(2435,192,1538341200,1523048400,0,1564,36,36,0,111,1523418671,9),(2436,192,1541019600,1523307600,0,1164,36,36,0,111,1523419256,9),(2437,192,1543698000,1523480400,0,448,36,252,0,111,1524064883,9),(2438,192,1546376400,NULL,0,NULL,36,NULL,0,NULL,NULL,9),(2439,192,1549054800,NULL,0,NULL,36,NULL,0,NULL,NULL,9),(2440,192,1551733200,NULL,0,NULL,36,NULL,0,NULL,NULL,9),(2441,192,1554411600,NULL,0,NULL,36,NULL,0,NULL,NULL,9),(2442,192,1557090000,NULL,0,NULL,36,NULL,0,NULL,NULL,9),(2443,192,1559768400,NULL,0,NULL,36,NULL,0,NULL,NULL,9),(2444,206,1524949200,1522962000,5000,2568,32,32,0,333,1523508332,9),(2445,206,1527627600,1523307600,0,564,36,36,0,333,1523508344,9),(2446,206,1530306000,1523566800,0,964,36,36,0,333,1524065908,9),(2447,206,1532984400,1523998800,0,904,36,96,0,333,1524065919,9),(2448,206,1535662800,1524085200,0,0,36,300,0,333,1524457068,9),(2449,206,1538341200,NULL,0,NULL,36,NULL,0,NULL,NULL,9),(2450,206,1541019600,NULL,0,NULL,36,NULL,0,NULL,NULL,9),(2451,206,1543698000,NULL,0,NULL,36,NULL,0,NULL,NULL,9),(2452,206,1546376400,NULL,0,NULL,36,NULL,0,NULL,NULL,9),(2453,206,1549054800,NULL,0,NULL,36,NULL,0,NULL,NULL,9),(2454,206,1551733200,NULL,0,NULL,36,NULL,0,NULL,NULL,9),(2455,206,1554411600,NULL,0,NULL,36,NULL,0,NULL,NULL,9),(2456,206,1557090000,NULL,0,NULL,36,NULL,0,NULL,NULL,9),(2457,206,1559768400,NULL,0,NULL,36,NULL,0,NULL,NULL,9),(2458,201,1524949200,1519851600,5000,568,32,32,0,333,1522937727,9),(2459,201,1527627600,1522357200,0,564,36,36,0,333,1522937770,9),(2460,201,1530306000,1522530000,0,564,36,36,0,333,1522937807,9),(2461,201,1532984400,1522702800,0,364,36,36,0,333,1522937834,9),(2462,201,1535662800,1522789200,0,564,36,36,0,333,1522937849,9),(2463,201,1538341200,1522875600,0,364,36,36,0,111,1522998651,9),(2464,201,1541019600,1523134800,0,464,36,36,0,111,1523418746,9),(2465,201,1543698000,1523221200,0,464,36,36,0,111,1523418810,9),(2466,201,1546376400,1523394000,0,364,36,36,0,111,1523507460,9),(2467,201,1549054800,1523480400,0,464,36,36,0,111,1523623990,9),(2468,201,1551733200,1523998800,0,256,36,144,0,444,1524066202,9),(2469,201,1554411600,NULL,0,NULL,36,NULL,0,NULL,NULL,9),(2470,201,1557090000,NULL,0,NULL,36,NULL,0,NULL,NULL,9),(2471,201,1559768400,NULL,0,NULL,36,NULL,0,NULL,NULL,9),(2472,190,1524949200,1490821200,5000,368,32,32,0,333,1522937895,9),(2473,190,1527627600,1522530000,0,364,36,36,0,333,1522937910,9),(2474,190,1530306000,1522616400,0,364,36,36,0,333,1522938045,9),(2475,190,1532984400,1522789200,0,364,36,36,0,333,1522938068,9),(2476,190,1535662800,1523134800,0,464,36,36,0,111,1523418775,9),(2477,190,1538341200,1523307600,0,264,36,36,0,111,1523419158,9),(2478,190,1541019600,1523826000,0,464,36,36,0,111,1524065066,9),(2479,190,1543698000,1523998800,0,364,36,36,0,111,1524065173,9),(2480,190,1546376400,1524690000,0,964,36,36,0,333,1524747414,9),(2481,190,1549054800,1524862800,0,1014,36,36,0,666,1524905884,9),(2482,190,1551733200,1529528400,0,6,36,144,0,555,1529555024,9),(2483,190,1554411600,NULL,0,NULL,36,NULL,0,NULL,NULL,9),(2484,190,1557090000,NULL,0,NULL,36,NULL,0,NULL,NULL,9),(2485,190,1559768400,NULL,0,NULL,36,NULL,0,NULL,NULL,9),(2486,184,1524949200,1522962000,5000,1968,32,32,0,333,1523421831,9),(2487,184,1527627600,1523566800,0,2664,36,36,0,333,1524066064,9),(2488,184,1530306000,1523566800,0,368,36,432,0,444,1524066117,9),(2489,184,1532984400,NULL,0,NULL,36,NULL,0,NULL,NULL,9),(2490,184,1535662800,NULL,0,NULL,36,NULL,0,NULL,NULL,9),(2491,184,1538341200,NULL,0,NULL,36,NULL,0,NULL,NULL,9),(2492,184,1541019600,NULL,0,NULL,36,NULL,0,NULL,NULL,9),(2493,184,1543698000,NULL,0,NULL,36,NULL,0,NULL,NULL,9),(2494,184,1546376400,NULL,0,NULL,36,NULL,0,NULL,NULL,9),(2495,184,1549054800,NULL,0,NULL,36,NULL,0,NULL,NULL,9),(2496,184,1551733200,NULL,0,NULL,36,NULL,0,NULL,NULL,9),(2497,184,1554411600,NULL,0,NULL,36,NULL,0,NULL,NULL,9),(2498,184,1557090000,NULL,0,NULL,36,NULL,0,NULL,NULL,9),(2499,184,1559768400,NULL,0,NULL,36,NULL,0,NULL,NULL,9),(2500,202,1524949200,NULL,5000,NULL,32,NULL,0,NULL,NULL,9),(2501,202,1527627600,NULL,0,NULL,36,NULL,0,NULL,NULL,9),(2502,202,1530306000,NULL,0,NULL,36,NULL,0,NULL,NULL,9),(2503,202,1532984400,NULL,0,NULL,36,NULL,0,NULL,NULL,9),(2504,202,1535662800,NULL,0,NULL,36,NULL,0,NULL,NULL,9),(2505,202,1538341200,NULL,0,NULL,36,NULL,0,NULL,NULL,9),(2506,202,1541019600,NULL,0,NULL,36,NULL,0,NULL,NULL,9),(2507,202,1543698000,NULL,0,NULL,36,NULL,0,NULL,NULL,9),(2508,202,1546376400,NULL,0,NULL,36,NULL,0,NULL,NULL,9),(2509,202,1549054800,NULL,0,NULL,36,NULL,0,NULL,NULL,9),(2510,202,1551733200,NULL,0,NULL,36,NULL,0,NULL,NULL,9),(2511,202,1554411600,NULL,0,NULL,36,NULL,0,NULL,NULL,9),(2512,202,1557090000,NULL,0,NULL,36,NULL,0,NULL,NULL,9),(2513,202,1559768400,NULL,0,NULL,36,NULL,0,NULL,NULL,9),(2514,209,1524949200,1523307600,3000,573,27,27,0,222,1523418974,9),(2515,209,1527627600,1523566800,0,479,21,21,0,333,1524065772,9),(2516,209,1530306000,1523566800,0,1629,21,21,0,333,1524065792,9),(2517,209,1532984400,1523826000,0,319,21,231,0,333,1524566892,9),(2518,209,1535662800,NULL,0,NULL,21,NULL,0,NULL,NULL,9),(2519,209,1538341200,NULL,0,NULL,21,NULL,0,NULL,NULL,9),(2520,209,1541019600,NULL,0,NULL,21,NULL,0,NULL,NULL,9),(2521,209,1543698000,NULL,0,NULL,21,NULL,0,NULL,NULL,9),(2522,209,1546376400,NULL,0,NULL,21,NULL,0,NULL,NULL,9),(2523,209,1549054800,NULL,0,NULL,21,NULL,0,NULL,NULL,9),(2524,209,1551733200,NULL,0,NULL,21,NULL,0,NULL,NULL,9),(2525,209,1554411600,NULL,0,NULL,21,NULL,0,NULL,NULL,9),(2526,209,1557090000,NULL,0,NULL,21,NULL,0,NULL,NULL,9),(2527,209,1559768400,NULL,0,NULL,21,NULL,0,NULL,NULL,9),(2528,207,1525381200,1523566800,5000,2468,32,32,0,333,1524066146,9),(2529,207,1528059600,NULL,0,NULL,36,NULL,0,NULL,1524568881,9),(2530,207,1530738000,1527195600,0,964,36,36,0,222,1527137289,9),(2531,207,1533416400,1525726800,0,464,36,36,0,222,1527137301,9),(2532,207,1536094800,1527022800,0,140,36,360,0,222,1527137336,9),(2533,207,1538773200,NULL,0,NULL,36,NULL,0,NULL,NULL,9),(2534,207,1541451600,NULL,0,NULL,36,NULL,0,NULL,NULL,9),(2535,207,1544130000,NULL,0,NULL,36,NULL,0,NULL,NULL,9),(2536,207,1546808400,NULL,0,NULL,36,NULL,0,NULL,NULL,9),(2537,207,1549486800,NULL,0,NULL,36,NULL,0,NULL,NULL,9),(2538,207,1552165200,NULL,0,NULL,36,NULL,0,NULL,NULL,9),(2539,207,1554843600,NULL,0,NULL,36,NULL,0,NULL,NULL,9),(2540,207,1557522000,NULL,0,NULL,36,NULL,0,NULL,NULL,9),(2541,207,1560200400,NULL,0,NULL,36,NULL,0,NULL,NULL,9),(2542,200,1525467600,1524171600,10000,2420,80,80,0,333,1524457235,9),(2543,200,1528146000,1524862800,0,3929,71,71,0,222,1524902228,9),(2544,200,1530824400,1526331600,0,3651,71,1349,0,222,1526399484,9),(2545,200,1533502800,NULL,0,NULL,71,NULL,0,NULL,NULL,9),(2546,200,1536181200,NULL,0,NULL,71,NULL,0,NULL,NULL,9),(2547,200,1538859600,NULL,0,NULL,71,NULL,0,NULL,NULL,9),(2548,200,1541538000,NULL,0,NULL,71,NULL,0,NULL,NULL,9),(2549,200,1544216400,NULL,0,NULL,71,NULL,0,NULL,NULL,9),(2550,200,1546894800,NULL,0,NULL,71,NULL,0,NULL,NULL,9),(2551,200,1549573200,NULL,0,NULL,71,NULL,0,NULL,NULL,9),(2552,200,1552251600,NULL,0,NULL,71,NULL,0,NULL,NULL,9),(2553,200,1554930000,NULL,0,NULL,71,NULL,0,NULL,NULL,9),(2554,200,1557608400,NULL,0,NULL,71,NULL,0,NULL,NULL,9),(2555,200,1560286800,NULL,0,NULL,71,NULL,0,NULL,NULL,9),(2556,200,1562965200,NULL,0,NULL,71,NULL,0,NULL,NULL,9),(2557,200,1565643600,NULL,0,NULL,71,NULL,0,NULL,NULL,9),(2558,200,1568322000,NULL,0,NULL,71,NULL,0,NULL,NULL,9),(2559,200,1571000400,NULL,0,NULL,71,NULL,0,NULL,NULL,9),(2560,200,1573678800,NULL,0,NULL,71,NULL,0,NULL,NULL,9),(2561,200,1576357200,NULL,0,NULL,71,NULL,0,NULL,NULL,9),(2562,200,1579035600,NULL,0,NULL,71,NULL,0,NULL,NULL,9),(2563,203,1525554000,1522962000,5000,368,32,32,0,111,1523418592,9),(2564,203,1528232400,1523048400,0,364,36,36,0,111,1523418605,9),(2565,203,1530910800,1523826000,0,1964,36,36,0,333,1524567601,9),(2566,203,1533589200,1524517200,0,1564,36,36,0,333,1524572814,9),(2567,203,1536267600,1524690000,0,740,36,260,0,222,1524902692,9),(2568,203,1538946000,1524862800,0,0,36,100,0,666,1524903059,9),(2569,203,1541624400,NULL,0,NULL,36,NULL,0,NULL,NULL,9),(2570,203,1544302800,NULL,0,NULL,36,NULL,0,NULL,NULL,9),(2571,203,1546981200,NULL,0,NULL,36,NULL,0,NULL,NULL,9),(2572,203,1549659600,NULL,0,NULL,36,NULL,0,NULL,NULL,9),(2573,203,1552338000,NULL,0,NULL,36,NULL,0,NULL,NULL,9),(2574,203,1555016400,NULL,0,NULL,36,NULL,0,NULL,NULL,9),(2575,203,1557694800,NULL,0,NULL,36,NULL,0,NULL,NULL,9),(2576,203,1560373200,NULL,0,NULL,36,NULL,0,NULL,NULL,9),(2577,204,1525554000,1523048400,5000,468,32,32,0,111,1523418638,9),(2578,204,1528232400,1523307600,0,464,36,36,0,111,1523419190,9),(2579,204,1530910800,1523826000,0,764,36,36,0,111,1524065015,9),(2580,204,1533589200,1524430800,0,464,36,36,0,333,1524566612,9),(2581,204,1536267600,1524603600,0,464,36,36,0,111,1524906232,9),(2582,204,1538946000,1525122000,0,464,36,36,0,222,1525448908,9),(2583,204,1541624400,1526331600,0,564,36,36,0,111,1526398495,9),(2584,204,1544302800,1527022800,0,664,36,36,0,111,1527136249,9),(2585,204,1546981200,1527022800,0,464,36,36,0,222,1527138567,9),(2586,204,1549659600,NULL,0,NULL,36,NULL,0,NULL,NULL,9),(2587,204,1552338000,NULL,0,NULL,36,NULL,0,NULL,NULL,9),(2588,204,1555016400,NULL,0,NULL,36,NULL,0,NULL,NULL,9),(2589,204,1557694800,NULL,0,NULL,36,NULL,0,NULL,NULL,9),(2590,204,1560373200,NULL,0,NULL,36,NULL,0,NULL,NULL,9),(2591,213,1525554000,1524171600,2000,982,18,18,0,333,1524457012,9),(2592,213,1528232400,1524517200,0,386,14,14,0,333,1524569373,9),(2593,213,1530910800,1523480400,0,632,14,168,0,333,1524569461,9),(2594,213,1533589200,NULL,0,NULL,14,NULL,0,NULL,NULL,9),(2595,213,1536267600,NULL,0,NULL,14,NULL,0,NULL,NULL,9),(2596,213,1538946000,NULL,0,NULL,14,NULL,0,NULL,NULL,9),(2597,213,1541624400,NULL,0,NULL,14,NULL,0,NULL,NULL,9),(2598,213,1544302800,NULL,0,NULL,14,NULL,0,NULL,NULL,9),(2599,213,1546981200,NULL,0,NULL,14,NULL,0,NULL,NULL,9),(2600,213,1549659600,NULL,0,NULL,14,NULL,0,NULL,NULL,9),(2601,213,1552338000,NULL,0,NULL,14,NULL,0,NULL,NULL,9),(2602,213,1555016400,NULL,0,NULL,14,NULL,0,NULL,NULL,9),(2603,213,1557694800,NULL,0,NULL,14,NULL,0,NULL,NULL,9),(2604,213,1560373200,NULL,0,NULL,14,NULL,0,NULL,NULL,9),(2605,13,NULL,1522875600,NULL,50,NULL,0,0,333,1522939007,9),(2606,212,1525640400,1523566800,5000,1968,32,32,0,333,1523622867,9),(2607,212,1528318800,1524171600,0,1964,36,36,0,333,1524457130,9),(2608,212,1530997200,1524430800,0,1068,36,432,0,333,1524566735,9),(2609,212,1533675600,NULL,0,NULL,36,NULL,0,NULL,NULL,9),(2610,212,1536354000,NULL,0,NULL,36,NULL,0,NULL,NULL,9),(2611,212,1539032400,NULL,0,NULL,36,NULL,0,NULL,NULL,9),(2612,212,1541710800,NULL,0,NULL,36,NULL,0,NULL,NULL,9),(2613,212,1544389200,NULL,0,NULL,36,NULL,0,NULL,NULL,9),(2614,212,1547067600,NULL,0,NULL,36,NULL,0,NULL,NULL,9),(2615,212,1549746000,NULL,0,NULL,36,NULL,0,NULL,NULL,9),(2616,212,1552424400,NULL,0,NULL,36,NULL,0,NULL,NULL,9),(2617,212,1555102800,NULL,0,NULL,36,NULL,0,NULL,NULL,9),(2618,212,1557781200,NULL,0,NULL,36,NULL,0,NULL,NULL,9),(2619,212,1560459600,NULL,0,NULL,36,NULL,0,NULL,NULL,9),(2620,211,1525640400,1523566800,5000,2668,32,32,0,333,1524065978,9),(2621,211,1528318800,1524776400,0,1964,36,36,0,333,1525164336,9),(2622,211,1530997200,1524776400,0,368,36,132,0,222,1525164466,9),(2623,211,1533675600,NULL,0,NULL,36,NULL,0,NULL,NULL,9),(2624,211,1536354000,NULL,0,NULL,36,NULL,0,NULL,NULL,9),(2625,211,1539032400,NULL,0,NULL,36,NULL,0,NULL,NULL,9),(2626,211,1541710800,NULL,0,NULL,36,NULL,0,NULL,NULL,9),(2627,211,1544389200,NULL,0,NULL,36,NULL,0,NULL,NULL,9),(2628,211,1547067600,NULL,0,NULL,36,NULL,0,NULL,NULL,9),(2629,211,1549746000,NULL,0,NULL,36,NULL,0,NULL,NULL,9),(2630,211,1552424400,NULL,0,NULL,36,NULL,0,NULL,NULL,9),(2631,211,1555102800,NULL,0,NULL,36,NULL,0,NULL,NULL,9),(2632,211,1557781200,NULL,0,NULL,36,NULL,0,NULL,NULL,9),(2633,211,1560459600,NULL,0,NULL,36,NULL,0,NULL,NULL,9),(2634,214,1525899600,1523998800,5000,1968,32,32,0,333,1524567453,9),(2635,214,1528578000,1525122000,0,1964,36,36,0,333,1525184484,9),(2636,214,1531256400,1526331600,0,1068,36,432,0,333,1526397955,9),(2637,214,1533934800,NULL,0,NULL,36,NULL,0,NULL,NULL,9),(2638,214,1536613200,NULL,0,NULL,36,NULL,0,NULL,NULL,9),(2639,214,1539291600,NULL,0,NULL,36,NULL,0,NULL,NULL,9),(2640,214,1541970000,NULL,0,NULL,36,NULL,0,NULL,NULL,9),(2641,214,1544648400,NULL,0,NULL,36,NULL,0,NULL,NULL,9),(2642,214,1547326800,NULL,0,NULL,36,NULL,0,NULL,NULL,9),(2643,214,1550005200,NULL,0,NULL,36,NULL,0,NULL,NULL,9),(2644,214,1552683600,NULL,0,NULL,36,NULL,0,NULL,NULL,9),(2645,214,1555362000,NULL,0,NULL,36,NULL,0,NULL,NULL,9),(2646,214,1558040400,NULL,0,NULL,36,NULL,0,NULL,NULL,9),(2647,214,1560718800,NULL,0,NULL,36,NULL,0,NULL,NULL,9),(2648,215,1525899600,1523307600,3000,303,27,27,0,111,1523419355,9),(2649,215,1528578000,1523480400,0,579,21,21,0,111,1524064829,9),(2650,215,1531256400,1523566800,0,279,21,21,0,111,1524064844,9),(2651,215,1533934800,1524430800,0,429,21,21,0,333,1524566383,9),(2652,215,1536613200,1524171600,0,379,21,21,0,333,1524566456,9),(2653,215,1539291600,1524258000,0,329,21,21,0,333,1524566470,9),(2654,215,1541970000,1523998800,0,369,21,21,0,333,1524566523,9),(2655,215,1544648400,1524603600,0,333,21,147,0,111,1524715682,9),(2656,215,1547326800,NULL,0,NULL,21,NULL,0,NULL,NULL,9),(2657,215,1550005200,NULL,0,NULL,21,NULL,0,NULL,NULL,9),(2658,215,1552683600,NULL,0,NULL,21,NULL,0,NULL,NULL,9),(2659,215,1555362000,NULL,0,NULL,21,NULL,0,NULL,NULL,9),(2660,215,1558040400,NULL,0,NULL,21,NULL,0,NULL,NULL,9),(2661,215,1560718800,NULL,0,NULL,21,NULL,0,NULL,NULL,9),(2662,127,NULL,1523394000,NULL,2562,NULL,1188,0,111,1523507419,9),(2663,106,NULL,1516309200,NULL,1500,NULL,500,0,222,1523623327,9),(2666,106,NULL,1517518800,NULL,1000,NULL,0,0,222,1523623423,9),(2667,106,NULL,1517691600,NULL,1000,NULL,0,0,111,1523623452,9),(2668,106,NULL,1518123600,NULL,1000,NULL,0,0,111,1523623483,9),(2669,106,NULL,1518728400,NULL,1000,NULL,0,0,222,1523623540,9),(2670,106,NULL,1519333200,NULL,1000,NULL,0,0,222,1523623562,9),(2671,106,NULL,1519938000,NULL,1000,NULL,0,0,222,1523623588,9),(2672,106,NULL,1520542800,NULL,1000,NULL,0,0,222,1523623616,9),(2673,106,NULL,1521147600,NULL,1000,NULL,0,0,222,1523623689,9),(2674,106,NULL,1521752400,NULL,1000,NULL,0,0,222,1523623727,9),(2675,217,1526418000,1523826000,5000,768,32,32,0,111,1524064987,9),(2676,217,1529096400,1523912400,0,364,36,36,0,111,1524065140,9),(2677,217,1531774800,1523998800,0,364,36,36,0,333,1524566657,9),(2678,217,1534453200,1524171600,0,364,36,36,0,333,1524566673,9),(2679,217,1537131600,1524344400,0,364,36,36,0,333,1524566687,9),(2680,217,1539810000,1524430800,0,364,36,36,0,333,1524566701,9),(2681,217,1542488400,1524517200,0,364,36,36,0,111,1524715730,9),(2682,217,1545166800,1524603600,0,364,36,36,0,111,1524715743,9),(2683,217,1547845200,1524690000,0,364,36,36,0,111,1524902585,9),(2684,217,1550523600,1524776400,0,364,36,36,0,111,1524902597,9),(2685,217,1553202000,1524085200,0,364,36,36,0,333,1525164138,9),(2686,217,1555880400,1524258000,0,364,36,36,0,333,1525164166,9),(2687,217,1558558800,1524862800,0,228,36,72,0,333,1525164197,9),(2688,217,1561237200,NULL,0,NULL,36,NULL,0,NULL,NULL,9),(2689,106,NULL,1524171600,NULL,850,NULL,0,0,333,1524456977,9),(2690,218,1526677200,1524690000,5000,2768,32,32,0,333,1524747442,9),(2691,218,1529355600,1525294800,0,1164,36,36,0,222,1525448824,9),(2692,218,1532034000,1525813200,0,1068,36,432,0,333,1526398149,9),(2693,218,1534712400,NULL,0,NULL,36,NULL,0,NULL,NULL,9),(2694,218,1537390800,NULL,0,NULL,36,NULL,0,NULL,NULL,9),(2695,218,1540069200,NULL,0,NULL,36,NULL,0,NULL,NULL,9),(2696,218,1542747600,NULL,0,NULL,36,NULL,0,NULL,NULL,9),(2697,218,1545426000,NULL,0,NULL,36,NULL,0,NULL,NULL,9),(2698,218,1548104400,NULL,0,NULL,36,NULL,0,NULL,NULL,9),(2699,218,1550782800,NULL,0,NULL,36,NULL,0,NULL,NULL,9),(2700,218,1553461200,NULL,0,NULL,36,NULL,0,NULL,NULL,9),(2701,218,1556139600,NULL,0,NULL,36,NULL,0,NULL,NULL,9),(2702,218,1558818000,NULL,0,NULL,36,NULL,0,NULL,NULL,9),(2703,218,1561496400,NULL,0,NULL,36,NULL,0,NULL,NULL,9),(2704,219,1526677200,1525122000,5000,1468,32,32,0,333,1525164088,9),(2705,219,1529355600,1525294800,0,964,36,36,0,222,1525448859,9),(2706,219,1532034000,1525467600,0,964,36,36,0,222,1525448871,9),(2707,219,1534712400,1525640400,0,464,36,36,0,333,1526398194,9),(2708,219,1537390800,1526331600,0,964,36,36,0,333,1526398252,9),(2709,219,1540069200,1526590800,0,176,36,324,0,222,1527138638,9),(2710,219,1542747600,NULL,0,NULL,36,NULL,0,NULL,NULL,9),(2711,219,1545426000,NULL,0,NULL,36,NULL,0,NULL,NULL,9),(2712,219,1548104400,NULL,0,NULL,36,NULL,0,NULL,NULL,9),(2713,219,1550782800,NULL,0,NULL,36,NULL,0,NULL,NULL,9),(2714,219,1553461200,NULL,0,NULL,36,NULL,0,NULL,NULL,9),(2715,219,1556139600,NULL,0,NULL,36,NULL,0,NULL,NULL,9),(2716,219,1558818000,NULL,0,NULL,36,NULL,0,NULL,NULL,9),(2717,219,1561496400,NULL,0,NULL,36,NULL,0,NULL,NULL,9),(2718,149,NULL,1524690000,NULL,2410,NULL,1590,0,333,1524747518,9),(2719,106,NULL,1524862800,NULL,2900,NULL,0,0,666,1524906355,9),(2720,232,1527454800,1525122000,5000,368,32,32,0,222,1525185491,9),(2721,232,1530133200,NULL,0,NULL,36,NULL,0,NULL,NULL,9),(2722,232,1532811600,NULL,0,NULL,36,NULL,0,NULL,NULL,9),(2723,232,1535490000,NULL,0,NULL,36,NULL,0,NULL,NULL,9),(2724,232,1538168400,NULL,0,NULL,36,NULL,0,NULL,NULL,9),(2725,232,1540846800,NULL,0,NULL,36,NULL,0,NULL,NULL,9),(2726,232,1543525200,NULL,0,NULL,36,NULL,0,NULL,NULL,9),(2727,232,1546203600,NULL,0,NULL,36,NULL,0,NULL,NULL,9),(2728,232,1548882000,NULL,0,NULL,36,NULL,0,NULL,NULL,9),(2729,232,1551560400,NULL,0,NULL,36,NULL,0,NULL,NULL,9),(2730,232,1554238800,NULL,0,NULL,36,NULL,0,NULL,NULL,9),(2731,232,1556917200,NULL,0,NULL,36,NULL,0,NULL,NULL,9),(2732,232,1559595600,NULL,0,NULL,36,NULL,0,NULL,NULL,9),(2733,232,1562274000,NULL,0,NULL,36,NULL,0,NULL,NULL,9),(2734,234,1527714000,1524862800,5000,368,32,32,0,222,1527137995,9),(2735,234,1530392400,1525122000,0,364,36,36,0,222,1527138007,9),(2736,234,1533070800,1525208400,0,364,36,36,0,222,1527138239,9),(2737,234,1535749200,1525294800,0,364,36,36,0,111,1527138251,9),(2738,234,1538427600,1525381200,0,364,36,36,0,222,1527138302,9),(2739,234,1541106000,1525467600,0,364,36,36,0,222,1527138313,9),(2740,234,1543784400,1525554000,0,364,36,36,0,222,1527138322,9),(2741,234,1546462800,1525640400,0,364,36,36,0,222,1527138336,9),(2742,234,1549141200,1525813200,0,364,36,36,0,222,1527138345,9),(2743,234,1551819600,1526245200,0,364,36,36,0,222,1527138363,9),(2744,234,1554498000,1526418000,0,364,36,36,0,222,1527138381,9),(2745,234,1557176400,1527022800,0,992,36,108,0,222,1527138442,9),(2746,234,1559854800,NULL,0,NULL,36,NULL,0,NULL,NULL,9),(2747,234,1562533200,NULL,0,NULL,36,NULL,0,NULL,NULL,9),(2748,251,1528405200,1526418000,1000,80,450,450,0,666,1526484185,9),(2749,251,1531083600,1527022800,2000,80,450,450,0,222,1527136368,9),(2750,251,1533762000,1527627600,2000,80,450,450,0,222,1527742436,9),(2751,252,1528405200,1526418000,1000,80,450,450,0,666,1526484211,9),(2752,252,1531083600,1527022800,2000,80,450,450,0,222,1527136386,9),(2753,252,1533762000,1527627600,2000,80,450,450,0,222,1527742416,9),(2754,250,1528405200,1526418000,1000,80,450,450,0,666,1526484228,9),(2755,250,1531083600,1527022800,2000,80,450,450,0,222,1527136408,9),(2756,250,1533762000,1527627600,2000,80,450,450,0,222,1527742398,9),(2757,249,1528405200,1526418000,1000,80,450,450,0,666,1526484247,9),(2758,249,1531083600,1527022800,2000,80,450,450,0,222,1527136462,9),(2759,249,1533762000,1527627600,2000,80,450,450,0,222,1527742381,9),(2760,233,1528405200,1526418000,5000,498,32,32,0,666,1526484278,9),(2761,233,1531083600,NULL,0,NULL,36,NULL,0,NULL,NULL,9),(2762,233,1533762000,NULL,0,NULL,36,NULL,0,NULL,NULL,9),(2763,233,1536440400,NULL,0,NULL,36,NULL,0,NULL,NULL,9),(2764,233,1539118800,NULL,0,NULL,36,NULL,0,NULL,NULL,9),(2765,233,1541797200,NULL,0,NULL,36,NULL,0,NULL,NULL,9),(2766,233,1544475600,NULL,0,NULL,36,NULL,0,NULL,NULL,9),(2767,233,1547154000,NULL,0,NULL,36,NULL,0,NULL,NULL,9),(2768,233,1549832400,NULL,0,NULL,36,NULL,0,NULL,NULL,9),(2769,233,1552510800,NULL,0,NULL,36,NULL,0,NULL,NULL,9),(2770,233,1555189200,NULL,0,NULL,36,NULL,0,NULL,NULL,9),(2771,233,1557867600,NULL,0,NULL,36,NULL,0,NULL,NULL,9),(2772,233,1560546000,NULL,0,NULL,36,NULL,0,NULL,NULL,9),(2773,233,1563224400,NULL,0,NULL,36,NULL,0,NULL,NULL,9),(2774,32,NULL,1525640400,NULL,0,NULL,1000,0,333,1526398303,9),(2775,149,NULL,1525640400,NULL,1500,NULL,0,0,111,1526398444,9),(2776,208,NULL,1526331600,NULL,400,NULL,0,0,222,1526399315,9),(2777,254,1528318800,NULL,6000,NULL,1190,NULL,0,NULL,NULL,9),(2778,254,1530997200,NULL,3000,NULL,1170,NULL,0,NULL,NULL,9),(2779,254,1533675600,NULL,3000,NULL,1170,NULL,0,NULL,NULL,9),(2780,254,1536354000,NULL,3000,NULL,1170,NULL,0,NULL,NULL,9),(2781,254,1539032400,NULL,3000,NULL,1170,NULL,0,NULL,NULL,9),(2782,254,1541710800,NULL,3000,NULL,1170,NULL,0,NULL,NULL,9),(2783,254,1544389200,NULL,3000,NULL,1170,NULL,0,NULL,NULL,9),(2784,254,1547067600,NULL,3000,NULL,1170,NULL,0,NULL,NULL,9),(2785,254,1549746000,NULL,3000,NULL,1170,NULL,0,NULL,NULL,9),(2786,235,1528405200,NULL,5000,NULL,32,NULL,0,NULL,NULL,9),(2787,235,1531083600,NULL,0,NULL,36,NULL,0,NULL,NULL,9),(2788,235,1533762000,NULL,0,NULL,36,NULL,0,NULL,NULL,9),(2789,235,1536440400,NULL,0,NULL,36,NULL,0,NULL,NULL,9),(2790,235,1539118800,NULL,0,NULL,36,NULL,0,NULL,NULL,9),(2791,235,1541797200,NULL,0,NULL,36,NULL,0,NULL,NULL,9),(2792,235,1544475600,NULL,0,NULL,36,NULL,0,NULL,NULL,9),(2793,235,1547154000,NULL,0,NULL,36,NULL,0,NULL,NULL,9),(2794,235,1549832400,NULL,0,NULL,36,NULL,0,NULL,NULL,9),(2795,235,1552510800,NULL,0,NULL,36,NULL,0,NULL,NULL,9),(2796,235,1555189200,NULL,0,NULL,36,NULL,0,NULL,NULL,9),(2797,235,1557867600,NULL,0,NULL,36,NULL,0,NULL,NULL,9),(2798,235,1560546000,NULL,0,NULL,36,NULL,0,NULL,NULL,9),(2799,235,1563224400,NULL,0,NULL,36,NULL,0,NULL,NULL,9),(2800,255,1528146000,NULL,3000,NULL,1612,NULL,0,NULL,NULL,9),(2801,255,1530824400,NULL,3000,NULL,1596,NULL,0,NULL,NULL,9),(2802,255,1533502800,NULL,3000,NULL,1596,NULL,0,NULL,NULL,9),(2803,255,1536181200,NULL,3000,NULL,1596,NULL,0,NULL,NULL,9),(2804,256,1528405200,1526418000,1000,80,450,450,0,666,1526484466,9),(2805,256,1531083600,1527022800,2000,80,450,450,0,222,1527136433,9),(2806,256,1533762000,1527627600,2000,80,450,450,0,222,1527742356,9),(2807,257,1529182800,NULL,63000,NULL,5720,NULL,0,NULL,NULL,9),(2808,257,1531861200,NULL,67000,NULL,5680,NULL,0,NULL,NULL,9),(2809,257,1534539600,NULL,67000,NULL,5680,NULL,0,NULL,NULL,9),(2810,257,1537218000,NULL,67000,NULL,5680,NULL,0,NULL,NULL,9),(2811,257,1539896400,NULL,67000,NULL,5680,NULL,0,NULL,NULL,9),(2812,257,1542574800,NULL,67000,NULL,5680,NULL,0,NULL,NULL,9),(2813,257,1545253200,NULL,67000,NULL,5680,NULL,0,NULL,NULL,9),(2814,257,1547931600,NULL,67000,NULL,5680,NULL,0,NULL,NULL,9),(2815,257,1550610000,NULL,67000,NULL,5680,NULL,0,NULL,NULL,9),(2816,257,1553288400,NULL,67000,NULL,5680,NULL,0,NULL,NULL,9),(2817,257,1555966800,NULL,67000,NULL,5680,NULL,0,NULL,NULL,9),(2818,257,1558645200,NULL,67000,NULL,5680,NULL,0,NULL,NULL,9),(2819,258,1529701200,1526590800,4500,326,34,34,0,333,1527136186,9),(2820,258,1532379600,1526850000,0,318,32,32,0,111,1527741535,9),(2821,258,1535058000,1527195600,0,368,32,32,0,111,1527741549,9),(2822,258,1537736400,1527627600,0,568,32,32,0,111,1527741562,9),(2823,258,1540414800,1529874000,0,368,32,32,0,222,1530346922,9),(2824,258,1543093200,NULL,0,NULL,32,NULL,0,NULL,NULL,5),(2825,258,1545771600,NULL,0,NULL,32,NULL,0,NULL,NULL,5),(2826,258,1548450000,NULL,0,NULL,32,NULL,0,NULL,NULL,5),(2827,258,1551128400,NULL,0,NULL,32,NULL,0,NULL,NULL,5),(2828,258,1553806800,NULL,0,NULL,32,NULL,0,NULL,NULL,5),(2829,258,1556485200,NULL,0,NULL,32,NULL,0,NULL,NULL,5),(2830,258,1559163600,NULL,0,NULL,32,NULL,0,NULL,NULL,5),(2831,258,1561842000,NULL,0,NULL,32,NULL,0,NULL,NULL,5),(2832,258,1564520400,NULL,0,NULL,32,NULL,0,NULL,NULL,5),(2833,32,NULL,1525986000,NULL,460,NULL,40,0,222,1527138214,9),(2834,246,1529182800,1527195600,1000,80,450,450,0,222,1527741831,9),(2835,246,1531861200,1528232400,2000,80,450,450,0,222,1528531471,9),(2836,246,1534539600,1528491600,2000,80,450,450,0,222,1528964066,9),(2837,230,1529182800,1527195600,1000,80,450,450,0,222,1527741942,9),(2838,230,1531861200,1528232400,2000,80,450,450,0,222,1528531446,9),(2839,230,1534539600,1528491600,2000,50,450,450,0,222,1528964183,9),(2840,229,1529182800,1527195600,1000,80,450,450,0,222,1527741968,9),(2841,229,1531861200,1528491600,2000,0,450,450,0,222,1528965256,9),(2842,229,1534539600,1529010000,2000,80,450,450,0,222,1529051773,9),(2843,247,1529182800,1527195600,1000,80,450,450,0,222,1527741999,9),(2844,247,1531861200,1528491600,2000,80,450,450,0,222,1528965227,9),(2845,247,1534539600,NULL,2000,NULL,450,NULL,0,NULL,NULL,9),(2846,104,NULL,1526418000,NULL,2880,NULL,620,0,111,1527139375,9),(2847,149,NULL,1526418000,NULL,6900,NULL,0,0,111,1527140207,9),(2848,259,1530046800,1527454800,5000,468,32,32,0,222,1527741386,9),(2849,259,1532725200,1527541200,0,464,36,36,0,222,1527741399,9),(2850,259,1535403600,1527627600,0,364,36,36,0,222,1527741415,9),(2851,259,1538082000,1528146000,0,464,36,36,0,333,1528529488,9),(2852,259,1540760400,NULL,0,NULL,36,NULL,0,NULL,NULL,9),(2853,259,1543438800,NULL,0,NULL,36,NULL,0,NULL,NULL,9),(2854,259,1546117200,NULL,0,NULL,36,NULL,0,NULL,NULL,9),(2855,259,1548795600,NULL,0,NULL,36,NULL,0,NULL,NULL,9),(2856,259,1551474000,NULL,0,NULL,36,NULL,0,NULL,NULL,9),(2857,259,1554152400,NULL,0,NULL,36,NULL,0,NULL,NULL,9),(2858,259,1556830800,NULL,0,NULL,36,NULL,0,NULL,NULL,9),(2859,259,1559509200,NULL,0,NULL,36,NULL,0,NULL,NULL,9),(2860,259,1562187600,NULL,0,NULL,36,NULL,0,NULL,NULL,9),(2861,259,1564866000,NULL,0,NULL,36,NULL,0,NULL,NULL,9),(2862,228,1529787600,1528491600,1000,50,450,450,0,222,1528964281,9),(2863,228,1532466000,1529010000,2000,110,450,450,0,222,1529051718,9),(2864,228,1535144400,1529614800,2000,80,450,450,0,222,1529677596,9),(2865,256,NULL,1528232400,NULL,530,NULL,0,0,333,1528530122,9),(2866,250,NULL,1528232400,NULL,530,NULL,0,0,222,1528530258,9),(2867,251,NULL,1528232400,NULL,530,NULL,0,0,222,1528530593,9),(2868,263,1531170000,1529010000,5000,968,32,32,0,222,1529139588,9),(2869,263,1533848400,1529096400,0,1464,36,36,0,222,1529139596,9),(2870,263,1536526800,1529442000,0,2464,36,36,0,222,1529743585,6),(2871,263,1539205200,1529528400,0,104,36,396,0,222,1529743613,6),(2872,263,1541883600,NULL,0,NULL,36,NULL,0,NULL,NULL,9),(2873,263,1544562000,NULL,0,NULL,36,NULL,0,NULL,NULL,9),(2874,263,1547240400,NULL,0,NULL,36,NULL,0,NULL,NULL,9),(2875,263,1549918800,NULL,0,NULL,36,NULL,0,NULL,NULL,9),(2876,263,1552597200,NULL,0,NULL,36,NULL,0,NULL,NULL,9),(2877,263,1555275600,NULL,0,NULL,36,NULL,0,NULL,NULL,9),(2878,263,1557954000,NULL,0,NULL,36,NULL,0,NULL,NULL,9),(2879,263,1560632400,NULL,0,NULL,36,NULL,0,NULL,NULL,9),(2880,263,1563310800,NULL,0,NULL,36,NULL,0,NULL,NULL,9),(2881,263,1565989200,NULL,0,NULL,36,NULL,0,NULL,NULL,9),(2882,249,NULL,1528232400,NULL,530,NULL,0,0,222,1528531409,9),(2883,252,NULL,1528491600,NULL,530,NULL,0,0,111,1528876972,5),(2884,104,NULL,1528837200,NULL,2000,NULL,0,0,222,1528965476,9),(2885,256,NULL,1528750800,NULL,530,NULL,0,0,222,1528965573,9),(2886,250,NULL,1528750800,NULL,530,NULL,0,0,222,1528965609,9),(2887,251,NULL,1528750800,NULL,530,NULL,0,0,222,1528965643,9),(2888,249,NULL,1528750800,NULL,530,NULL,0,0,222,1528965673,9),(2889,252,NULL,1528750800,NULL,530,NULL,0,0,222,1528965699,9),(2890,260,1531170000,1528750800,5000,1218,32,32,0,222,1531216535,9),(2891,260,1533848400,1529355600,0,1464,36,36,0,222,1531216555,9),(2892,260,1536526800,1529874000,0,1964,36,36,0,222,1531216580,9),(2893,260,1539205200,1531170000,0,354,36,396,0,222,1531216598,9),(2894,260,1541883600,NULL,0,NULL,36,NULL,0,NULL,NULL,9),(2895,260,1544562000,NULL,0,NULL,36,NULL,0,NULL,NULL,9),(2896,260,1547240400,NULL,0,NULL,36,NULL,0,NULL,NULL,9),(2897,260,1549918800,NULL,0,NULL,36,NULL,0,NULL,NULL,9),(2898,260,1552597200,NULL,0,NULL,36,NULL,0,NULL,NULL,9),(2899,260,1555275600,NULL,0,NULL,36,NULL,0,NULL,NULL,9),(2900,260,1557954000,NULL,0,NULL,36,NULL,0,NULL,NULL,9),(2901,260,1560632400,NULL,0,NULL,36,NULL,0,NULL,NULL,9),(2902,260,1563310800,NULL,0,NULL,36,NULL,0,NULL,NULL,9),(2903,260,1565989200,NULL,0,NULL,36,NULL,0,NULL,NULL,9),(2904,246,NULL,1529010000,NULL,530,NULL,0,0,222,1529051646,9),(2905,224,1531688400,NULL,1000,NULL,78,NULL,0,NULL,NULL,9),(2906,224,1534366800,NULL,2000,NULL,36,NULL,0,NULL,NULL,9),(2907,224,1537045200,NULL,2000,NULL,36,NULL,0,NULL,NULL,9),(2908,267,1531774800,1529960400,5000,1468,32,32,0,222,1531468059,6),(2909,267,1534453200,1530219600,0,964,36,36,0,222,1530345011,9),(2910,267,1537131600,1530651600,0,464,36,36,0,333,1531468075,6),(2911,267,1539810000,1531256400,0,2104,36,246,0,222,1531468092,6),(2912,267,1542488400,1531429200,0,0,36,150,0,333,1531468102,6),(2913,267,1545166800,NULL,0,NULL,36,NULL,0,NULL,NULL,9),(2914,267,1547845200,NULL,0,NULL,36,NULL,0,NULL,NULL,9),(2915,267,1550523600,NULL,0,NULL,36,NULL,0,NULL,NULL,9),(2916,267,1553202000,NULL,0,NULL,36,NULL,0,NULL,NULL,9),(2917,267,1555880400,NULL,0,NULL,36,NULL,0,NULL,NULL,9),(2918,267,1558558800,NULL,0,NULL,36,NULL,0,NULL,NULL,9),(2919,267,1561237200,NULL,0,NULL,36,NULL,0,NULL,NULL,9),(2920,267,1563915600,NULL,0,NULL,36,NULL,0,NULL,NULL,9),(2921,267,1566594000,NULL,0,NULL,36,NULL,0,NULL,NULL,9),(2922,236,1531774800,NULL,5000,NULL,32,NULL,0,NULL,NULL,9),(2923,236,1534453200,NULL,0,NULL,36,NULL,0,NULL,NULL,9),(2924,236,1537131600,NULL,0,NULL,36,NULL,0,NULL,NULL,9),(2925,236,1539810000,NULL,0,NULL,36,NULL,0,NULL,NULL,9),(2926,236,1542488400,NULL,0,NULL,36,NULL,0,NULL,NULL,9),(2927,236,1545166800,NULL,0,NULL,36,NULL,0,NULL,NULL,9),(2928,236,1547845200,NULL,0,NULL,36,NULL,0,NULL,NULL,9),(2929,236,1550523600,NULL,0,NULL,36,NULL,0,NULL,NULL,9),(2930,236,1553202000,NULL,0,NULL,36,NULL,0,NULL,NULL,9),(2931,236,1555880400,NULL,0,NULL,36,NULL,0,NULL,NULL,9),(2932,236,1558558800,NULL,0,NULL,36,NULL,0,NULL,NULL,9),(2933,236,1561237200,NULL,0,NULL,36,NULL,0,NULL,NULL,9),(2934,236,1563915600,NULL,0,NULL,36,NULL,0,NULL,NULL,9),(2935,236,1566594000,NULL,0,NULL,36,NULL,0,NULL,NULL,9),(2936,268,1531688400,1529096400,5000,368,32,32,0,222,1529153381,9),(2937,268,1534366800,1529182800,0,364,36,36,0,222,1529296126,9),(2938,268,1537045200,1529269200,0,364,36,36,0,222,1529468786,9),(2939,268,1539723600,1529355600,0,514,36,36,0,222,1530162651,9),(2940,268,1542402000,1529442000,0,364,36,36,0,333,1529745289,9),(2941,268,1545080400,1529528400,0,364,36,36,0,333,1529745297,9),(2942,268,1547758800,1529874000,0,364,36,36,0,222,1530162700,9),(2943,268,1550437200,1529960400,0,364,36,36,0,222,1530162711,9),(2944,268,1553115600,1530046800,0,364,36,36,0,222,1530162722,9),(2945,268,1555794000,1530133200,0,364,36,36,0,2222,1530345085,9),(2946,268,1558472400,1530219600,0,364,36,36,0,222,1530345103,9),(2947,268,1561150800,1530478800,0,364,36,36,0,222,1530592309,9),(2948,268,1563829200,1530565200,0,478,36,72,0,222,1530680596,9),(2949,268,1566507600,NULL,0,NULL,36,NULL,0,NULL,NULL,9),(2950,264,1531861200,1529614800,5000,2568,32,32,0,333,1529743858,6),(2951,264,1534539600,1529787600,0,1964,36,36,0,111,1529905551,9),(2952,264,1537218000,1530219600,0,468,36,432,0,222,1530346763,9),(2953,264,1539896400,NULL,0,NULL,36,NULL,0,NULL,NULL,9),(2954,264,1542574800,NULL,0,NULL,36,NULL,0,NULL,NULL,9),(2955,264,1545253200,NULL,0,NULL,36,NULL,0,NULL,NULL,9),(2956,264,1547931600,NULL,0,NULL,36,NULL,0,NULL,NULL,9),(2957,264,1550610000,NULL,0,NULL,36,NULL,0,NULL,NULL,9),(2958,264,1553288400,NULL,0,NULL,36,NULL,0,NULL,NULL,9),(2959,264,1555966800,NULL,0,NULL,36,NULL,0,NULL,NULL,9),(2960,264,1558645200,NULL,0,NULL,36,NULL,0,NULL,NULL,9),(2961,264,1561323600,NULL,0,NULL,36,NULL,0,NULL,NULL,9),(2962,264,1564002000,NULL,0,NULL,36,NULL,0,NULL,NULL,9),(2963,264,1566680400,NULL,0,NULL,36,NULL,0,NULL,NULL,9),(2964,265,1531861200,1529787600,5000,718,32,32,0,111,1529905580,9),(2965,265,1534539600,1530219600,0,764,36,36,0,222,1530592489,9),(2966,265,1537218000,1530478800,0,264,36,36,0,222,1530592512,9),(2967,265,1539896400,NULL,0,NULL,36,NULL,0,NULL,NULL,9),(2968,265,1542574800,NULL,0,NULL,36,NULL,0,NULL,NULL,9),(2969,265,1545253200,NULL,0,NULL,36,NULL,0,NULL,NULL,9),(2970,265,1547931600,NULL,0,NULL,36,NULL,0,NULL,NULL,9),(2971,265,1550610000,NULL,0,NULL,36,NULL,0,NULL,NULL,9),(2972,265,1553288400,NULL,0,NULL,36,NULL,0,NULL,NULL,9),(2973,265,1555966800,NULL,0,NULL,36,NULL,0,NULL,NULL,9),(2974,265,1558645200,NULL,0,NULL,36,NULL,0,NULL,NULL,9),(2975,265,1561323600,NULL,0,NULL,36,NULL,0,NULL,NULL,9),(2976,265,1564002000,NULL,0,NULL,36,NULL,0,NULL,NULL,9),(2977,265,1566680400,NULL,0,NULL,36,NULL,0,NULL,NULL,9),(2978,252,NULL,1529355600,NULL,730,NULL,0,0,222,1529416344,9),(2979,250,NULL,1529355600,NULL,530,NULL,0,0,222,1529416461,9),(2980,256,NULL,1529355600,NULL,530,NULL,0,0,222,1529416508,9),(2981,270,1532034000,1530824400,4170,2040,920,920,0,222,1531208343,9),(2982,270,1534712400,1531342800,3000,595,915,915,0,222,1531713926,9),(2983,270,1537390800,NULL,3000,NULL,915,NULL,0,NULL,NULL,9),(2984,250,NULL,1529355600,NULL,3170,NULL,0,0,777,1529420941,9),(2985,256,NULL,1529442000,NULL,3170,NULL,0,0,777,1529468426,9),(2986,271,1532034000,1530824400,4170,2040,920,920,0,222,1531208372,9),(2987,271,1534712400,NULL,3000,NULL,915,NULL,0,NULL,NULL,9),(2988,271,1537390800,NULL,3000,NULL,915,NULL,0,NULL,NULL,9),(2989,252,NULL,1529442000,NULL,2970,NULL,0,0,777,1529468552,9),(2990,272,1532034000,1530997200,4170,80,920,920,0,111,1531208289,9),(2991,272,1534712400,1531429200,3000,0,915,650,0,222,1531713834,9),(2992,272,1537390800,NULL,3000,NULL,915,NULL,0,NULL,NULL,9),(2993,104,NULL,1529442000,NULL,1300,NULL,0,0,111,1529472609,9),(2994,230,NULL,1529269200,NULL,500,NULL,0,0,222,1529554962,9),(2995,246,NULL,1529614800,NULL,530,NULL,0,0,333,1529677536,9),(2996,230,NULL,1529614800,NULL,530,NULL,0,0,222,1529677573,9),(2997,273,1532379600,NULL,2000,NULL,846,NULL,0,NULL,NULL,6),(2998,273,1535058000,NULL,3000,NULL,801,NULL,0,NULL,NULL,6),(2999,273,1537736400,NULL,3000,NULL,801,NULL,0,NULL,NULL,6),(3000,273,1540414800,NULL,3000,NULL,801,NULL,0,NULL,NULL,6),(3001,273,1543093200,NULL,3000,NULL,801,NULL,0,NULL,NULL,6),(3002,280,1532379600,1530565200,3000,100,640,640,0,222,1530681018,9),(3003,280,1535058000,1530824400,2000,110,630,630,0,222,1531208480,9),(3004,280,1537736400,1531688400,2000,110,630,630,0,222,1531760688,9),(3005,281,1532379600,1529874000,3000,213,27,27,0,222,1529986463,9),(3006,281,1535058000,1529960400,0,219,21,21,0,222,1530248946,9),(3007,281,1537736400,1530046800,0,199,21,21,0,222,1530248958,9),(3008,281,1540414800,1530133200,0,339,21,21,0,222,1530248974,9),(3009,281,1543093200,1530219600,0,119,21,21,0,222,1530345222,9),(3010,281,1545771600,1530478800,0,229,21,21,0,222,1530592605,9),(3011,281,1548450000,1530565200,0,179,21,21,0,222,1530600826,9),(3012,281,1551128400,1530565200,0,219,21,21,0,222,1530680558,9),(3013,281,1553806800,1531083600,0,179,21,21,0,111,1531210735,9),(3014,281,1556485200,1531256400,0,1105,21,105,0,333,1531467725,6),(3015,281,1559163600,NULL,0,NULL,21,NULL,0,NULL,NULL,9),(3016,281,1561842000,NULL,0,NULL,21,NULL,0,NULL,NULL,9),(3017,281,1564520400,NULL,0,NULL,21,NULL,0,NULL,NULL,9),(3018,281,1567198800,NULL,0,NULL,21,NULL,0,NULL,NULL,9),(3019,282,1532379600,1529874000,3000,213,27,27,0,111,1529986523,9),(3020,282,1535058000,1529960400,0,219,21,21,0,222,1530162817,9),(3021,282,1537736400,1530046800,0,219,21,21,0,222,1530248812,9),(3022,282,1540414800,1530133200,0,219,21,21,0,222,1530248823,9),(3023,282,1543093200,1530219600,0,219,21,21,0,222,1530346812,9),(3024,282,1545771600,1530306000,0,219,21,21,0,222,1530593547,9),(3025,282,1548450000,1530565200,0,459,21,21,0,111,1531210939,9),(3026,282,1551128400,1531170000,0,459,21,21,0,222,1531210960,9),(3027,282,1553806800,1530738000,0,459,21,21,0,222,1531211455,9),(3028,282,1556485200,1531170000,0,315,21,105,0,333,1531244346,9),(3029,282,1559163600,NULL,0,NULL,21,NULL,0,NULL,NULL,9),(3030,282,1561842000,NULL,0,NULL,21,NULL,0,NULL,NULL,9),(3031,282,1564520400,NULL,0,NULL,21,NULL,0,NULL,NULL,9),(3032,282,1567198800,NULL,0,NULL,21,NULL,0,NULL,NULL,9),(3033,242,1532379600,NULL,5000,NULL,32,NULL,0,NULL,NULL,9),(3034,242,1535058000,NULL,0,NULL,36,NULL,0,NULL,NULL,9),(3035,242,1537736400,NULL,0,NULL,36,NULL,0,NULL,NULL,9),(3036,242,1540414800,NULL,0,NULL,36,NULL,0,NULL,NULL,9),(3037,242,1543093200,NULL,0,NULL,36,NULL,0,NULL,NULL,9),(3038,242,1545771600,NULL,0,NULL,36,NULL,0,NULL,NULL,9),(3039,242,1548450000,NULL,0,NULL,36,NULL,0,NULL,NULL,9),(3040,242,1551128400,NULL,0,NULL,36,NULL,0,NULL,NULL,9),(3041,242,1553806800,NULL,0,NULL,36,NULL,0,NULL,NULL,9),(3042,242,1556485200,NULL,0,NULL,36,NULL,0,NULL,NULL,9),(3043,242,1559163600,NULL,0,NULL,36,NULL,0,NULL,NULL,9),(3044,242,1561842000,NULL,0,NULL,36,NULL,0,NULL,NULL,9),(3045,242,1564520400,NULL,0,NULL,36,NULL,0,NULL,NULL,9),(3046,242,1567198800,NULL,0,NULL,36,NULL,0,NULL,NULL,9),(3047,283,1532379600,1530565200,1000,80,450,450,0,222,1530681082,9),(3048,283,1535058000,1530824400,2000,80,450,450,0,222,1531208537,9),(3049,283,1537736400,1531688400,2000,80,450,450,0,222,1531760729,9),(3050,284,1532379600,1530565200,1000,80,450,450,0,222,1530680961,9),(3051,284,1535058000,1530824400,2000,80,450,450,0,222,1531208505,9),(3052,284,1537736400,1531688400,2000,80,450,450,0,222,1531760711,9),(3053,286,1532379600,1529874000,3000,213,27,27,0,111,1529986485,9),(3054,286,1535058000,1529960400,0,219,21,21,0,222,1530162776,9),(3055,286,1537736400,1530046800,0,219,21,21,0,222,1530249020,9),(3056,286,1540414800,1530133200,0,219,21,21,0,222,1530249031,9),(3057,286,1543093200,1530219600,0,219,21,21,0,222,1530346847,9),(3058,286,1545771600,1530478800,0,219,21,21,0,222,1530592579,9),(3059,286,1548450000,1530565200,0,459,21,21,0,222,1530680851,9),(3060,286,1551128400,1530824400,0,219,21,21,0,222,1531210759,9),(3061,286,1553806800,1530824400,0,219,21,21,0,222,1531210773,9),(3062,286,1556485200,1531083600,0,219,21,21,0,222,1531244426,9),(3063,286,1559163600,1531256400,0,576,21,84,0,333,1531468210,6),(3064,286,1561842000,NULL,0,NULL,21,NULL,0,NULL,NULL,9),(3065,286,1564520400,NULL,0,NULL,21,NULL,0,NULL,NULL,9),(3066,286,1567198800,NULL,0,NULL,21,NULL,0,NULL,NULL,9),(3067,249,NULL,1529874000,NULL,3700,NULL,0,0,777,1529906826,9),(3068,287,1532379600,1530824400,4170,2040,920,920,0,222,1531208314,9),(3069,287,1535058000,NULL,3000,NULL,915,NULL,0,NULL,NULL,9),(3070,287,1537736400,NULL,3000,NULL,915,NULL,0,NULL,NULL,9),(3071,251,NULL,1529874000,NULL,3700,NULL,0,0,777,1529906996,9),(3072,288,1532379600,1530824400,2700,2666,784,784,0,222,1531208445,9),(3073,288,1535058000,NULL,3000,NULL,783,NULL,0,NULL,NULL,9),(3074,288,1537736400,NULL,3000,NULL,783,NULL,0,NULL,NULL,9),(3075,149,NULL,1529874000,NULL,5000,NULL,0,0,333,1529935999,9),(3076,285,1532725200,NULL,8000,NULL,60,NULL,0,NULL,NULL,6),(3077,285,1535403600,NULL,0,NULL,57,NULL,0,NULL,NULL,6),(3078,285,1538082000,NULL,0,NULL,57,NULL,0,NULL,NULL,6),(3079,285,1540760400,NULL,0,NULL,57,NULL,0,NULL,NULL,6),(3080,285,1543438800,NULL,0,NULL,57,NULL,0,NULL,NULL,6),(3081,285,1546117200,NULL,0,NULL,57,NULL,0,NULL,NULL,6),(3082,285,1548795600,NULL,0,NULL,57,NULL,0,NULL,NULL,6),(3083,285,1551474000,NULL,0,NULL,57,NULL,0,NULL,NULL,6),(3084,285,1554152400,NULL,0,NULL,57,NULL,0,NULL,NULL,6),(3085,285,1556830800,NULL,0,NULL,57,NULL,0,NULL,NULL,6),(3086,285,1559509200,NULL,0,NULL,57,NULL,0,NULL,NULL,6),(3087,285,1562187600,NULL,0,NULL,57,NULL,0,NULL,NULL,6),(3088,285,1564866000,NULL,0,NULL,57,NULL,0,NULL,NULL,6),(3089,285,1567544400,NULL,0,NULL,57,NULL,0,NULL,NULL,6),(3090,285,1570222800,NULL,0,NULL,57,NULL,0,NULL,NULL,6),(3091,285,1572901200,NULL,0,NULL,57,NULL,0,NULL,NULL,6),(3092,285,1575579600,NULL,0,NULL,57,NULL,0,NULL,NULL,6),(3093,285,1578258000,NULL,0,NULL,57,NULL,0,NULL,NULL,6),(3094,285,1580936400,NULL,0,NULL,57,NULL,0,NULL,NULL,6),(3095,285,1583614800,NULL,0,NULL,57,NULL,0,NULL,NULL,6),(3096,285,1586293200,NULL,0,NULL,57,NULL,0,NULL,NULL,6),(3097,275,1532725200,1530219600,3000,473,27,27,0,222,1530345174,9),(3098,275,1535403600,1530478800,0,479,21,21,0,222,1530592544,9),(3099,275,1538082000,1530565200,0,219,21,21,0,222,1530680917,9),(3100,275,1540760400,1530738000,0,229,21,21,0,333,1531208229,9),(3101,275,1543438800,1530824400,0,219,21,21,0,222,1531468139,6),(3102,275,1546117200,1531256400,0,1381,21,119,0,333,1531468164,6),(3103,275,1548795600,1531429200,0,0,21,70,0,333,1531468173,6),(3104,275,1551474000,NULL,0,NULL,21,NULL,0,NULL,NULL,9),(3105,275,1554152400,NULL,0,NULL,21,NULL,0,NULL,NULL,9),(3106,275,1556830800,NULL,0,NULL,21,NULL,0,NULL,NULL,9),(3107,275,1559509200,NULL,0,NULL,21,NULL,0,NULL,NULL,9),(3108,275,1562187600,NULL,0,NULL,21,NULL,0,NULL,NULL,9),(3109,275,1564866000,NULL,0,NULL,21,NULL,0,NULL,NULL,9),(3110,275,1567544400,NULL,0,NULL,21,NULL,0,NULL,NULL,9),(3111,291,1530824400,NULL,6000,NULL,1340,NULL,0,NULL,NULL,9),(3112,291,1533502800,NULL,7000,NULL,1312,NULL,0,NULL,NULL,9),(3113,291,1536181200,NULL,7000,NULL,1312,NULL,0,NULL,NULL,9),(3114,291,1538859600,NULL,7000,NULL,1312,NULL,0,NULL,NULL,9),(3115,291,1541538000,NULL,7000,NULL,1312,NULL,0,NULL,NULL,9),(3116,291,1544216400,NULL,7000,NULL,1312,NULL,0,NULL,NULL,9),(3117,228,NULL,1530306000,NULL,500,NULL,0,0,111,1530365407,9),(3118,293,1533243600,1530738000,5000,368,32,32,0,333,1531208174,9),(3119,293,1535922000,1531083600,0,764,36,36,0,333,1531208197,9),(3120,293,1538600400,1531170000,0,364,36,36,0,222,1531243221,9),(3121,293,1541278800,1531256400,0,364,36,36,0,222,1531468329,6),(3122,293,1543957200,1531342800,0,364,36,36,0,222,1531760809,9),(3123,293,1546635600,1531429200,0,364,36,36,0,222,1531760821,9),(3124,293,1549314000,1531688400,0,364,36,36,0,222,1531760830,9),(3125,293,1551992400,NULL,0,NULL,36,NULL,0,NULL,NULL,9),(3126,293,1554670800,NULL,0,NULL,36,NULL,0,NULL,NULL,9),(3127,293,1557349200,NULL,0,NULL,36,NULL,0,NULL,NULL,9),(3128,293,1560027600,NULL,0,NULL,36,NULL,0,NULL,NULL,9),(3129,293,1562706000,NULL,0,NULL,36,NULL,0,NULL,NULL,9),(3130,293,1565384400,NULL,0,NULL,36,NULL,0,NULL,NULL,9),(3131,293,1568062800,NULL,0,NULL,36,NULL,0,NULL,NULL,9),(3132,294,1533243600,1530651600,8000,440,60,60,0,222,1531210339,9),(3133,294,1535922000,1530738000,0,443,57,57,0,222,1531210352,9),(3134,294,1538600400,1530824400,0,443,57,57,0,222,1531210372,9),(3135,294,1541278800,1530910800,0,443,57,57,0,222,1531210388,9),(3136,294,1543957200,1530997200,0,443,57,57,0,222,1531210405,9),(3137,294,1546635600,1531256400,0,1443,57,57,0,222,1531713970,9),(3138,294,1549314000,1531342800,0,1443,57,57,0,222,1531714065,9),(3139,294,1551992400,1531515600,0,2902,57,798,0,111,1531714077,9),(3140,294,1554670800,NULL,0,NULL,57,NULL,0,NULL,NULL,9),(3141,294,1557349200,NULL,0,NULL,57,NULL,0,NULL,NULL,9),(3142,294,1560027600,NULL,0,NULL,57,NULL,0,NULL,NULL,9),(3143,294,1562706000,NULL,0,NULL,57,NULL,0,NULL,NULL,9),(3144,294,1565384400,NULL,0,NULL,57,NULL,0,NULL,NULL,9),(3145,294,1568062800,NULL,0,NULL,57,NULL,0,NULL,NULL,9),(3146,294,1570741200,NULL,0,NULL,57,NULL,0,NULL,NULL,9),(3147,294,1573419600,NULL,0,NULL,57,NULL,0,NULL,NULL,9),(3148,294,1576098000,NULL,0,NULL,57,NULL,0,NULL,NULL,9),(3149,294,1578776400,NULL,0,NULL,57,NULL,0,NULL,NULL,9),(3150,294,1581454800,NULL,0,NULL,57,NULL,0,NULL,NULL,9),(3151,294,1584133200,NULL,0,NULL,57,NULL,0,NULL,NULL,9),(3152,294,1586811600,NULL,0,NULL,57,NULL,0,NULL,NULL,9),(3153,292,1533243600,1531256400,5000,1968,32,32,0,222,1531467705,6),(3154,292,1535922000,1531688400,0,1964,36,36,0,222,1531760644,9),(3155,292,1538600400,NULL,0,NULL,36,NULL,0,NULL,NULL,9),(3156,292,1541278800,NULL,0,NULL,36,NULL,0,NULL,NULL,9),(3157,292,1543957200,NULL,0,NULL,36,NULL,0,NULL,NULL,9),(3158,292,1546635600,NULL,0,NULL,36,NULL,0,NULL,NULL,9),(3159,292,1549314000,NULL,0,NULL,36,NULL,0,NULL,NULL,9),(3160,292,1551992400,NULL,0,NULL,36,NULL,0,NULL,NULL,9),(3161,292,1554670800,NULL,0,NULL,36,NULL,0,NULL,NULL,9),(3162,292,1557349200,NULL,0,NULL,36,NULL,0,NULL,NULL,9),(3163,292,1560027600,NULL,0,NULL,36,NULL,0,NULL,NULL,9),(3164,292,1562706000,NULL,0,NULL,36,NULL,0,NULL,NULL,9),(3165,292,1565384400,NULL,0,NULL,36,NULL,0,NULL,NULL,9),(3166,292,1568062800,NULL,0,NULL,36,NULL,0,NULL,NULL,9),(3167,295,1533243600,NULL,4000,NULL,36,NULL,0,NULL,NULL,9),(3168,295,1535922000,NULL,0,NULL,28,NULL,0,NULL,NULL,9),(3169,295,1538600400,NULL,0,NULL,28,NULL,0,NULL,NULL,9),(3170,295,1541278800,NULL,0,NULL,28,NULL,0,NULL,NULL,9),(3171,295,1543957200,NULL,0,NULL,28,NULL,0,NULL,NULL,9),(3172,295,1546635600,NULL,0,NULL,28,NULL,0,NULL,NULL,9),(3173,295,1549314000,NULL,0,NULL,28,NULL,0,NULL,NULL,9),(3174,295,1551992400,NULL,0,NULL,28,NULL,0,NULL,NULL,9),(3175,295,1554670800,NULL,0,NULL,28,NULL,0,NULL,NULL,9),(3176,295,1557349200,NULL,0,NULL,28,NULL,0,NULL,NULL,9),(3177,295,1560027600,NULL,0,NULL,28,NULL,0,NULL,NULL,9),(3178,295,1562706000,NULL,0,NULL,28,NULL,0,NULL,NULL,9),(3179,295,1565384400,NULL,0,NULL,28,NULL,0,NULL,NULL,9),(3180,295,1568062800,NULL,0,NULL,28,NULL,0,NULL,NULL,9),(3181,246,NULL,1530824400,NULL,530,NULL,0,0,222,1531215931,9),(3182,289,1533848400,NULL,5000,NULL,32,NULL,0,NULL,NULL,9),(3183,289,1536526800,NULL,0,NULL,36,NULL,0,NULL,NULL,9),(3184,289,1539205200,NULL,0,NULL,36,NULL,0,NULL,NULL,9),(3185,289,1541883600,NULL,0,NULL,36,NULL,0,NULL,NULL,9),(3186,289,1544562000,NULL,0,NULL,36,NULL,0,NULL,NULL,9),(3187,289,1547240400,NULL,0,NULL,36,NULL,0,NULL,NULL,9),(3188,289,1549918800,NULL,0,NULL,36,NULL,0,NULL,NULL,9),(3189,289,1552597200,NULL,0,NULL,36,NULL,0,NULL,NULL,9),(3190,289,1555275600,NULL,0,NULL,36,NULL,0,NULL,NULL,9),(3191,289,1557954000,NULL,0,NULL,36,NULL,0,NULL,NULL,9),(3192,289,1560632400,NULL,0,NULL,36,NULL,0,NULL,NULL,9),(3193,289,1563310800,NULL,0,NULL,36,NULL,0,NULL,NULL,9),(3194,289,1565989200,NULL,0,NULL,36,NULL,0,NULL,NULL,9),(3195,289,1568667600,NULL,0,NULL,36,NULL,0,NULL,NULL,9),(3196,246,NULL,1531342800,NULL,530,NULL,0,0,222,1531467490,6),(3197,230,NULL,1531342800,NULL,1000,NULL,0,0,222,1531467846,6),(3198,299,1534021200,NULL,1000,NULL,450,NULL,0,NULL,NULL,9),(3199,299,1536699600,NULL,2000,NULL,450,NULL,0,NULL,NULL,9),(3200,299,1539378000,NULL,2000,NULL,450,NULL,0,NULL,NULL,9),(3201,300,1534021200,NULL,1000,NULL,450,NULL,0,NULL,NULL,9),(3202,300,1536699600,NULL,2000,NULL,450,NULL,0,NULL,NULL,9),(3203,300,1539378000,NULL,2000,NULL,450,NULL,0,NULL,NULL,9),(3204,269,1534021200,NULL,5000,NULL,32,NULL,0,NULL,NULL,9),(3205,269,1536699600,NULL,0,NULL,36,NULL,0,NULL,NULL,9),(3206,269,1539378000,NULL,0,NULL,36,NULL,0,NULL,NULL,9),(3207,269,1542056400,NULL,0,NULL,36,NULL,0,NULL,NULL,9),(3208,269,1544734800,NULL,0,NULL,36,NULL,0,NULL,NULL,9),(3209,269,1547413200,NULL,0,NULL,36,NULL,0,NULL,NULL,9),(3210,269,1550091600,NULL,0,NULL,36,NULL,0,NULL,NULL,9),(3211,269,1552770000,NULL,0,NULL,36,NULL,0,NULL,NULL,9),(3212,269,1555448400,NULL,0,NULL,36,NULL,0,NULL,NULL,9),(3213,269,1558126800,NULL,0,NULL,36,NULL,0,NULL,NULL,9),(3214,269,1560805200,NULL,0,NULL,36,NULL,0,NULL,NULL,9),(3215,269,1563483600,NULL,0,NULL,36,NULL,0,NULL,NULL,9),(3216,269,1566162000,NULL,0,NULL,36,NULL,0,NULL,NULL,9),(3217,269,1568840400,NULL,0,NULL,36,NULL,0,NULL,NULL,9),(3218,296,1534021200,NULL,1000,NULL,450,NULL,0,NULL,NULL,9),(3219,296,1536699600,NULL,2000,NULL,450,NULL,0,NULL,NULL,9),(3220,296,1539378000,NULL,2000,NULL,450,NULL,0,NULL,NULL,9),(3221,297,1533934800,NULL,1000,NULL,450,NULL,0,NULL,NULL,9),(3222,297,1536613200,NULL,2000,NULL,450,NULL,0,NULL,NULL,9),(3223,297,1539291600,NULL,2000,NULL,450,NULL,0,NULL,NULL,9),(3224,298,1533934800,NULL,1000,NULL,450,NULL,0,NULL,NULL,9),(3225,298,1536613200,NULL,2000,NULL,450,NULL,0,NULL,NULL,9),(3226,298,1539291600,NULL,2000,NULL,450,NULL,0,NULL,NULL,9),(3227,301,1534021200,NULL,4000,NULL,36,NULL,0,NULL,NULL,9),(3228,301,1536699600,NULL,0,NULL,28,NULL,0,NULL,NULL,9),(3229,301,1539378000,NULL,0,NULL,28,NULL,0,NULL,NULL,9),(3230,301,1542056400,NULL,0,NULL,28,NULL,0,NULL,NULL,9),(3231,301,1544734800,NULL,0,NULL,28,NULL,0,NULL,NULL,9),(3232,301,1547413200,NULL,0,NULL,28,NULL,0,NULL,NULL,9),(3233,301,1550091600,NULL,0,NULL,28,NULL,0,NULL,NULL,9),(3234,301,1552770000,NULL,0,NULL,28,NULL,0,NULL,NULL,9),(3235,301,1555448400,NULL,0,NULL,28,NULL,0,NULL,NULL,9),(3236,301,1558126800,NULL,0,NULL,28,NULL,0,NULL,NULL,9),(3237,301,1560805200,NULL,0,NULL,28,NULL,0,NULL,NULL,9),(3238,301,1563483600,NULL,0,NULL,28,NULL,0,NULL,NULL,9),(3239,301,1566162000,NULL,0,NULL,28,NULL,0,NULL,NULL,9),(3240,301,1568840400,NULL,0,NULL,28,NULL,0,NULL,NULL,9),(3241,302,1533934800,NULL,5000,NULL,32,NULL,0,NULL,NULL,9),(3242,302,1536613200,NULL,0,NULL,36,NULL,0,NULL,NULL,9),(3243,302,1539291600,NULL,0,NULL,36,NULL,0,NULL,NULL,9),(3244,302,1541970000,NULL,0,NULL,36,NULL,0,NULL,NULL,9),(3245,302,1544648400,NULL,0,NULL,36,NULL,0,NULL,NULL,9),(3246,302,1547326800,NULL,0,NULL,36,NULL,0,NULL,NULL,9),(3247,302,1550005200,NULL,0,NULL,36,NULL,0,NULL,NULL,9),(3248,302,1552683600,NULL,0,NULL,36,NULL,0,NULL,NULL,9),(3249,302,1555362000,NULL,0,NULL,36,NULL,0,NULL,NULL,9),(3250,302,1558040400,NULL,0,NULL,36,NULL,0,NULL,NULL,9),(3251,302,1560718800,NULL,0,NULL,36,NULL,0,NULL,NULL,9),(3252,302,1563397200,NULL,0,NULL,36,NULL,0,NULL,NULL,9),(3253,302,1566075600,NULL,0,NULL,36,NULL,0,NULL,NULL,9),(3254,302,1568754000,NULL,0,NULL,36,NULL,0,NULL,NULL,9),(3255,303,1533934800,NULL,5000,NULL,32,NULL,0,NULL,NULL,9),(3256,303,1536613200,NULL,0,NULL,36,NULL,0,NULL,NULL,9),(3257,303,1539291600,NULL,0,NULL,36,NULL,0,NULL,NULL,9),(3258,303,1541970000,NULL,0,NULL,36,NULL,0,NULL,NULL,9),(3259,303,1544648400,NULL,0,NULL,36,NULL,0,NULL,NULL,9),(3260,303,1547326800,NULL,0,NULL,36,NULL,0,NULL,NULL,9),(3261,303,1550005200,NULL,0,NULL,36,NULL,0,NULL,NULL,9),(3262,303,1552683600,NULL,0,NULL,36,NULL,0,NULL,NULL,9),(3263,303,1555362000,NULL,0,NULL,36,NULL,0,NULL,NULL,9),(3264,303,1558040400,NULL,0,NULL,36,NULL,0,NULL,NULL,9),(3265,303,1560718800,NULL,0,NULL,36,NULL,0,NULL,NULL,9),(3266,303,1563397200,NULL,0,NULL,36,NULL,0,NULL,NULL,9),(3267,303,1566075600,NULL,0,NULL,36,NULL,0,NULL,NULL,9),(3268,303,1568754000,NULL,0,NULL,36,NULL,0,NULL,NULL,9),(3269,304,1489438800,NULL,5000,NULL,32,NULL,0,NULL,NULL,9),(3270,304,1492117200,NULL,0,NULL,36,NULL,0,NULL,NULL,9),(3271,304,1494795600,NULL,0,NULL,36,NULL,0,NULL,NULL,9),(3272,304,1497474000,NULL,0,NULL,36,NULL,0,NULL,NULL,9),(3273,304,1500152400,NULL,0,NULL,36,NULL,0,NULL,NULL,9),(3274,304,1502830800,NULL,0,NULL,36,NULL,0,NULL,NULL,9),(3275,304,1505509200,NULL,0,NULL,36,NULL,0,NULL,NULL,9),(3276,304,1508187600,NULL,0,NULL,36,NULL,0,NULL,NULL,9),(3277,304,1510866000,NULL,0,NULL,36,NULL,0,NULL,NULL,9),(3278,304,1513544400,NULL,0,NULL,36,NULL,0,NULL,NULL,9),(3279,304,1516222800,NULL,0,NULL,36,NULL,0,NULL,NULL,9),(3280,304,1518901200,NULL,0,NULL,36,NULL,0,NULL,NULL,9),(3281,304,1521579600,NULL,0,NULL,36,NULL,0,NULL,NULL,9),(3282,304,1524258000,NULL,0,NULL,36,NULL,0,NULL,NULL,9),(3283,305,1534021200,NULL,5000,NULL,32,NULL,0,NULL,NULL,9),(3284,305,1536699600,NULL,0,NULL,36,NULL,0,NULL,NULL,9),(3285,305,1539378000,NULL,0,NULL,36,NULL,0,NULL,NULL,9),(3286,305,1542056400,NULL,0,NULL,36,NULL,0,NULL,NULL,9),(3287,305,1544734800,NULL,0,NULL,36,NULL,0,NULL,NULL,9),(3288,305,1547413200,NULL,0,NULL,36,NULL,0,NULL,NULL,9),(3289,305,1550091600,NULL,0,NULL,36,NULL,0,NULL,NULL,9),(3290,305,1552770000,NULL,0,NULL,36,NULL,0,NULL,NULL,9),(3291,305,1555448400,NULL,0,NULL,36,NULL,0,NULL,NULL,9),(3292,305,1558126800,NULL,0,NULL,36,NULL,0,NULL,NULL,9),(3293,305,1560805200,NULL,0,NULL,36,NULL,0,NULL,NULL,9),(3294,305,1563483600,NULL,0,NULL,36,NULL,0,NULL,NULL,9),(3295,305,1566162000,NULL,0,NULL,36,NULL,0,NULL,NULL,9),(3296,305,1568840400,NULL,0,NULL,36,NULL,0,NULL,NULL,9),(3297,306,1533934800,NULL,1000,NULL,750,NULL,0,NULL,NULL,9),(3298,306,1536613200,NULL,2000,NULL,750,NULL,0,NULL,NULL,9),(3299,306,1539291600,NULL,2000,NULL,750,NULL,0,NULL,NULL,9),(3300,307,1533934800,NULL,1000,NULL,750,NULL,0,NULL,NULL,9),(3301,307,1536613200,NULL,2000,NULL,750,NULL,0,NULL,NULL,9),(3302,307,1539291600,NULL,2000,NULL,750,NULL,0,NULL,NULL,9),(3303,308,1531342800,NULL,1000,NULL,750,NULL,0,NULL,NULL,9),(3304,308,1534021200,NULL,2000,NULL,750,NULL,0,NULL,NULL,9),(3305,308,1536699600,NULL,2000,NULL,750,NULL,0,NULL,NULL,9),(3306,309,1502398800,NULL,1000,NULL,750,NULL,0,NULL,NULL,9),(3307,309,1505077200,NULL,2000,NULL,750,NULL,0,NULL,NULL,9),(3308,309,1507755600,NULL,2000,NULL,750,NULL,0,NULL,NULL,9),(3309,310,1533934800,NULL,1000,NULL,750,NULL,0,NULL,NULL,9),(3310,310,1536613200,NULL,2000,NULL,750,NULL,0,NULL,NULL,9),(3311,310,1539291600,NULL,2000,NULL,750,NULL,0,NULL,NULL,9),(3312,311,1533934800,NULL,1000,NULL,750,NULL,0,NULL,NULL,9),(3313,311,1536613200,NULL,2000,NULL,750,NULL,0,NULL,NULL,9),(3314,311,1539291600,NULL,2000,NULL,750,NULL,0,NULL,NULL,9),(3315,312,1533934800,NULL,1000,NULL,750,NULL,0,NULL,NULL,9),(3316,312,1536613200,NULL,2000,NULL,750,NULL,0,NULL,NULL,9),(3317,312,1539291600,NULL,2000,NULL,750,NULL,0,NULL,NULL,9),(3318,313,1533934800,NULL,1000,NULL,750,NULL,0,NULL,NULL,9),(3319,313,1536613200,NULL,2000,NULL,750,NULL,0,NULL,NULL,9),(3320,313,1539291600,NULL,2000,NULL,750,NULL,0,NULL,NULL,9),(3321,314,1534021200,NULL,1000,NULL,750,NULL,0,NULL,NULL,9),(3322,314,1536699600,NULL,2000,NULL,750,NULL,0,NULL,NULL,9),(3323,314,1539378000,NULL,2000,NULL,750,NULL,0,NULL,NULL,9),(3324,315,1534021200,NULL,1000,NULL,750,NULL,0,NULL,NULL,9),(3325,315,1536699600,NULL,2000,NULL,750,NULL,0,NULL,NULL,9),(3326,315,1539378000,NULL,2000,NULL,750,NULL,0,NULL,NULL,9),(3327,320,1534021200,NULL,1000,NULL,750,NULL,0,NULL,NULL,9),(3328,320,1536699600,NULL,2000,NULL,750,NULL,0,NULL,NULL,9),(3329,320,1539378000,NULL,2000,NULL,750,NULL,0,NULL,NULL,9),(3330,321,1534021200,NULL,1000,NULL,750,NULL,0,NULL,NULL,9),(3331,321,1536699600,NULL,2000,NULL,750,NULL,0,NULL,NULL,9),(3332,321,1539378000,NULL,2000,NULL,750,NULL,0,NULL,NULL,9),(3333,325,1534194000,NULL,500,NULL,26,NULL,0,NULL,NULL,9),(3334,325,1536872400,NULL,0,NULL,4,NULL,0,NULL,NULL,9),(3335,325,1539550800,NULL,0,NULL,4,NULL,0,NULL,NULL,9),(3336,325,1542229200,NULL,0,NULL,4,NULL,0,NULL,NULL,9),(3337,325,1544907600,NULL,0,NULL,4,NULL,0,NULL,NULL,9),(3338,325,1547586000,NULL,0,NULL,4,NULL,0,NULL,NULL,9),(3339,325,1550264400,NULL,0,NULL,4,NULL,0,NULL,NULL,9),(3340,326,1533848400,NULL,10000,NULL,80,NULL,0,NULL,NULL,9),(3341,326,1536526800,NULL,0,NULL,71,NULL,0,NULL,NULL,9),(3342,326,1539205200,NULL,0,NULL,71,NULL,0,NULL,NULL,9),(3343,326,1541883600,NULL,0,NULL,71,NULL,0,NULL,NULL,9),(3344,326,1544562000,NULL,0,NULL,71,NULL,0,NULL,NULL,9),(3345,326,1547240400,NULL,0,NULL,71,NULL,0,NULL,NULL,9),(3346,326,1549918800,NULL,0,NULL,71,NULL,0,NULL,NULL,9),(3347,326,1552597200,NULL,0,NULL,71,NULL,0,NULL,NULL,9),(3348,326,1555275600,NULL,0,NULL,71,NULL,0,NULL,NULL,9),(3349,326,1557954000,NULL,0,NULL,71,NULL,0,NULL,NULL,9),(3350,326,1560632400,NULL,0,NULL,71,NULL,0,NULL,NULL,9),(3351,326,1563310800,NULL,0,NULL,71,NULL,0,NULL,NULL,9),(3352,326,1565989200,NULL,0,NULL,71,NULL,0,NULL,NULL,9),(3353,326,1568667600,NULL,0,NULL,71,NULL,0,NULL,NULL,9),(3354,326,1571346000,NULL,0,NULL,71,NULL,0,NULL,NULL,9),(3355,326,1574024400,NULL,0,NULL,71,NULL,0,NULL,NULL,9),(3356,326,1576702800,NULL,0,NULL,71,NULL,0,NULL,NULL,9),(3357,326,1579381200,NULL,0,NULL,71,NULL,0,NULL,NULL,9),(3358,326,1582059600,NULL,0,NULL,71,NULL,0,NULL,NULL,9),(3359,326,1584738000,NULL,0,NULL,71,NULL,0,NULL,NULL,9),(3360,326,1587416400,NULL,0,NULL,71,NULL,0,NULL,NULL,9);
/*!40000 ALTER TABLE `ltrans` ENABLE KEYS */;
UNLOCK TABLES;

--
-- Table structure for table `savbalance`
--

DROP TABLE IF EXISTS `savbalance`;
/*!40101 SET @saved_cs_client     = @@character_set_client */;
/*!40101 SET character_set_client = utf8 */;
CREATE TABLE `savbalance` (
  `savbal_id` int(11) NOT NULL AUTO_INCREMENT,
  `cust_id` int(11) NOT NULL,
  `savbal_balance` int(11) NOT NULL,
  `savbal_date` int(11) NOT NULL,
  `savbal_created` int(11) NOT NULL,
  `user_id` int(11) NOT NULL,
  PRIMARY KEY (`savbal_id`)
) ENGINE=InnoDB AUTO_INCREMENT=300 DEFAULT CHARSET=latin1;
/*!40101 SET character_set_client = @saved_cs_client */;

--
-- Dumping data for table `savbalance`
--

LOCK TABLES `savbalance` WRITE;
/*!40000 ALTER TABLE `savbalance` DISABLE KEYS */;
INSERT INTO `savbalance` VALUES (1,2,0,1500365713,1500365713,2),(2,3,-250,1500368748,1500368748,4),(3,4,250,1500369404,1500369404,4),(4,5,7750,1500369963,1500369963,5),(5,6,9350,1500370490,1500370490,4),(6,7,-250,1500370500,1500370500,5),(7,8,0,1500370702,1500370702,3),(8,9,11450,1500370704,1500370704,5),(9,10,6050,1500370834,1500370834,4),(10,11,200,1500370849,1500370849,5),(11,12,1750,1500370969,1500370969,3),(12,13,1750,1500371003,1500371003,5),(13,14,5500,1500371081,1500371081,4),(14,15,3850,1500371140,1500371140,5),(15,16,11000,1500371332,1500371332,4),(16,17,-250,1500371385,1500371385,3),(17,18,2000,1500371498,1500371498,5),(18,19,-250,1500371550,1500371550,4),(19,20,-250,1500371652,1500371652,5),(20,21,0,1500371710,1500371710,4),(21,22,5200,1500371863,1500371863,5),(22,23,5000,1500371901,1500371901,4),(23,24,800,1500372309,1500372309,5),(24,25,0,1500372427,1500372427,5),(25,26,4500,1500372447,1500372447,4),(26,27,-250,1500372633,1500372633,5),(27,28,1650,1500372683,1500372683,4),(28,29,0,1500372808,1500372808,5),(29,30,1750,1500372897,1500372897,4),(30,31,9700,1500373170,1500373170,4),(31,32,2000,1500373174,1500373174,3),(32,33,-250,1500373354,1500373354,5),(33,34,1000,1500373604,1500373604,5),(34,35,1000,1500373828,1500373828,4),(35,36,7200,1500373904,1500373904,5),(36,37,19750,1500374126,1500374126,5),(37,38,22500,1500374260,1500374260,4),(38,39,1000,1500374521,1500374521,5),(39,40,0,1500375165,1500375165,5),(40,41,-250,1500375331,1500375331,4),(41,42,1900,1500375664,1500375664,4),(42,43,3500,1500375999,1500375999,4),(43,44,-250,1500376359,1500376359,4),(44,45,25100,1500376652,1500376652,5),(45,46,11000,1500377202,1500377202,5),(46,47,0,1500377412,1500377412,5),(47,48,0,1500377661,1500377661,5),(48,49,1200,1500377666,1500377666,5),(49,50,29500,1500377898,1500377898,5),(50,51,8900,1500378321,1500378321,5),(51,52,3500,1500378343,1500378343,4),(52,53,15850,1500378840,1500378840,5),(53,54,0,1500379059,1500379059,5),(54,55,6500,1500379531,1500379531,5),(55,56,5000,1500379723,1500379723,5),(56,57,50,1500380303,1500380303,5),(57,58,15650,1500380528,1500380528,3),(58,59,10850,1500380538,1500380538,5),(59,60,6300,1500380899,1500380899,3),(60,61,500,1500381081,1500381081,5),(61,62,5400,1500381295,1500381295,5),(62,63,51000,1500381711,1500381711,5),(63,64,-250,1500381889,1500381889,4),(64,65,0,1500382643,1500382643,4),(65,66,0,1500382958,1500382958,4),(66,67,10850,1500383214,1500383214,4),(67,68,-250,1500383550,1500383550,4),(68,69,4400,1500383631,1500383631,5),(69,70,-250,1500383798,1500383798,5),(70,71,0,1500383825,1500383825,4),(71,72,4500,1500383886,1500383886,4),(72,73,0,1500383973,1500383973,5),(73,74,6150,1500384151,1500384151,5),(74,75,-250,1500384227,1500384227,4),(75,76,0,1500384293,1500384293,5),(76,77,3100,1500384501,1500384501,5),(77,78,-250,1500384508,1500384508,4),(78,79,0,1500384570,1500384570,6),(79,80,0,1500384715,1500384715,5),(80,81,0,1500384768,1500384768,6),(81,82,2600,1500384881,1500384881,6),(82,83,100,1500385026,1500385026,6),(83,84,0,1500385061,1500385061,5),(84,85,750,1500385146,1500385146,4),(85,86,6500,1500385166,1500385166,6),(86,87,0,1500385206,1500385206,5),(87,88,9500,1500385366,1500385366,6),(88,89,-250,1500385421,1500385421,5),(89,90,16700,1500385572,1500385572,6),(90,91,4000,1500385711,1500385711,5),(91,92,0,1500385720,1500385720,6),(92,93,-250,1500385767,1500385767,4),(93,94,500,1500385834,1500385834,6),(94,95,0,1500385982,1500385982,4),(95,96,165020,1500385989,1500385989,6),(96,97,5400,1500386072,1500386072,5),(97,98,3300,1500386217,1500386217,5),(98,99,7500,1500386221,1500386221,6),(99,100,0,1500386396,1500386396,5),(100,101,6000,1500386420,1500386420,4),(101,102,2588,1500386472,1500386472,6),(102,103,7700,1500386627,1500386627,6),(103,104,0,1500386661,1500386661,5),(104,105,0,1500386747,1500386747,4),(105,106,0,1500386785,1500386785,6),(106,107,1500,1500386824,1500386824,5),(107,109,0,1500386997,1500386997,5),(108,109,0,1500386997,1500386997,4),(109,110,3500,1500387144,1500387144,5),(110,111,2000,1500387278,1500387278,5),(111,112,-250,1500387368,1500387368,5),(112,113,-250,1500387420,1500387420,5),(113,114,0,1500387505,1500387505,5),(114,115,0,1500387592,1500387592,5),(115,116,-250,1500387668,1500387668,5),(116,117,-250,1500387812,1500387812,5),(117,118,9500,1500387922,1500387922,6),(118,119,-250,1500387968,1500387968,5),(119,120,17000,1500388115,1500388115,6),(120,121,1410,1500388328,1500388328,6),(121,122,1750,1500388877,1500388877,6),(122,123,4500,1500389415,1500389415,6),(123,124,0,1500389609,1500389609,6),(124,125,4750,1500389876,1500389876,6),(125,126,0,1500397274,1500397274,6),(126,127,10750,1500397462,1500397462,6),(127,128,-250,1500397669,1500397669,6),(128,129,5550,1500397828,1500397828,6),(129,130,2950,1500439620,1500439620,6),(130,131,7230,1500439843,1500439843,6),(131,132,0,1500440028,1500440028,6),(132,133,2900,1500440223,1500440223,6),(133,134,10500,1500440491,1500440491,3),(134,135,10000,1500440493,1500440493,6),(135,136,4500,1500440671,1500440671,3),(136,137,0,1500440726,1500440726,6),(137,138,32000,1500440897,1500440897,3),(138,139,13100,1500440914,1500440914,6),(139,140,700,1500441041,1500441041,6),(140,141,-250,1500441082,1500441082,3),(141,142,12300,1500441162,1500441162,6),(142,143,0,1500441279,1500441279,3),(143,144,4900,1500441387,1500441387,6),(144,145,9250,1500441517,1500441517,3),(145,146,2950,1500441667,1500441667,6),(146,147,5150,1500441875,1500441875,3),(147,148,0,1500441994,1500441994,6),(148,149,0,1500442082,1500442082,3),(149,150,0,1500442188,1500442188,6),(150,151,0,1500442295,1500442295,3),(151,152,13750,1500442365,1500442365,6),(152,153,5500,1500442662,1500442662,6),(153,154,15950,1502697857,1502697857,6),(154,155,8000,1502718020,1502718020,5),(155,156,313250,1503730626,1503730626,6),(156,157,12850,1504347290,1504347290,6),(157,158,2400,1504773529,1504773529,5),(158,159,15950,1505288624,1505288624,6),(159,160,3500,1505293901,1505293901,6),(160,161,5180,1505481544,1505481544,6),(161,162,0,1512646996,1512646996,5),(162,163,200,1513164805,1513164805,9),(163,164,500,1513165934,1513165934,9),(164,165,100,1513167205,1513167205,9),(165,166,1100,1513167339,1513167339,9),(166,167,1300,1513167569,1513167569,9),(167,168,950,1513169453,1513169453,9),(168,169,1700,1513170769,1513170769,9),(169,170,12750,1513171404,1513171404,6),(170,171,640,1513171482,1513171482,9),(171,172,0,1513172208,1513172208,9),(172,173,0,1513172507,1513172507,9),(173,174,0,1513172744,1513172744,9),(174,175,2600,1513173021,1513173021,9),(175,176,-5800,1513173403,1513173403,9),(176,177,30,1513173408,1513173408,9),(177,178,0,1513173707,1513173707,9),(178,179,1500,1513174105,1513174105,9),(179,180,0,1513174398,1513174398,9),(180,181,100,1513174684,1513174684,9),(181,182,700,1513174891,1513174891,9),(182,183,0,1513175107,1513175107,9),(183,184,1430,1513232527,1513232527,9),(184,185,150,1513233362,1513233362,9),(185,186,600,1513593797,1513593797,9),(186,187,50,1513595260,1513595260,9),(187,188,0,1513747855,1513747855,9),(188,189,500,1513748103,1513748103,9),(189,190,0,1513922114,1513922114,9),(190,191,500,1514463751,1514463751,9),(191,192,2500,1514464508,1514464508,9),(192,193,150,1514471991,1514471991,9),(193,194,980,1514958225,1514958225,9),(194,195,0,1514984620,1514984620,9),(195,196,100,1514984750,1514984750,9),(196,197,0,1515139851,1515139851,9),(197,198,1750,1515154509,1515154509,6),(198,199,500,1515159935,1515159935,6),(199,200,0,1515246113,1515246113,9),(200,201,0,1515246365,1515246365,9),(201,202,0,1515398984,1515398984,9),(202,203,0,1515411957,1515411957,9),(203,204,100,1515420948,1515420948,9),(204,205,0,1515474801,1515474801,9),(205,206,310,1515477618,1515477618,9),(206,207,500,1515501007,1515501007,9),(207,208,350,1515581737,1515581737,9),(208,209,2400,1515650337,1515650337,6),(209,210,500,1515676120,1515676120,9),(210,211,0,1515733044,1515733044,9),(211,212,0,1515733303,1515733303,9),(212,213,500,1515769373,1515769373,9),(213,214,100,1516008911,1516008911,9),(214,215,500,1516617480,1516617480,9),(215,216,600,1516617929,1516617929,9),(216,217,700,1516618083,1516618083,9),(217,218,500,1516618196,1516618196,9),(218,219,500,1516618520,1516618520,9),(219,220,600,1516619955,1516619955,9),(220,221,0,1516701830,1516701830,9),(221,222,500,1517319830,1517319830,9),(222,223,300,1517320490,1517320490,9),(223,224,1100,1517982542,1517982542,9),(224,225,250,1517982708,1517982708,9),(225,226,500,1517999813,1517999813,9),(226,227,500,1518427048,1518427048,9),(227,228,2000,1518427198,1518427198,9),(228,229,500,1518440865,1518440865,9),(229,230,500,1518441005,1518441005,9),(230,231,3500,1518852193,1518852193,9),(231,232,190,1520232397,1520232397,6),(232,233,500,1520232888,1520232888,6),(233,234,0,1520404575,1520404575,6),(234,235,500,1520512277,1520512277,9),(235,236,0,1521202769,1521202769,9),(236,237,400,1521880439,1521880439,9),(237,238,500,1522061677,1522061677,9),(238,239,-500,1522826223,1522826223,9),(239,240,450,1522826936,1522826936,9),(240,241,6000,1522943112,1522943112,9),(241,242,0,1523421212,1523421212,9),(242,243,670,1524065334,1524065334,9),(243,244,500,1524716545,1524716545,9),(244,245,700,1524716776,1524716776,9),(245,246,850,1524716915,1524716915,9),(246,247,700,1524717052,1524717052,9),(247,248,0,1524741486,1524741486,9),(248,249,2700,1525186242,1525186242,9),(249,250,2300,1525186438,1525186438,9),(250,251,2500,1525186596,1525186596,9),(251,252,2380,1525186754,1525186754,9),(252,253,1500,1525186917,1525186917,9),(253,254,500,1525187076,1525187076,9),(254,255,750,1525449496,1525449496,9),(255,256,600,1525450415,1525450415,9),(256,257,550,1525450545,1525450545,9),(257,258,2740,1525450741,1525450741,9),(258,259,500,1525451368,1525451368,9),(259,260,500,1526197938,1526197938,5),(260,261,0,1526197950,1526197950,5),(261,262,0,1526473451,1526473451,9),(262,263,1200,1526474494,1526474494,9),(263,264,29000,1526549279,1526549279,9),(264,265,500,1527139005,1527139005,9),(265,266,0,1527159382,1527159382,9),(266,267,600,1528792549,1528792549,5),(267,268,500,1528792945,1528792945,5),(268,269,0,1528883844,1528883844,5),(269,270,0,1528884215,1528884215,5),(270,271,0,1528966846,1528966846,9),(271,272,430,1529555354,1529555354,9),(272,273,1000,1529744214,1529744214,9),(273,274,1000,1529744609,1529744609,9),(274,275,1000,1529745087,1529745087,9),(275,276,500,1530345626,1530345626,9),(276,277,500,1530681343,1530681343,9),(277,278,500,1531295076,1531295076,9),(278,279,700,1531295203,1531295203,9),(279,280,700,1531295395,1531295395,9),(280,281,0,1531296032,1531296032,9),(281,282,700,1531296133,1531296133,9),(282,283,700,1531499625,1531499625,9),(283,284,700,1531499869,1531499869,9),(284,285,700,1531557478,1531557478,9),(285,286,700,1531557635,1531557635,9),(286,287,700,1531558009,1531558009,9),(287,288,700,1531558296,1531558296,9),(288,289,700,1531558397,1531558397,9),(289,290,500,1531558802,1531558802,9),(290,291,0,1531558940,1531558940,9),(291,292,700,1531564922,1531564922,9),(292,293,700,1531565288,1531565288,9),(293,294,700,1531565543,1531565543,9),(294,295,700,1531565696,1531565696,9),(295,296,0,1531565873,1531565873,9),(296,297,0,1531566060,1531566060,9),(297,298,0,1531760205,1531760205,9),(298,299,0,1531760324,1531760324,9),(299,300,0,1531760435,1531760435,9);
/*!40000 ALTER TABLE `savbalance` ENABLE KEYS */;
UNLOCK TABLES;

--
-- Table structure for table `savings`
--

DROP TABLE IF EXISTS `savings`;
/*!40101 SET @saved_cs_client     = @@character_set_client */;
/*!40101 SET character_set_client = utf8 */;
CREATE TABLE `savings` (
  `sav_id` int(11) NOT NULL AUTO_INCREMENT,
  `savtype_id` int(11) NOT NULL,
  `sav_mother` int(11) DEFAULT NULL,
  `cust_id` int(11) NOT NULL,
  `ltrans_id` int(11) DEFAULT NULL,
  `sav_date` int(15) NOT NULL,
  `sav_amount` int(15) NOT NULL DEFAULT '0',
  `sav_receipt` int(11) DEFAULT NULL,
  `sav_slip` int(10) NOT NULL,
  `sav_payer` varchar(255) DEFAULT NULL,
  `sav_fixed` int(11) DEFAULT NULL,
  `sav_created` int(15) DEFAULT NULL,
  `user_id` int(6) NOT NULL,
  PRIMARY KEY (`sav_id`)
) ENGINE=InnoDB AUTO_INCREMENT=1142 DEFAULT CHARSET=latin1;
/*!40101 SET character_set_client = @saved_cs_client */;

--
-- Dumping data for table `savings`
--

LOCK TABLES `savings` WRITE;
/*!40000 ALTER TABLE `savings` DISABLE KEYS */;
INSERT INTO `savings` VALUES (1,1,NULL,63,NULL,1473739200,1000,7649,0,'Geophrey Omondi',0,1500464413,6),(2,1,NULL,63,NULL,1475294400,2000,7645,0,'Geophrey Omondi',0,1500464479,6),(3,1,NULL,63,NULL,1476072000,2000,5645,0,'Geophrey Omondi',0,1500464547,6),(4,1,NULL,63,NULL,1476417600,1000,5426,0,'Geophrey Omondi',0,1500464615,6),(5,1,NULL,63,NULL,1476676800,1000,4586,0,'Geophrey Omondi',0,1500464677,6),(6,1,NULL,63,NULL,1477281600,1000,2154,0,'Geophrey Omondi',0,1500464715,6),(7,1,NULL,63,NULL,1477972800,1000,5485,0,'Geophrey Omondi',0,1500464769,6),(8,1,NULL,63,NULL,1480568400,2000,2156,0,'Geophrey Omondi',0,1500464815,6),(9,1,NULL,63,NULL,1481086800,1000,4521,0,'Geophrey Omondi',0,1500464862,6),(10,1,NULL,63,NULL,1484197200,1000,2145,0,'Geophrey Omondi',0,1500464902,6),(11,1,NULL,63,NULL,1486443600,2000,2154,0,'Lovennah',0,1500464952,6),(12,1,NULL,63,NULL,1487566800,1000,2546,0,'Lovennah',0,1500465009,6),(13,1,NULL,63,NULL,1488862800,2000,5421,0,'Lovennah',0,1500465079,6),(14,1,NULL,63,NULL,1490846400,2000,2314,0,'Lovennah',0,1500465115,6),(15,1,NULL,63,NULL,1490932800,2000,2154,0,'Lovennah',0,1500465197,6),(16,1,NULL,63,NULL,1491451200,3000,5632,0,'Geophrey Omondi',0,1500465273,6),(17,1,NULL,63,NULL,1493697600,2000,2315,0,'Geophrey Omondi',0,1500465320,6),(18,1,NULL,63,NULL,1493956800,2000,2315,0,'Lovennah',0,1500465355,6),(19,1,NULL,63,NULL,1494820800,2000,2315,0,'Geophrey Omondi',0,1500465394,6),(20,1,NULL,63,NULL,1495771200,2000,2351,0,'Geophrey Omondi',0,1500465442,6),(21,1,NULL,63,NULL,1496721600,2000,2154,0,'Lovennah',0,1500465481,6),(22,1,NULL,63,NULL,1500264000,2000,2315,0,'Lovennah',0,1500465517,6),(23,1,NULL,130,NULL,1465272000,500,2154,0,'Diana Akinyi',0,1500465773,6),(24,1,NULL,130,NULL,1465876800,200,2356,0,'Diana Akinyi',0,1500465828,6),(25,1,NULL,130,NULL,1466568000,500,2351,0,'Diana Akinyi',0,1500465871,6),(26,1,NULL,130,NULL,1467432000,300,2365,0,'Diana Akinyi',0,1500465912,6),(27,1,NULL,130,NULL,1468296000,450,2365,0,'Diana Akinyi',0,1500465948,6),(28,1,NULL,130,NULL,1468382400,200,2365,0,'Diana Akinyi',0,1500466000,6),(29,1,NULL,130,NULL,1470974400,200,2365,0,'Diana Akinyi',0,1500466039,6),(30,1,NULL,130,NULL,1408420800,200,2365,0,'Diana Akinyi',0,1500466077,6),(31,1,NULL,130,NULL,1471233600,200,2365,0,'Diana Akinyi',0,1500466113,6),(32,1,NULL,130,NULL,1471752000,100,2365,0,'Pay Bill',0,1500466175,6),(33,1,NULL,130,NULL,1472184000,100,2365,0,'Diana Akinyi',0,1500466231,6),(34,1,NULL,134,NULL,1445918400,1000,2154,0,'Andrew Ndinya',0,1500466458,6),(35,1,NULL,134,NULL,1445572800,500,2356,0,'Andrew Ndinya',0,1500466493,6),(36,1,NULL,134,NULL,1452229200,400,3256,0,'Andrew Ndinya',0,1500466591,6),(37,1,NULL,134,NULL,1452488400,300,2154,0,'Andrew Ndinya',0,1500466622,6),(38,1,NULL,134,NULL,1457758800,300,2564,0,'Andrew Ndinya',0,1500466652,6),(39,1,NULL,134,NULL,1458360000,300,2365,0,'Andrew Ndinya',0,1500466693,6),(40,1,NULL,134,NULL,1459569600,500,2365,0,'Andrew Ndinya',0,1500466713,6),(41,1,NULL,134,NULL,1462075200,1400,2336,0,'Andrew Ndinya',0,1500466761,6),(42,1,NULL,134,NULL,1465012800,1000,3265,0,'Andrew Ndinya',0,1500466795,6),(43,1,NULL,134,NULL,1465790400,300,2651,0,'Andrew Ndinya',0,1500466828,6),(44,1,NULL,134,NULL,1466222400,300,2365,0,'Andrew Ndinya',0,1500466863,6),(45,1,NULL,134,NULL,1467691200,300,1236,0,'Andrew Ndinya',0,1500466893,6),(46,1,NULL,134,NULL,1475121600,1000,1235,0,'',0,1500468527,6),(47,1,NULL,134,NULL,1475208000,500,3265,0,'Andrew Ndinya',0,1500468578,6),(48,1,NULL,134,NULL,1476072000,300,2315,0,'Andrew Ndinya',0,1500468613,6),(49,1,NULL,134,NULL,1476504000,300,2365,0,'Andrew Ndinya',0,1500468638,6),(50,1,NULL,134,NULL,1477540800,500,3321,0,'Andrew Ndinya',0,1500468669,6),(51,1,NULL,134,NULL,1478581200,500,2365,0,'Andrew Ndinya',0,1500468711,6),(53,1,NULL,134,NULL,1493438400,200,3265,0,'Andrew Ndinya',0,1500468859,6),(54,1,NULL,134,NULL,1491710400,200,5412,0,'Andrew Ndinya',0,1500468915,6),(55,1,NULL,134,NULL,1494820800,200,5698,0,'Andrew Ndinya',0,1500468944,6),(56,1,NULL,134,NULL,1495425600,200,8965,0,'Andrew Ndinya',0,1500468974,6),(57,1,NULL,152,NULL,1480309200,2100,2315,0,'Geophrey Omondi',0,1500469273,6),(58,1,NULL,152,NULL,1484197200,500,5648,0,'Geophrey Omondi',0,1500469302,6),(59,1,NULL,152,NULL,1486443600,500,5698,0,'Geophrey Omondi',0,1500469328,6),(60,1,NULL,152,NULL,1487912400,1000,4568,0,'Geophrey Omondi',0,1500469369,6),(61,1,NULL,152,NULL,1488862800,1000,5698,0,'Geophrey Omondi',0,1500469395,6),(63,1,NULL,152,NULL,1497067200,400,5648,0,'Geophrey Omondi',0,1500469708,6),(64,1,NULL,152,NULL,1498536000,1000,5648,0,'Geophrey Omondi',0,1500469736,6),(65,1,NULL,152,NULL,1499659200,2000,5685,0,'Geophrey Omondi',0,1500469761,6),(66,1,NULL,152,NULL,1494648000,1750,5684,0,'Geophrey Omondi',0,1500469810,6),(67,1,NULL,41,NULL,1492142400,300,5647,0,'Diana Achieng',0,1500470410,6),(68,1,NULL,22,NULL,1492142400,300,5478,0,'Diana Achieng',0,1500470463,6),(69,1,NULL,15,NULL,1492142400,200,5698,0,'Christine Olwal',0,1500470523,6),(70,1,NULL,11,NULL,1492142400,200,5462,0,'Diana Achieng',0,1500470660,6),(71,1,NULL,96,NULL,1490241600,5700,4589,0,'Carolyne Odondi',0,1500470727,6),(72,1,NULL,15,NULL,1490673600,1800,4569,0,'Christine Olwal',0,1500470791,6),(74,1,NULL,22,NULL,1490673600,2700,2365,0,'Rose Mbuya',0,1500470896,6),(76,1,NULL,96,NULL,1488603600,10300,4587,0,'Carolyne Odondi',0,1500471009,6),(77,1,NULL,9,NULL,1488776400,300,8795,0,'Salome Madegwa',0,1500471078,6),(78,1,NULL,42,NULL,1488862800,1000,7895,0,'Margaret Wandega',0,1500471130,6),(80,1,NULL,9,NULL,1489377600,4600,7954,0,'Salome Madegwa',0,1500471280,6),(82,1,NULL,42,NULL,1489464000,500,8795,0,'Margaret Wandega',0,1500471595,6),(84,1,NULL,26,NULL,1489464000,4000,8796,0,'Diana Achieng',0,1500471738,6),(85,1,NULL,35,NULL,1488344400,1000,8745,0,'Diana Achieng',0,1500471963,6),(86,1,NULL,6,NULL,1488344400,2000,7451,0,'Mary Alal',0,1500472019,6),(87,1,NULL,9,NULL,1488344400,6800,8795,0,'Salome Madegwa',0,1500472081,6),(88,1,NULL,96,NULL,1488344400,11540,7895,0,'Carolyne Odondi',0,1500472163,6),(89,1,NULL,26,NULL,1487394000,500,8745,0,'Diana Achieng',0,1500472237,6),(90,1,NULL,38,NULL,1487480400,350,7845,0,'Diana Achieng',0,1500472341,6),(92,1,NULL,30,NULL,1487739600,1500,5462,0,'Diana Achieng',0,1500472519,6),(93,1,NULL,97,NULL,1487739600,1000,7451,0,'Philemon Jaoko',0,1500472604,6),(94,1,NULL,98,NULL,1487739600,100,4562,0,'Pamela Oranga',0,1500472673,6),(95,1,NULL,28,NULL,1487739600,400,2136,0,'Fleria Atieno',0,1500472736,6),(96,1,NULL,91,NULL,1487739600,200,5462,0,'Grace Otuoma',0,1500472811,6),(97,1,NULL,39,NULL,1486530000,1000,1254,0,'Tang\' Chon Ber',0,1500475473,6),(98,1,NULL,91,NULL,1486530000,300,2135,0,'Grace Otuoma',0,1500475586,6),(99,1,NULL,43,NULL,1486270800,3000,5422,0,'Diana Achieng',0,1500897095,6),(100,1,NULL,42,NULL,1487048400,400,1245,0,'Margaret Wandega',0,1500897182,6),(101,1,NULL,38,NULL,1487048400,6000,1256,0,'Diana Achieng',0,1500897253,6),(102,1,NULL,38,NULL,1485493200,9000,2356,0,'Diana Achieng',0,1500897372,6),(103,1,NULL,12,NULL,1485493200,2000,5648,0,'Gladys Omollo',0,1500897477,6),(104,1,NULL,59,NULL,1485752400,10000,2356,0,'Jane Naliaka',0,1500897591,6),(105,1,NULL,96,NULL,1487912400,16000,4578,0,'Carolyne Odondi',0,1500897704,6),(106,1,NULL,53,NULL,1486702800,6800,6598,0,'Emily Owuor',0,1500897916,6),(107,1,NULL,96,NULL,1486702800,11000,4569,0,'Carolyne Odondi',0,1500897989,6),(108,1,NULL,10,NULL,1486702800,5300,5794,0,'Elizabeth Nasambu',0,1500898130,6),(109,1,NULL,14,NULL,1486789200,4500,2356,0,'Elizabeth Nasambu',0,1500898257,6),(110,1,NULL,16,NULL,1486789200,9500,2358,0,'Elizabeth Nasambu',0,1500898341,6),(111,1,NULL,127,NULL,1485493200,5000,5648,0,'Elizabeth Nasambu',0,1500901934,6),(112,1,NULL,55,NULL,1486098000,5500,4871,0,'Elizabeth Nasambu',0,1500902160,6),(113,1,NULL,135,NULL,1500436800,1500,46,0,'Pay Bill',0,1500902516,6),(114,1,NULL,36,NULL,1499918400,500,8398,0,'Pay Bill',0,1500902638,6),(115,1,NULL,55,NULL,1499832000,1000,3559,0,'Pay Bill',0,1500902704,6),(116,1,NULL,77,NULL,1499400000,800,6218,0,'Fransiscah Ogutu',0,1500902901,6),(117,1,NULL,25,NULL,1501214400,1000,6207,0,'Reuben Ringstone',0,1500903041,6),(118,1,NULL,25,NULL,1501128000,2000,6203,0,'Reuben Ringstone',0,1500903079,6),(120,1,NULL,145,NULL,1484370000,2500,5684,0,'Elizabeth Nasambu',0,1501056543,6),(121,1,NULL,145,NULL,1484629200,7000,2356,0,'Diana Achieng',0,1501056571,6),(123,1,NULL,42,NULL,1500955200,150,5976,0,'Margaret Wandega',0,1501056818,6),(124,1,NULL,22,NULL,1500955200,200,5977,0,'Rose Mbuya',0,1501059759,6),(125,1,NULL,22,NULL,1497931200,200,5969,0,'Rose Mbuya',0,1501060661,6),(126,1,NULL,122,NULL,1497931200,2000,6198,0,'Andrecus Juma',0,1501060871,6),(127,1,NULL,36,NULL,1496808000,1000,77751,0,'Pay Bill',0,1501060993,6),(128,1,NULL,22,NULL,1496721600,200,5966,0,'Rose Mbuya',0,1501061046,6),(129,1,NULL,15,NULL,1496721600,200,5965,0,'Christine Olwal',0,1501061091,6),(130,1,NULL,142,NULL,1496721600,500,5487,0,'Julius Odhiambo',0,1501061196,6),(131,1,NULL,41,NULL,1496721600,200,5964,0,'Victoline Ochieng',0,1501061258,6),(132,1,NULL,110,NULL,1496721600,250,5961,0,'Leonida Atieno',0,1501061354,6),(133,1,NULL,36,NULL,1496462400,500,346888,0,'Pay Bill',0,1501061448,6),(134,1,NULL,77,NULL,1495857600,300,6168,0,'Fransiscah Ogutu',0,1501064818,6),(135,1,NULL,4,NULL,1495771200,500,5958,0,'Rogers Otieno',0,1501064945,6),(136,1,NULL,22,NULL,1495512000,200,5955,0,'Rose Mbuya',0,1501065006,6),(137,1,NULL,110,NULL,1495512000,100,5956,0,'Leonida Atieno',0,1501065044,6),(138,1,NULL,15,NULL,1495512000,200,5954,0,'Christine Olwal',0,1501065091,6),(139,1,NULL,41,NULL,1495512000,200,5953,0,'Victoline Ochieng',0,1501065142,6),(140,1,NULL,62,NULL,1495252800,200,6164,0,'Joseph Abok',0,1501065257,6),(141,1,NULL,36,NULL,1494993600,750,1,0,'Pay Bill',0,1501065339,6),(142,1,NULL,110,NULL,1494907200,150,5950,0,'Leonida Atieno',0,1501065392,6),(143,1,NULL,41,NULL,1494907200,1500,5947,0,'Victoline Ochieng',0,1501065450,6),(144,1,NULL,22,NULL,1494907200,200,5946,0,'Rose Mbuya',0,1501065514,6),(145,1,NULL,15,NULL,1494907200,400,5945,0,'Christine Olwal',0,1501065557,6),(146,1,NULL,90,NULL,1494820800,8000,6160,0,'George Ben',0,1501065673,6),(147,1,NULL,36,NULL,1494648000,750,71,0,'Pay Bill',0,1501065764,6),(148,1,NULL,22,NULL,1494561600,1000,137,0,'Pay Bill',0,1501065824,6),(149,1,NULL,41,NULL,1494388800,1200,1,0,'Pay Bill',0,1501065892,6),(150,1,NULL,120,NULL,1499918400,1000,4854,0,'Pay Bill',0,1501066100,6),(151,1,NULL,120,NULL,1494302400,500,98552,0,'Pay Bill',0,1501066230,3),(152,1,NULL,41,NULL,1494302400,500,5939,0,'Victoline Ochieng',0,1501066354,3),(153,1,NULL,15,NULL,1494302400,200,5940,0,'Christine Olwal',0,1501066715,3),(154,1,NULL,22,NULL,1494302400,200,5941,0,'Rose Mbuya',0,1501066767,3),(155,1,NULL,34,NULL,1494216000,1000,6148,0,'Alex Ochieng',0,1501066829,3),(156,1,NULL,53,NULL,1493870400,5000,45623,0,'Pay Bill',0,1501066942,3),(157,1,NULL,46,NULL,1493784000,500,3416,0,'Pay Bill',0,1501066999,3),(158,1,NULL,46,NULL,1493352000,500,216,0,'Pay Bill',0,1501070921,6),(159,1,NULL,91,NULL,1493179200,200,600,0,'Pay Bill',0,1501070988,6),(160,1,NULL,46,NULL,1493092800,500,981,0,'Pay Bill',0,1501071031,6),(161,1,NULL,36,NULL,1492747200,700,1071,0,'Pay Bill',0,1501071092,6),(162,1,NULL,98,NULL,1492574400,300,20,0,'Pay Bill',0,1501071156,6),(163,1,NULL,28,NULL,1492401600,1000,16,0,'Pay Bill',0,1501071254,6),(164,1,NULL,96,NULL,1492228800,18450,6117,0,'Carolyne Odondi',0,1501071304,6),(165,1,NULL,46,NULL,1492056000,500,686,0,'Pay Bill',0,1501071788,6),(166,1,NULL,28,NULL,1491969600,500,4565,0,'Fleria Atieno',0,1501071863,6),(167,1,NULL,30,NULL,1491969600,500,523,0,'Siprina Ochuka',0,1501071918,6),(168,1,NULL,146,NULL,1491883200,500,5925,0,'Lilian Angiso',0,1501071979,6),(169,1,NULL,46,NULL,1491883200,500,9,0,'Pay Bill',0,1501072017,6),(170,1,NULL,120,NULL,1491537600,500,784,0,'Pay Bill',0,1501072133,6),(171,1,NULL,51,NULL,1491192000,3000,6104,0,'Millicent Achieng',0,1501072297,6),(172,1,NULL,36,NULL,1490673600,750,387,0,'Pay Bill',0,1501072511,6),(173,1,NULL,46,NULL,1490673600,500,905,0,'Pay Bill',0,1501072562,6),(174,1,NULL,31,NULL,1490587200,9950,969,0,'Pay Bill',0,1501072608,6),(175,1,NULL,46,NULL,1490328000,500,2663,0,'Pay Bill',0,1501072680,6),(176,1,NULL,41,NULL,1490760000,500,8745,0,'Pay Bill',0,1501072730,6),(177,1,NULL,41,NULL,1490241600,500,9,0,'Pay Bill',0,1501072782,6),(178,1,NULL,13,NULL,1490155200,2000,1454,0,'Jennipher Okeyo',0,1501072879,6),(179,1,NULL,18,NULL,1490155200,2000,5621,0,'Beatrice Odundo',0,1501072932,6),(180,1,NULL,15,NULL,1490155200,900,487,0,'Diana Achieng',0,1501072989,6),(181,1,NULL,74,NULL,1490068800,2300,5880,0,'Moses Bwana',0,1501073039,6),(182,1,NULL,142,NULL,1490068800,300,5879,0,'Julius Odhiambo',0,1501073085,6),(184,1,NULL,125,NULL,1489723200,500,5873,0,'Stephen Oduor',0,1501076429,6),(185,1,NULL,51,NULL,1489723200,500,5867,0,'Millicent Achieng',0,1501076585,6),(186,1,NULL,125,NULL,1489636800,1000,5916,0,'Stephen Oduor',0,1501076745,6),(187,1,NULL,23,NULL,1489550400,5000,1245,0,'Elizabeth Nasambu',0,1501076981,6),(188,1,NULL,142,NULL,1489550400,300,5854,0,'Julius Odhiambo',0,1501080235,6),(189,1,NULL,46,NULL,1489550400,500,25,0,'Pay Bill',0,1501080296,6),(190,1,NULL,121,NULL,1489464000,1660,38,0,'Pay Bill',0,1501167796,3),(191,1,NULL,125,NULL,1489377600,2000,5915,0,'Stephen Oduor',0,1501168103,3),(192,1,NULL,77,NULL,1489208400,100,5808,0,'Fransiscah Ogutu',0,1501219677,6),(193,1,NULL,46,NULL,1489208400,4500,5910,0,'Pay Bill',0,1501220639,6),(194,1,NULL,96,NULL,1489208400,11600,5909,0,'Carolyne Odondi',0,1501221058,6),(195,1,NULL,125,NULL,1489122000,1500,7,0,'Pay Bill',0,1501221457,6),(196,1,NULL,53,NULL,1489122000,3900,75268,0,'Pay Bill',0,1501221838,6),(197,1,NULL,6,NULL,1489035600,4500,9482,0,'Pay Bill',0,1501221912,6),(198,1,NULL,120,NULL,1489035600,500,9553,0,'Pay Bill',0,1501222262,6),(199,1,NULL,41,NULL,1488949200,500,8805,0,'Pay Bill',0,1501222796,6),(200,1,NULL,45,NULL,1488862800,1000,5831,0,'Nicholas Ochieng',0,1501223391,6),(201,1,NULL,15,NULL,1500955200,200,5978,0,'Christine Olwal',0,1502090726,6),(202,1,NULL,154,NULL,1502683200,8300,22006,0,'Pay Bill',0,1502698017,6),(203,1,NULL,43,NULL,1488776400,500,6402,0,'Pay Bill',0,1502711221,6),(204,1,NULL,59,NULL,1491624000,1000,6114,0,'Jane Naliaka',0,1502712082,6),(205,1,NULL,6,NULL,1488862800,600,600,0,'70',0,1502712648,6),(206,1,NULL,6,NULL,1488862800,2400,121,0,'Diana Achieng',0,1502712697,6),(207,1,NULL,91,NULL,1488776400,200,6814,0,'Pay Bill',0,1502712896,6),(208,1,NULL,6,NULL,1488690000,5000,5599,0,'Pay Bill',0,1502713080,6),(209,1,NULL,16,NULL,1488258000,500,5808,0,'Esther Odhiambo',0,1502713416,6),(210,1,NULL,14,NULL,1488171600,1000,6765,0,'Pay Bill',0,1502713523,6),(211,1,NULL,74,NULL,1488171600,100,1245,0,'Moses Bwana',0,1502713624,6),(212,1,NULL,85,NULL,1487998800,1000,567,0,'Pay Bill',0,1502718500,6),(213,1,NULL,96,NULL,1487998800,10250,2154,0,'Carolyne Odondi',0,1502718798,6),(214,1,NULL,103,NULL,1488085200,500,5778,0,'Hillary Odiembo',0,1502718955,6),(215,1,NULL,10,NULL,1487912400,1000,6630,0,'Pay Bill',0,1502719685,6),(216,1,NULL,103,NULL,1487826000,500,8683,0,'Pay Bill',0,1502719900,6),(217,1,NULL,98,NULL,1487739600,2700,153,0,'Pay Bill',0,1502720056,6),(218,1,NULL,97,NULL,1487739600,3500,257,0,'Pay Bill',0,1502720224,6),(219,1,NULL,16,NULL,1487653200,1000,8572,0,'Pay Bill',0,1502720451,6),(220,1,NULL,37,NULL,1487653200,1000,65,0,'Pay Bill',0,1502722110,6),(221,1,NULL,103,NULL,1487653200,550,2356,0,'Hillary Odiembo',0,1502722364,6),(222,1,NULL,37,NULL,1487394000,1800,244,0,'Pay Bill',0,1502777914,6),(223,1,NULL,91,NULL,1487394000,3000,144,0,'Pay Bill',0,1502777994,6),(224,1,NULL,37,NULL,1487394000,15000,4415,0,'Pay Bill',0,1502778283,6),(225,1,NULL,82,NULL,1487307600,300,4196,0,'George Mugabe',0,1502778394,6),(226,1,NULL,90,NULL,1487307600,700,4197,0,'George Ben',0,1502778470,6),(227,1,NULL,62,NULL,1487307600,100,4199,0,'Joseph Abok',0,1502778531,6),(228,1,NULL,37,NULL,1487307600,1000,8444,0,'Pay Bill',0,1502778604,6),(229,1,NULL,153,NULL,1487134800,1250,138,0,'Pay Bill',0,1502778719,6),(230,1,NULL,38,NULL,1487134800,7400,73711,0,'Pay Bill',0,1502778881,6),(231,1,NULL,50,NULL,1486962000,2000,327,0,'Pay Bill',0,1502779280,6),(232,1,NULL,60,NULL,1486789200,300,4188,0,'Cavin Bondo',0,1502779404,6),(233,1,NULL,37,NULL,1486530000,1000,83128,0,'Pay Bill',0,1502779566,6),(234,1,NULL,98,NULL,1486530000,100,8719,0,'Pay Bill',0,1502779609,6),(235,1,NULL,97,NULL,1486530000,700,87193,0,'Pay Bill',0,1502779649,6),(236,1,NULL,57,NULL,1486530000,300,8711,0,'Pay Bill',0,1502779861,6),(237,1,NULL,120,NULL,1486530000,500,82184,0,'Pay Bill',0,1502779919,6),(238,1,NULL,82,NULL,1486357200,100,4173,0,'George Mugabe',0,1502780033,6),(239,1,NULL,36,NULL,1486184400,1000,4169,0,'Peter Onditi',0,1502780269,6),(240,1,NULL,77,NULL,1486098000,100,4162,0,'Fransiscah Ogutu',0,1502780361,6),(241,1,NULL,56,NULL,1486011600,5000,4159,0,'Elidah Akoth',0,1502780496,6),(242,1,NULL,69,NULL,1485579600,500,6,0,'Pay Bill',0,1502780700,6),(243,1,NULL,127,NULL,1485579600,6000,6768,0,'Elizabeth Nasambu',0,1502780778,6),(244,1,NULL,96,NULL,1485579600,15500,5468,0,'Carolyne Odondi',0,1502780832,6),(245,1,NULL,60,NULL,1485493200,1700,4143,0,'Cavin Bondo',0,1502780974,6),(246,1,NULL,90,NULL,1485493200,8000,4151,0,'George Ben',0,1502781099,6),(247,1,NULL,60,NULL,1485406800,300,4139,0,'Cavin Bondo',0,1502781171,6),(248,1,NULL,146,NULL,1485320400,500,4131,0,'Lilian Angiso',0,1502781233,6),(249,1,NULL,36,NULL,1485320400,500,4133,0,'Peter Onditi',0,1502781317,6),(250,1,NULL,97,NULL,1485320400,200,3441,0,'Philemon Jaoko',0,1502781387,6),(251,1,NULL,98,NULL,1485320400,100,3440,0,'Pamela Oranga',0,1502781561,6),(252,1,NULL,37,NULL,1485320400,200,3442,0,'Hellen Ndone',0,1502782187,6),(253,1,NULL,91,NULL,1485320400,100,3443,0,'Grace Otuoma',0,1502782239,6),(254,1,NULL,96,NULL,1484974800,17500,4118,0,'Carolyne Odondi',0,1502782431,6),(255,1,NULL,67,NULL,1484888400,200,4116,0,'James Ochanda',0,1502782670,6),(256,1,NULL,82,NULL,1484888400,100,38,0,'Pay Bill',0,1502782790,6),(257,1,NULL,45,NULL,1484629200,500,4104,0,'Nicholas Ochieng',0,1502783254,6),(258,1,NULL,62,NULL,1484629200,100,4107,0,'Joseph Abok',0,1502783463,6),(259,1,NULL,67,NULL,1484283600,200,2356,0,'James Ochanda',0,1502783803,6),(260,1,NULL,51,NULL,1484283600,1200,4562,0,'Millicent Achieng',0,1502783858,6),(261,1,NULL,62,NULL,1484283600,400,4562,0,'Joseph Abok',0,1502783952,6),(262,1,NULL,99,NULL,1484197200,7500,564,0,'Pay Bill',0,1502784913,6),(263,1,NULL,69,NULL,1484024400,500,4587,0,'Pay Bill',0,1502785010,6),(264,1,NULL,147,NULL,1484024400,5400,6533,0,'Pay Bill',0,1502785054,6),(265,1,NULL,96,NULL,1483765200,23900,5462,0,'Carolyne Odondi',0,1502785207,6),(267,1,NULL,62,NULL,1483851600,300,5491,0,'Joseph Abok',0,1502786563,6),(268,1,NULL,69,NULL,1483765200,500,7853,0,'Pay Bill',0,1502786658,6),(269,1,NULL,120,NULL,1483678800,500,6930,0,'Pay Bill',0,1502786877,6),(270,1,NULL,139,NULL,1483678800,13350,5478,0,'Judith Otieno',0,1502787106,6),(271,1,NULL,140,NULL,1483678800,17000,5479,0,'Salome Okumu',0,1502787255,6),(272,1,NULL,82,NULL,1483419600,100,4569,0,'George Mugabe',0,1502787511,6),(273,1,NULL,45,NULL,1483333200,1550,2543,0,'Pay Bill',0,1502787640,6),(274,1,NULL,86,NULL,1483246800,6500,175,0,'Pay Bill',0,1502787729,6),(275,1,NULL,96,NULL,1453870800,7880,5469,0,'Carolyne Odondi',0,1502864278,6),(277,1,NULL,136,NULL,1454043600,4500,4562,0,'Collins Ochieng',0,1502864643,6),(278,1,NULL,151,NULL,1456981200,2500,56414,0,'Kenphas Ochieng',0,1502864785,6),(279,1,NULL,45,NULL,1456981200,1400,325,0,'Pay Bill',0,1502864879,6),(280,1,NULL,96,NULL,1457240400,5400,4562,0,'Carolyne Odondi',0,1502865060,6),(281,1,NULL,131,NULL,1457672400,230,2314,0,'Carolyne Odondi',0,1502865294,6),(282,1,NULL,67,NULL,1457672400,200,2314,0,'James Ochanda',0,1502865486,6),(283,1,NULL,45,NULL,1457928000,600,213,0,'Pay Bill',0,1502866149,6),(285,1,NULL,151,NULL,1458187200,2000,2136,0,'Kenphas Ochieng',0,1502866464,6),(286,1,NULL,131,NULL,1458532800,500,1245,0,'Pay Bill',0,1502866659,6),(287,1,NULL,143,NULL,1459137600,500,2154,0,'Joseph Onywera',0,1502867029,6),(288,1,NULL,151,NULL,1459915200,3500,2145,0,'Kenphas Ochieng',0,1502868775,6),(289,1,NULL,102,NULL,1460174400,640,462,0,'Group',0,1502868991,6),(290,1,NULL,46,NULL,1460260800,500,2354,0,'Carolyne Odondi',0,1502870329,6),(291,1,NULL,131,NULL,1460260800,200,5487,0,'Carolyne Odondi',0,1502870561,6),(292,1,NULL,67,NULL,1460260800,200,1245,0,'James Ochanda',0,1502870878,6),(293,1,NULL,36,NULL,1501128000,500,12,0,'Pay Bill',0,1503573789,6),(294,1,NULL,63,NULL,1501560000,2000,6244,0,'Lovennah',0,1503573932,6),(295,1,NULL,36,NULL,1501646400,500,6245,0,'Peter Onditi',0,1503574003,6),(296,1,NULL,53,NULL,1501992000,300,6408,0,'Pay Bill',0,1503574064,6),(297,1,NULL,152,NULL,1502251200,1500,5980,0,'Geophrey Omondi',0,1503574120,6),(298,1,NULL,120,NULL,1502337600,500,5891,0,'Pay Bill',0,1503574172,6),(299,1,NULL,24,NULL,1503028800,800,6251,0,'Joseph Waga',0,1503574278,6),(300,1,NULL,63,NULL,1503288000,2000,6253,0,'Lovennah',0,1503574348,6),(301,1,NULL,154,NULL,1503547200,6100,246,0,'Pay Bill',0,1503574409,6),(302,1,NULL,62,NULL,1483160400,300,5287,0,'Joseph Abok',0,1503574538,6),(303,1,NULL,74,NULL,1483074000,500,5278,0,'Moses Bwana',0,1503574750,6),(304,1,NULL,67,NULL,1483074000,100,5284,0,'James Ochanda',0,1503574821,6),(305,1,NULL,58,NULL,1482987600,10000,5275,0,'Margaret Abok',0,1503574887,6),(306,1,NULL,146,NULL,1482987600,550,5277,0,'Lilian Angiso',0,1503574953,6),(307,1,NULL,69,NULL,1482987600,900,6,0,'Pay Bill',0,1503575069,6),(308,1,NULL,144,NULL,1482814800,200,2,0,'Pay Bill',0,1503575132,6),(309,1,NULL,45,NULL,1482814800,1100,979,0,'Pay Bill',0,1503575191,6),(310,1,NULL,74,NULL,1482814800,500,5270,0,'Moses Bwana',0,1503575260,6),(311,1,NULL,58,NULL,1482814800,500,1245,0,'Margaret Abok',0,1503575360,6),(312,1,NULL,83,NULL,1482555600,100,5264,0,'Caleb Ochieng',0,1503576382,6),(313,1,NULL,123,NULL,1482469200,2000,5,0,'Pay Bill',0,1503576614,6),(314,1,NULL,62,NULL,1482469200,300,5257,0,'Joseph Abok',0,1503576789,6),(315,1,NULL,107,NULL,1482382800,1500,21454,0,'Joshua Nyainda',0,1503576923,6),(316,1,NULL,82,NULL,1482382800,800,124,0,'George Mugabe',0,1503577027,6),(318,1,NULL,45,NULL,1482210000,500,5456,0,'Nicholas Ochieng',0,1503579600,6),(319,1,NULL,82,NULL,1482210000,100,5457,0,'George Mugabe',0,1503579725,6),(320,1,NULL,50,NULL,1481778000,3000,466,0,'Pay Bill',0,1503580402,6),(321,1,NULL,51,NULL,1481778000,500,5436,0,'Millicent Achieng',0,1503580763,6),(322,1,NULL,45,NULL,1481778000,500,5437,0,'Nicholas Ochieng',0,1503580877,6),(323,1,NULL,144,NULL,1481778000,500,409516,0,'Pay Bill',0,1503580980,6),(324,1,NULL,74,NULL,1481691600,400,7,0,'Pay Bill',0,1503581182,6),(325,1,NULL,51,NULL,1481605200,1350,5425,0,'Millicent Achieng',0,1503581303,6),(326,1,NULL,62,NULL,1481346000,200,347,0,'Pay Bill',0,1503582003,6),(327,1,NULL,69,NULL,1481173200,700,8362,0,'Pay Bill',0,1503582202,6),(328,1,NULL,82,NULL,1481173200,100,4087,0,'George Mugabe',0,1503582389,6),(329,1,NULL,110,NULL,1481086800,1500,4048,0,'Leonida Atieno',0,1503582765,6),(330,1,NULL,110,NULL,1481000400,1500,5411,0,'Leonida Atieno',0,1503585284,6),(331,1,NULL,120,NULL,1481000400,500,5416,0,'Evelyne Odongo',0,1503585440,6),(333,1,NULL,82,NULL,1480654800,1000,4068,0,'George Mugabe',0,1503585976,6),(334,1,NULL,32,NULL,1512104400,1700,10216,0,'Pay Bill',0,1503586603,6),(335,1,NULL,120,NULL,1480482000,500,1795,0,'Evelyne Odongo',0,1503730109,6),(336,1,NULL,156,NULL,1447131600,25000,1169,0,'Kodeka Odeko',0,1503730825,6),(337,1,NULL,156,NULL,1447304400,10000,2025,0,'Kodeka Odeko',0,1503730878,6),(338,1,NULL,156,NULL,1449032400,5000,2153,0,'Pay Bill',0,1503731648,6),(339,1,NULL,156,NULL,1450933200,10000,2145,0,'Pay Bill',0,1503731863,6),(340,1,NULL,156,NULL,1454562000,1000,2417,0,'Kodeka Odeko',0,1503731950,6),(341,1,NULL,156,NULL,1455080400,1000,123,0,'Pay Bill',0,1503732025,6),(342,1,NULL,156,NULL,1455685200,5000,123,0,'Pay Bill',0,1503732359,6),(343,1,NULL,156,NULL,1455944400,3000,123,0,'Pay Bill',0,1503732408,6),(344,1,NULL,156,NULL,1456030800,10000,123,0,'Pay Bill',0,1503732449,6),(345,1,NULL,156,NULL,1457154000,10000,123,0,'Pay Bill',0,1503732508,6),(346,1,NULL,156,NULL,1457499600,5000,123,0,'Pay Bill',0,1503732555,6),(347,1,NULL,156,NULL,1457586000,5000,123,0,'Pay Bill',0,1503732607,6),(348,1,NULL,156,NULL,1457928000,3000,123,0,'Pay Bill',0,1503732646,6),(349,1,NULL,156,NULL,1458100800,7000,123,0,'Pay Bill',0,1503732700,6),(350,1,NULL,156,NULL,1458619200,8000,123,0,'Pay Bill',0,1503732774,6),(351,1,NULL,156,NULL,1459051200,7000,123,0,'Pay Bill',0,1503732894,6),(352,1,NULL,156,NULL,1459483200,5000,123,0,'Pay Bill',0,1503732955,6),(353,1,NULL,156,NULL,1460952000,500,123,0,'Pay Bill',0,1503733019,6),(354,1,NULL,156,NULL,1461124800,500,123,0,'Pay Bill',0,1503733082,6),(355,1,NULL,156,NULL,1461384000,500,123,0,'Pay Bill',0,1503733159,6),(356,1,NULL,156,NULL,1461816000,500,123,0,'Pay Bill',0,1503733211,6),(357,1,NULL,156,NULL,1461988800,500,123,0,'Pay Bill',0,1503733446,6),(358,1,NULL,156,NULL,1462161600,500,123,0,'Pay Bill',0,1503733484,6),(359,1,NULL,156,NULL,1463025600,500,123,0,'Pay Bill',0,1503733532,6),(360,1,NULL,156,NULL,1463112000,500,123,0,'Pay Bill',0,1503733580,6),(361,1,NULL,156,NULL,1463198400,500,123,0,'Pay Bill',0,1503733636,6),(362,1,NULL,156,NULL,1463284800,500,123,0,'Pay Bill',0,1503733696,6),(363,1,NULL,156,NULL,1463457600,500,123,0,'Pay Bill',0,1503733757,6),(364,1,NULL,156,NULL,1463630400,500,123,0,'Pay Bill',0,1503733891,6),(365,1,NULL,156,NULL,1463716800,500,123,0,'Pay Bill',0,1503733927,6),(366,1,NULL,156,NULL,1463803200,500,123,0,'Pay Bill',0,1503733997,6),(367,1,NULL,156,NULL,1464148800,1000,123,0,'Pay Bill',0,1503734091,6),(368,1,NULL,156,NULL,1464494400,1000,123,0,'Pay Bill',0,1503734176,6),(369,1,NULL,156,NULL,1464580800,1000,123,0,'Pay Bill',0,1503734345,6),(370,1,NULL,156,NULL,1464667200,1000,123,0,'Pay Bill',0,1503734523,6),(371,1,NULL,156,NULL,1464753600,1000,123,0,'Pay Bill',0,1503734655,6),(372,1,NULL,156,NULL,1465012800,500,123,0,'Pay Bill',0,1503734709,6),(373,1,NULL,156,NULL,1465185600,500,123,0,'Pay Bill',0,1503734766,6),(374,1,NULL,156,NULL,1465272000,500,123,0,'Pay Bill',0,1503734795,6),(375,1,NULL,156,NULL,1465444800,500,123,0,'Pay Bill',0,1503734822,6),(376,1,NULL,156,NULL,1466308800,500,123,0,'Pay Bill',0,1503734870,6),(377,1,NULL,156,NULL,1466568000,500,123,0,'Pay Bill',0,1503734894,6),(378,1,NULL,156,NULL,1466654400,500,123,0,'Pay Bill',0,1503735042,6),(379,1,NULL,156,NULL,1467000000,500,123,0,'Pay Bill',0,1503735116,6),(380,1,NULL,156,NULL,1467259200,500,123,0,'Pay Bill',0,1503735217,6),(381,1,NULL,156,NULL,1467691200,500,123,0,'Pay Bill',0,1503735552,6),(382,1,NULL,156,NULL,1467777600,1000,123,0,'Kodeka Odeko',0,1503735717,6),(383,1,NULL,156,NULL,1468036800,2000,123,0,'Pay Bill',0,1503735822,6),(384,1,NULL,156,NULL,1468296000,500,123,0,'Pay Bill',0,1503735894,6),(385,1,NULL,156,NULL,1468382400,500,123,0,'Pay Bill',0,1503735923,6),(386,1,NULL,156,NULL,1468468800,500,123,0,'Pay Bill',0,1503735991,6),(387,1,NULL,156,NULL,1468555200,500,4719,0,'Kodeka Odeko',0,1503736122,6),(388,1,NULL,156,NULL,1468814400,500,123,0,'Pay Bill',0,1503736174,6),(389,1,NULL,156,NULL,1468900800,500,123,0,'Pay Bill',0,1503736234,6),(390,1,NULL,156,NULL,1468987200,500,123,0,'Pay Bill',0,1503736332,6),(391,1,NULL,156,NULL,1469073600,500,123,0,'Pay Bill',0,1503736369,6),(392,1,NULL,156,NULL,1469160000,500,123,0,'Pay Bill',0,1503736462,6),(393,1,NULL,156,NULL,1469419200,500,123,0,'Pay Bill',0,1503736486,6),(394,1,NULL,156,NULL,1469505600,500,123,0,'Pay Bill',0,1503736514,6),(395,1,NULL,156,NULL,1469592000,500,123,0,'Pay Bill',0,1503736535,6),(396,1,NULL,156,NULL,1469678400,500,123,0,'Pay Bill',0,1503736563,6),(397,1,NULL,156,NULL,1469764800,500,123,0,'Pay Bill',0,1503736591,6),(398,1,NULL,156,NULL,1469851200,500,123,0,'Pay Bill',0,1503736618,6),(399,1,NULL,156,NULL,1469937600,500,123,0,'Pay Bill',0,1503736643,6),(400,1,NULL,156,NULL,1470196800,2000,123,0,'Pay Bill',0,1503736669,6),(401,1,NULL,156,NULL,1470542400,1000,123,0,'Pay Bill',0,1503736699,6),(402,1,NULL,156,NULL,1470628800,500,123,0,'Pay Bill',0,1503736731,6),(403,1,NULL,156,NULL,1470888000,500,123,0,'Pay Bill',0,1503736751,6),(404,1,NULL,156,NULL,1471233600,500,123,0,'Pay Bill',0,1503736778,6),(405,1,NULL,156,NULL,1470715200,500,123,0,'Pay Bill',0,1503736830,6),(406,1,NULL,156,NULL,1474948800,20000,5356,0,'Kodeka Odeko',0,1503736893,6),(407,1,NULL,156,NULL,1475553600,18500,123,0,'Pay Bill',0,1503736997,6),(408,1,NULL,156,NULL,1475640000,9500,123,0,'Pay Bill',0,1503737192,6),(409,1,NULL,156,NULL,1476244800,1000,123,0,'Pay Bill',0,1503737386,6),(410,1,NULL,156,NULL,1476331200,17600,123,0,'Pay Bill',0,1503737422,6),(411,1,NULL,156,NULL,1476417600,1400,123,0,'Pay Bill',0,1503737557,6),(412,1,NULL,156,NULL,1476676800,13500,123,0,'Pay Bill',0,1503737612,6),(413,1,NULL,156,NULL,1477281600,500,123,0,'Pay Bill',0,1503737656,6),(414,1,NULL,156,NULL,1477886400,500,123,0,'Pay Bill',0,1503737693,6),(415,1,NULL,156,NULL,1477972800,2000,123,0,'Pay Bill',0,1503737774,6),(416,2,NULL,156,NULL,1478232000,-500,1,1,NULL,NULL,1503738117,6),(417,1,NULL,156,NULL,1478232000,20000,5623,0,'Kodeka Odeko',0,1503738255,6),(418,1,NULL,156,NULL,1480050000,40000,123,0,'Pay Bill',0,1503738343,6),(419,1,NULL,156,NULL,1480222800,17000,123,0,'Pay Bill',0,1503738718,6),(420,5,NULL,156,NULL,1503720000,-250,1,0,NULL,NULL,1503738749,6),(421,2,NULL,156,NULL,1491192000,-500,2,2,NULL,NULL,1503738821,6),(422,1,NULL,154,NULL,1502683200,200,22006,0,'Pay Bill',0,1503912762,6),(423,1,NULL,74,NULL,1489982400,200,5878,0,'Moses Bwana',0,1503922659,6),(424,1,NULL,74,NULL,1480050000,100,50,0,'Pay Bill',0,1503922884,6),(425,1,NULL,74,NULL,1479618000,200,4,0,'Pay Bill',0,1503923223,6),(426,1,NULL,74,NULL,1477627200,200,927,0,'Pay Bill',0,1503923521,6),(427,1,NULL,74,NULL,1477022400,100,5541,0,'Moses Bwana',0,1503923645,6),(428,1,NULL,74,NULL,1476417600,100,5502,0,'Moses Bwana',0,1503923721,6),(429,1,NULL,74,NULL,1475812800,200,5381,0,'Moses Bwana',0,1503923815,6),(430,1,NULL,74,NULL,1473220800,1000,4784,0,'Moses Bwana',0,1503923868,6),(431,5,NULL,74,NULL,1503892800,-250,10,0,NULL,NULL,1503924159,6),(432,1,NULL,74,NULL,1467345600,500,214,0,'Moses Bwana',0,1503924277,6),(433,1,NULL,157,NULL,1483592400,6500,5474,0,'Rachael Adera',0,1504347806,6),(434,1,NULL,157,NULL,1499659200,410,58,0,'Pay Bill',0,1504352280,6),(435,1,NULL,157,NULL,1501905600,1010,52130,0,'Pay Bill',0,1504352341,6),(436,1,NULL,157,NULL,1504152000,510,6260,0,'Rachael Adera',0,1504352397,6),(437,1,NULL,42,NULL,1504497600,100,5983,0,'Margaret Wandega',0,1504678698,6),(438,1,NULL,155,NULL,1504670400,2000,6046,0,'Pay Bill',0,1504765951,6),(439,1,NULL,135,NULL,1456290000,500,2135,0,'Pay Bill',0,1504849827,6),(440,1,NULL,143,NULL,1456549200,200,1236,0,'Joseph Onywera',0,1504850009,6),(441,1,NULL,133,NULL,1456549200,150,145,0,'Pay Bill',0,1504850426,6),(442,1,NULL,144,NULL,1457413200,200,2145,0,'Pay Bill',0,1504850913,6),(443,1,NULL,146,NULL,1458014400,500,1245,0,'Lilian Angiso',0,1504851374,6),(445,1,NULL,46,NULL,1459569600,500,1245,0,'Carolyne Odondi',0,1504854497,6),(446,1,NULL,135,NULL,1459742400,500,145,0,'Pay Bill',0,1504854663,6),(447,1,NULL,102,NULL,1460174400,1140,1245,0,'Group',0,1504855645,6),(448,1,NULL,146,NULL,1460779200,300,2365,0,'Lilian Angiso',0,1504855911,6),(449,1,NULL,135,NULL,1461124800,500,4587,0,'Pay Bill',0,1504856042,6),(450,1,NULL,146,NULL,1461384000,300,4783,0,'Lilian Angiso',0,1504856534,6),(451,1,NULL,45,NULL,1461384000,300,8789,0,'Pay Bill',0,1504856594,6),(452,1,NULL,45,NULL,1461556800,1100,6221,0,'Pay Bill',0,1504856661,6),(453,1,NULL,45,NULL,1461902400,1000,5622,0,'Pay Bill',0,1504856784,6),(454,1,NULL,77,NULL,1461902400,1100,3651,0,'Fransiscah Ogutu',0,1504856893,6),(455,1,NULL,146,NULL,1461988800,300,8970,0,'Lilian Angiso',0,1504857038,6),(456,1,NULL,46,NULL,1461988800,500,5698,0,'Carolyne Odondi',0,1504857102,6),(457,1,NULL,45,NULL,1462334400,200,5647,0,'Pay Bill',0,1504857212,6),(458,1,NULL,131,NULL,1462420800,1000,4780,0,'Pay Bill',0,1504857304,6),(459,1,NULL,131,NULL,1462593600,1500,5478,0,'Carolyne Odondi',0,1504857376,6),(460,1,NULL,45,NULL,1462680000,1100,4587,0,'Pay Bill',0,1504857435,6),(461,1,NULL,32,NULL,1462939200,300,2145,0,'Pay Bill',0,1504857535,6),(462,1,NULL,45,NULL,1463112000,500,745,0,'Pay Bill',0,1504857644,6),(463,1,NULL,144,NULL,1463198400,200,5687,0,'Pay Bill',0,1504857744,6),(464,1,NULL,131,NULL,1463198400,1000,5487,0,'Pay Bill',0,1504858534,6),(465,1,NULL,45,NULL,1463457600,600,4881,0,'Pay Bill',0,1504858617,6),(466,1,NULL,135,NULL,1463544000,300,4875,0,'Pay Bill',0,1504858681,6),(467,1,NULL,144,NULL,1463630400,290,4578,0,'Pay Bill',0,1504858744,6),(468,1,NULL,131,NULL,1463803200,200,54954,0,'Pay Bill',0,1504858831,6),(469,1,NULL,45,NULL,1464062400,600,214,0,'Pay Bill',0,1504858915,6),(470,1,NULL,135,NULL,1464580800,400,2154,0,'Pay Bill',0,1504859050,6),(471,1,NULL,103,NULL,1464667200,200,8714,0,'Hillary Odiembo',0,1504859125,6),(472,1,NULL,45,NULL,1464667200,1200,5478,0,'Pay Bill',0,1504859183,6),(473,1,NULL,144,NULL,1464667200,510,148,0,'Pay Bill',0,1504859242,6),(474,1,NULL,62,NULL,1480654800,500,2719,0,'Pay Bill',0,1505133441,6),(475,1,NULL,62,NULL,1477627200,500,5210,0,'Joseph Abok',0,1505133755,6),(476,1,NULL,62,NULL,1478232000,500,5630,0,'Joseph Abok',0,1505133935,6),(477,1,NULL,62,NULL,1478840400,500,5677,0,'Joseph Abok',0,1505134011,6),(478,1,NULL,62,NULL,1479531600,600,62,0,'Pay Bill',0,1505134062,6),(479,1,NULL,62,NULL,1480050000,900,5913,0,'Pay Bill',0,1505134129,6),(480,1,NULL,5,NULL,1489464000,8000,4122,0,'Diana Achieng',0,1505197736,6),(481,1,NULL,158,NULL,1505275200,400,9772,0,'Pay Bill',0,1505286291,6),(482,1,NULL,45,NULL,1480309200,2000,5405,0,'Nicholas Ochieng',0,1505287309,6),(483,1,NULL,142,NULL,1480309200,250,5406,0,'Julius Odhiambo',0,1505287377,6),(484,1,NULL,67,NULL,1480050000,10000,4042,0,'James Ochanda',0,1505287489,6),(485,1,NULL,94,NULL,1479877200,500,5242,0,'Beryl Odongo',0,1505287642,6),(486,1,NULL,120,NULL,1479877200,1000,5243,0,'Evelyne Odongo',0,1505287756,6),(487,1,NULL,135,NULL,1479877200,400,921,0,'Pay Bill',0,1505287840,6),(488,1,NULL,142,NULL,1479790800,250,4033,0,'Julius Odhiambo',0,1505288073,6),(489,1,NULL,159,NULL,1472616000,500,4777,0,'Grace Susan',0,1505288921,6),(490,1,NULL,159,NULL,1479531600,250,30,0,'Pay Bill',0,1505289008,6),(491,1,NULL,58,NULL,1479358800,500,4009,0,'Margaret Abok',0,1505289156,6),(492,1,NULL,131,NULL,1479358800,200,4010,0,'Carolyne Odondi',0,1505289330,6),(493,1,NULL,120,NULL,1479358800,500,99,0,'Pay Bill',0,1505289972,6),(494,1,NULL,131,NULL,1479272400,1300,9016,0,'Pay Bill',0,1505290467,6),(495,1,NULL,58,NULL,1479272400,200,5219,0,'Margaret Abok',0,1505290666,6),(496,1,NULL,103,NULL,1479272400,100,4058,0,'Hillary Odiembo',0,1505290777,6),(497,1,NULL,142,NULL,1479186000,250,5700,0,'Julius Odhiambo',0,1505292702,6),(498,1,NULL,50,NULL,1479186000,4900,997,0,'Pay Bill',0,1505292912,6),(499,1,NULL,142,NULL,1479013200,250,5689,0,'Julius Odhiambo',0,1505293280,6),(500,1,NULL,142,NULL,1478926800,250,5682,0,'Julius Odhiambo',0,1505293365,6),(501,1,NULL,120,NULL,1478754000,3000,5675,0,'Evelyne Odongo',0,1505293545,6),(502,1,NULL,58,NULL,1478581200,500,5655,0,'Margaret Abok',0,1505293643,6),(503,1,NULL,160,NULL,1478581200,3500,5659,0,'Saum Aoko',0,1505294053,6),(504,1,NULL,135,NULL,1478494800,400,7866,0,'Pay Bill',0,1505294222,6),(505,1,NULL,49,NULL,1478494800,200,79619,0,'Pay Bill',0,1505294581,6),(506,1,NULL,142,NULL,1478232000,600,5635,0,'Julius Odhiambo',0,1505296676,6),(507,1,NULL,135,NULL,1478232000,400,4958,0,'Pay Bill',0,1505296879,6),(508,1,NULL,50,NULL,1477972800,100,1743,0,'Pay Bill',0,1505297068,6),(510,1,NULL,120,NULL,1477886400,7000,5591,0,'Evelyne Odongo',0,1505297308,6),(511,1,NULL,49,NULL,1477800000,250,5581,0,'Washington Ojwang',0,1505297391,6),(512,1,NULL,111,NULL,1477627200,1000,5573,0,'Caren Anyango',0,1505297702,6),(513,1,NULL,159,NULL,1477627200,500,5575,0,'Grace Susan',0,1505382374,6),(514,1,NULL,58,NULL,1477627200,500,5577,0,'Margaret Abok',0,1505382551,6),(515,1,NULL,159,NULL,1477540800,500,839480,0,'Pay Bill',0,1505382649,6),(516,1,NULL,118,NULL,1477368000,3000,5560,0,'Nereah Akeyo',0,1505382850,6),(517,1,NULL,49,NULL,1477195200,250,5561,0,'Washington Ojwang',0,1505383035,6),(518,1,NULL,144,NULL,1477108800,200,11,0,'Pay Bill',0,1505383111,6),(519,1,NULL,77,NULL,1477022400,700,5547,0,'Fransiscah Ogutu',0,1505383279,6),(520,1,NULL,111,NULL,1476849600,1000,1000,0,'5536',0,1505383523,6),(521,1,NULL,118,NULL,1476849600,4000,5539,0,'Nereah Akeyo',0,1505383986,6),(522,1,NULL,135,NULL,1476676800,1000,43,0,'Pay Bill',0,1505384063,6),(523,1,NULL,118,NULL,1476676800,2500,5522,0,'Nereah Akeyo',0,1505384128,6),(524,1,NULL,58,NULL,1476676800,400,245,0,'Pay Bill',0,1505384208,6),(525,1,NULL,144,NULL,1476504000,200,7,0,'Pay Bill',0,1505384284,6),(526,1,NULL,49,NULL,1476504000,250,5519,0,'Washington Ojwang',0,1505384357,6),(527,1,NULL,50,NULL,1476244800,10000,5504,0,'Group',0,1505384521,6),(528,1,NULL,49,NULL,1476072000,250,3385,0,'Washington Ojwang',0,1505384706,6),(529,1,NULL,135,NULL,1476072000,400,61,0,'Pay Bill',0,1505384763,6),(530,1,NULL,58,NULL,1475899200,500,25,0,'Pay Bill',0,1505384822,6),(531,1,NULL,123,NULL,1475812800,1000,5379,0,'John Tindi',0,1505384943,6),(532,1,NULL,123,NULL,1475467200,1000,36206,0,'Pay Bill',0,1505385110,6),(533,1,NULL,131,NULL,1475467200,500,778,0,'Pay Bill',0,1505385230,6),(534,1,NULL,144,NULL,1475467200,200,3371,0,'Phoebe Ngiela',0,1505385293,6),(535,1,NULL,103,NULL,1475208000,500,6,0,'Pay Bill',0,1505385417,6),(536,1,NULL,60,NULL,1475208000,1250,33656,0,'Cavin Bondo',0,1505385499,6),(537,1,NULL,129,NULL,1475121600,200,394,0,'Pay Bill',0,1505385559,6),(538,1,NULL,103,NULL,1475121600,300,4,0,'Pay Bill',0,1505385608,6),(539,1,NULL,52,NULL,1475035200,1500,3341,0,'George Midire',0,1505385681,6),(540,1,NULL,72,NULL,1474948800,4500,5358,0,'Joshua Apinde',0,1505385756,6),(541,1,NULL,60,NULL,1474862400,1000,3345,0,'Cavin Bondo',0,1505385844,6),(542,1,NULL,103,NULL,1474776000,200,846,0,'Pay Bill',0,1505385910,6),(543,1,NULL,52,NULL,1474776000,2000,415,0,'George Midire',0,1505385973,6),(544,1,NULL,143,NULL,1474689600,3000,2,0,'Pay Bill',0,1505388605,6),(545,1,NULL,135,NULL,1474430400,400,7682,0,'Pay Bill',0,1505394828,6),(546,1,NULL,159,NULL,1474344000,1000,5310,0,'Grace Susan',0,1505394960,6),(547,1,NULL,58,NULL,1474344000,500,5312,0,'Margaret Abok',0,1505395056,6),(548,1,NULL,142,NULL,1474257600,200,5175,0,'Julius Odhiambo',0,1505395195,6),(549,1,NULL,133,NULL,1474171200,2000,1649,0,'Pay Bill',0,1505395242,6),(550,1,NULL,142,NULL,1474084800,200,5401,0,'Julius Odhiambo',0,1505395295,6),(551,1,NULL,58,NULL,1473739200,500,125,0,'Pay Bill',0,1505395429,6),(552,1,NULL,142,NULL,1473566400,200,5136,0,'Julius Odhiambo',0,1505395492,6),(553,1,NULL,50,NULL,1473220800,5000,2999,0,'Group',0,1505395603,6),(554,1,NULL,135,NULL,1473134400,500,8669,0,'Pay Bill',0,1505395734,6),(555,1,NULL,58,NULL,1473134400,500,633,0,'Pay Bill',0,1505395805,6),(556,1,NULL,69,NULL,1472702400,900,159,0,'Pay Bill',0,1505396207,6),(557,1,NULL,142,NULL,1472529600,1150,2945,0,'Julius Odhiambo',0,1505452437,6),(558,1,NULL,58,NULL,1472529600,200,5829,0,'Pay Bill',0,1505452549,6),(559,1,NULL,129,NULL,1472356800,100,48,0,'Pay Bill',0,1505452668,6),(560,1,NULL,142,NULL,1472270400,300,2934,0,'Julius Odhiambo',0,1505452739,6),(561,1,NULL,138,NULL,1472184000,14500,2926,0,'Humphred Oluoch',0,1505452805,6),(562,1,NULL,138,NULL,1472011200,15500,4895,0,'Humphred Oluoch',0,1505452898,6),(563,1,NULL,142,NULL,1471838400,1500,2905,0,'Julius Odhiambo',0,1505453031,6),(564,1,NULL,142,NULL,1471752000,3000,5097,0,'Julius Odhiambo',0,1505453071,6),(565,1,NULL,129,NULL,1471752000,500,36,0,'Pay Bill',0,1505453118,6),(566,5,NULL,142,NULL,1505448000,-250,1245,0,NULL,NULL,1505453207,6),(567,1,NULL,142,NULL,1471492800,1000,5082,0,'Julius Odhiambo',0,1505453256,6),(568,5,NULL,144,NULL,1505448000,-250,451,0,NULL,NULL,1505453289,6),(569,1,NULL,144,NULL,1471492800,650,5081,0,'Phoebe Ngiela',0,1505453344,6),(570,1,NULL,144,NULL,1471406400,500,5066,0,'Phoebe Ngiela',0,1505453389,6),(571,5,NULL,45,NULL,1505448000,-250,478,0,NULL,NULL,1505453433,6),(572,1,NULL,45,NULL,1471406400,500,5069,0,'Nicholas Ochieng',0,1505453496,6),(573,1,NULL,142,NULL,1471406400,500,5068,0,'Julius Odhiambo',0,1505453553,6),(574,5,NULL,143,NULL,1505448000,-250,7845,0,NULL,NULL,1505453607,6),(575,1,NULL,143,NULL,1471320000,1500,213,0,'Joseph Onywera',0,1505453664,6),(576,1,NULL,45,NULL,1471320000,1000,750,0,'Pay Bill',0,1505453731,6),(577,1,NULL,58,NULL,1471320000,200,4512,0,'Pay Bill',0,1505453810,6),(578,5,NULL,129,NULL,1505448000,-250,102,0,NULL,NULL,1505453883,6),(579,1,NULL,129,NULL,1471147200,1500,43,0,'Pay Bill',0,1505453939,6),(580,1,NULL,129,NULL,1471060800,900,67,0,'Pay Bill',0,1505453967,6),(581,5,NULL,133,NULL,1505448000,-250,5412,0,NULL,NULL,1505454010,6),(582,1,NULL,133,NULL,1471060800,200,986,0,'Pay Bill',0,1505454134,6),(583,5,NULL,51,NULL,1505448000,-250,1210,0,NULL,NULL,1505454240,6),(584,1,NULL,51,NULL,1470974400,100,4997,0,'Millicent Achieng',0,1505454646,6),(585,1,NULL,129,NULL,1470974400,100,229,0,'Pay Bill',0,1505454716,6),(586,1,NULL,129,NULL,1470801600,500,95,0,'Pay Bill',0,1505454786,6),(587,1,NULL,50,NULL,1470801600,4500,145,0,'Group',0,1505454859,6),(588,1,NULL,129,NULL,1470715200,500,8836,0,'Pay Bill',0,1505454928,6),(589,1,NULL,129,NULL,1470715200,300,93913,0,'Pay Bill',0,1505454978,6),(590,1,NULL,45,NULL,1470715200,3500,4992,0,'Nicholas Ochieng',0,1505455027,6),(591,1,NULL,142,NULL,1470542400,650,4987,0,'Julius Odhiambo',0,1505455089,6),(592,1,NULL,143,NULL,1470542400,2500,45612,0,'Joseph Onywera',0,1505455138,6),(593,1,NULL,144,NULL,1470542400,1000,5412,0,'Pay Bill',0,1505455178,6),(594,1,NULL,60,NULL,1470542400,100,2145,0,'Pay Bill',0,1505455223,6),(595,1,NULL,45,NULL,1470542400,600,245,0,'Pay Bill',0,1505455268,6),(596,1,NULL,129,NULL,1470542400,200,2310,0,'Pay Bill',0,1505455316,6),(597,1,NULL,129,NULL,1470456000,1000,5031,0,'William Kasera',0,1505455374,6),(598,1,NULL,103,NULL,1470456000,500,669,0,'Pay Bill',0,1505455894,6),(599,1,NULL,103,NULL,1470369600,500,54445,0,'Pay Bill',0,1505455956,6),(600,1,NULL,103,NULL,1470283200,500,404,0,'Pay Bill',0,1505455999,6),(601,1,NULL,103,NULL,1470196800,500,4968,0,'Hillary Odiembo',0,1505456048,6),(602,1,NULL,51,NULL,1470110400,1000,2082,0,'Pay Bill',0,1505456204,6),(603,1,NULL,58,NULL,1470110400,1000,5071,0,'Margaret Abok',0,1505456250,6),(604,5,NULL,103,NULL,1505448000,-250,4578,0,NULL,NULL,1505456399,6),(605,1,NULL,103,NULL,1470110400,2000,4961,0,'Hillary Odiembo',0,1505456490,6),(606,1,NULL,142,NULL,1470110400,400,102,0,'Julius Odhiambo',0,1505456606,6),(607,1,NULL,45,NULL,1470024000,500,1314,0,'Pay Bill',0,1505456818,6),(608,1,NULL,142,NULL,1470024000,500,4950,0,'Julius Odhiambo',0,1505456988,6),(609,1,NULL,161,NULL,1460952000,1000,4512,0,'Pay Bill',0,1505481647,6),(610,1,NULL,161,NULL,1466308800,100,421,0,'Pay Bill',0,1505481706,6),(611,1,NULL,161,NULL,1466827200,50,2145,0,'Pay Bill',0,1505481804,6),(612,1,NULL,161,NULL,1467604800,100,745,0,'Pay Bill',0,1505481839,6),(613,1,NULL,161,NULL,1468814400,100,69989,0,'Pay Bill',0,1505481884,6),(614,1,NULL,161,NULL,1469419200,300,968,0,'Pay Bill',0,1505481937,6),(615,1,NULL,161,NULL,1473480000,500,4300,0,'Nicholas Pete',0,1505481985,6),(616,1,NULL,161,NULL,1473998400,300,5160,0,'Nicholas Pete',0,1505482025,6),(617,1,NULL,161,NULL,1474862400,300,3344,0,'Nicholas Pete',0,1505482080,6),(618,1,NULL,161,NULL,1475553600,200,3375,0,'Nicholas Pete',0,1505482116,6),(619,1,NULL,161,NULL,1477886400,200,5589,0,'Nicholas Pete',0,1505482164,6),(620,1,NULL,161,NULL,1481518800,100,5419,0,'Nicholas Pete',0,1505482306,6),(621,1,NULL,161,NULL,1483333200,100,5288,0,'Nicholas Pete',0,1505482392,6),(622,1,NULL,161,NULL,1483938000,80,5492,0,'Nicholas Pete',0,1505482587,6),(623,1,NULL,161,NULL,1485234000,100,4130,0,'Nicholas Pete',0,1505482613,6),(624,1,NULL,161,NULL,1489377600,100,5848,0,'Nicholas Pete',0,1505482666,6),(625,1,NULL,161,NULL,1489982400,300,5877,0,'Nicholas Pete',0,1505482715,6),(626,5,NULL,161,NULL,1505448000,-250,4512,0,NULL,NULL,1505483488,6),(627,1,NULL,60,NULL,1477972800,650,5597,0,'Cavin Bondo',0,1505553830,6),(628,1,NULL,51,NULL,1460433600,500,2554,0,'Millicent Achieng',0,1505553986,6),(629,1,NULL,51,NULL,1464926400,1000,5471,0,'Millicent Achieng',0,1505554025,6),(630,1,NULL,103,NULL,1469937600,500,276,0,'Pay Bill',0,1505554522,6),(631,1,NULL,133,NULL,1469851200,200,15,0,'Pay Bill',0,1505554622,6),(632,1,NULL,153,NULL,1469678400,2500,56,0,'Pay Bill',0,1505554753,6),(633,5,NULL,153,NULL,1505534400,-250,2145,0,NULL,NULL,1505554777,6),(634,1,NULL,161,NULL,1469592000,1500,4934,0,'Nicholas Pete',0,1505554987,6),(635,1,NULL,103,NULL,1469505600,200,4931,0,'Hillary Odiembo',0,1505555063,6),(636,1,NULL,103,NULL,1469419200,200,4923,0,'Hillary Odiembo',0,1505555098,6),(637,1,NULL,45,NULL,1469332800,250,2002,0,'Pay Bill',0,1505555187,6),(638,5,NULL,102,NULL,1505534400,-250,1203,0,NULL,NULL,1505555640,6),(639,1,NULL,102,NULL,1469246400,1058,263,0,'Pay Bill',0,1505555869,6),(640,1,NULL,153,NULL,1505534400,2000,691,0,'Pay Bill',0,1505556096,6),(641,1,NULL,60,NULL,1468814400,650,2145,0,'Cavin Bondo',0,1505558355,6),(642,1,NULL,45,NULL,1468728000,300,2979,0,'Pay Bill',0,1505558445,6),(643,1,NULL,60,NULL,1468728000,50,9975,0,'Pay Bill',0,1505558514,6),(645,1,NULL,133,NULL,1468555200,200,1012,0,'Peter Chwanya',0,1505558998,6),(646,1,NULL,60,NULL,1468468800,300,4586,0,'Cavin Bondo',0,1505559281,6),(647,1,NULL,143,NULL,1468296000,1000,4512,0,'Joseph Onywera',0,1505559434,6),(648,1,NULL,151,NULL,1468209600,10500,4565,0,'Kenphas Ochieng',0,1505559536,6),(649,1,NULL,45,NULL,1467950400,250,1025,0,'Pay Bill',0,1505559635,6),(650,1,NULL,133,NULL,1467950400,200,214,0,'Peter Chwanya',0,1505559734,6),(651,1,NULL,131,NULL,1467950400,500,2101,0,'Carolyne Odondi',0,1505566601,6),(652,1,NULL,58,NULL,1466740800,300,8900,0,'Margaret Abok',0,1505566974,6),(653,1,NULL,138,NULL,1466740800,2000,5676,0,'Humphred Oluoch',0,1505567064,6),(654,1,NULL,135,NULL,1466395200,500,1014,0,'Pay Bill',0,1505567134,6),(655,1,NULL,151,NULL,1465876800,4000,1214,0,'Kenphas Ochieng',0,1505567284,6),(656,1,NULL,45,NULL,1465790400,1500,2145,0,'Pay Bill',0,1505567606,6),(657,1,NULL,131,NULL,1465704000,350,150,0,'Pay Bill',0,1505567679,6),(658,1,NULL,46,NULL,1465617600,1000,120,0,'Pay Bill',0,1505567736,6),(659,1,NULL,67,NULL,1465617600,200,976,0,'James Ochanda',0,1505567799,6),(660,1,NULL,133,NULL,1465617600,200,2104,0,'Pay Bill',0,1505567845,6),(661,1,NULL,103,NULL,1465272000,200,6745,0,'Hillary Odiembo',0,1505567954,6),(662,1,NULL,45,NULL,1465185600,1200,2141,0,'Pay Bill',0,1505568018,6),(663,1,NULL,58,NULL,1465185600,100,2410,0,'Margaret Abok',0,1505568071,6),(664,2,NULL,58,NULL,1505534400,-500,3,3,NULL,NULL,1505568099,6),(665,1,NULL,144,NULL,1465012800,500,104,0,'Pay Bill',0,1505568303,6),(666,1,NULL,159,NULL,1486184400,13200,1204,0,'Grace Susan',0,1505714717,6),(667,5,NULL,135,NULL,1505707200,-250,21047,0,NULL,NULL,1505728880,6),(668,5,NULL,131,NULL,1505707200,-250,2102,0,NULL,NULL,1505729038,6),(669,1,NULL,158,NULL,1505793600,500,9699,0,'Pay Bill',0,1505887197,6),(670,2,NULL,143,NULL,1503288000,-8450,37,1,NULL,NULL,1513162958,6),(671,1,NULL,59,NULL,1488949200,100,1230,0,'Jane Naliaka',0,1513163488,6),(672,1,NULL,6,NULL,1495944000,100,331,0,'Pay Bill',0,1513165117,6),(675,1,NULL,88,NULL,1485925200,9500,210,0,'Elizabeth Nasambu',0,1513170190,6),(676,1,NULL,170,NULL,1486443600,13000,2145,0,'Diana Achieng',0,1513171477,6),(679,1,NULL,166,NULL,1513227600,500,695,0,'Mercy awino',0,1513235649,9),(681,1,NULL,167,NULL,1513227600,500,56,0,'lore ochieng',0,1513258989,9),(683,1,NULL,171,265,1513400400,100,333,0,NULL,NULL,1513426729,9),(684,1,NULL,169,NULL,1513400400,500,333,0,'jane oraga',0,1513426844,9),(685,1,NULL,171,NULL,1513400400,350,333,0,'elizabeth ochieng',0,1513427156,9),(687,1,NULL,165,197,1513486800,100,333,0,NULL,NULL,1513575016,9),(688,1,NULL,157,NULL,1513400400,1000,444,0,'rachael adero',0,1513579759,9),(697,1,NULL,186,NULL,1513573200,500,9,0,'Diana Achieng',0,1513595917,9),(698,1,NULL,187,NULL,1513573200,400,26,0,'risper adhiambo',0,1513597009,9),(700,1,NULL,187,NULL,1513573200,100,26,0,'Risper Adhiambo',0,1513612971,5),(702,1,NULL,178,474,1513659600,100,111,0,NULL,NULL,1513671827,9),(703,1,NULL,172,NULL,1513659600,500,13,0,'JANET ATIENO',0,1513672062,9),(704,1,NULL,178,NULL,1513659600,500,222,0,'david odero',0,1513672134,9),(707,1,NULL,157,NULL,1510894800,1070,120,0,'Pay Bill',0,1513925175,6),(708,1,NULL,69,NULL,1510894800,400,120,0,'Pay Bill',0,1513925214,6),(709,1,NULL,63,NULL,1510808400,2000,2103,0,'Lovennah',0,1513925262,6),(711,1,NULL,152,NULL,1508731200,1000,120,0,'Geophrey Omondi',0,1513925403,6),(712,1,NULL,63,NULL,1508731200,2000,120,0,'Geophrey Omondi',0,1513925437,6),(713,1,NULL,157,NULL,1508385600,1000,102,0,'Pay Bill',0,1513925485,6),(714,1,NULL,158,NULL,1507608000,500,1,0,'Pay Bill',0,1513925544,6),(715,1,NULL,152,NULL,1506916800,1000,210,0,'Geophrey Omondi',0,1513925587,6),(716,1,NULL,179,492,1513918800,100,29,0,NULL,NULL,1514355528,5),(717,1,NULL,155,NULL,1507348800,1500,748,0,'Pay Bill',0,1514360654,6),(718,1,NULL,120,NULL,1507608000,500,75,0,'Pay Bill',0,1514360774,6),(719,1,NULL,155,NULL,1508212800,500,4,0,'Pay Bill',0,1514361157,6),(720,1,NULL,158,NULL,1509595200,1000,222,0,'Pay Bill',0,1514361690,6),(721,1,NULL,155,NULL,1510290000,1000,444,0,'Pay Bill',0,1514362375,6),(722,1,NULL,155,NULL,1512536400,1500,65,0,'Pay Bill',0,1514364193,6),(723,1,NULL,157,NULL,1513832400,1600,630,0,'Pay Bill',0,1514364566,6),(724,1,NULL,189,NULL,1514350800,500,24,0,'nancy',0,1514364600,5),(725,1,NULL,123,NULL,1513918800,500,953,0,'Pay Bill',0,1514364610,6),(727,1,NULL,171,682,1513573200,100,333,0,NULL,NULL,1514379879,5),(728,1,NULL,171,NULL,1514350800,500,333,0,'elizabeth',0,1514381504,5),(729,1,NULL,163,140,1514350800,200,333,0,NULL,NULL,1514436312,5),(730,1,NULL,53,589,1513918800,100,333,0,NULL,NULL,1514458967,9),(733,1,NULL,186,721,1514523600,100,34,0,NULL,NULL,1514529415,9),(734,1,NULL,183,NULL,1514523600,600,36,0,'faina',0,1514532558,9),(735,1,NULL,192,NULL,1514437200,500,30,0,'rael',0,1514533073,9),(736,1,NULL,167,626,1514523600,100,333,0,NULL,NULL,1514533265,9),(737,1,NULL,179,NULL,1514523600,500,333,0,'authur',0,1514547507,9),(738,1,NULL,168,NULL,1514523600,500,40,0,'juliet',0,1514552250,9),(740,1,NULL,187,710,1514869200,100,37,0,NULL,NULL,1514872254,9),(742,1,NULL,167,NULL,1514869200,300,0,0,'lore',0,1514872674,9),(743,1,NULL,185,NULL,1514869200,50,0,0,'nick',1517547600,1514878723,9),(744,1,NULL,175,341,1514264400,100,333,0,NULL,NULL,1514887962,9),(745,1,NULL,175,NULL,1514869200,150,41,0,'mary',0,1514888021,9),(746,8,NULL,25,1130,1514869200,-3000,124,0,NULL,NULL,1514893396,6),(747,8,NULL,41,1132,1510030800,-5400,7512,0,NULL,NULL,1514893457,6),(748,1,NULL,187,NULL,1514869200,50,0,0,'Risper Adhiambo',0,1514902386,5),(749,1,NULL,176,NULL,1514869200,500,46,0,'Lydia',0,1514903977,9),(751,1,NULL,63,NULL,1511326800,5000,0,0,'redempta anyango',0,1514965443,9),(752,1,NULL,63,NULL,1514955600,1000,203,0,'geofrey',0,1514965526,9),(753,1,NULL,175,NULL,1514955600,350,52,0,'mary adhiambo',0,1514990076,9),(754,1,NULL,164,NULL,1515042000,500,111,0,'Gladys Visahu',0,1515045378,6),(755,1,NULL,182,541,1514350800,100,333,0,NULL,NULL,1515048242,9),(756,1,NULL,192,833,1515042000,100,56,0,NULL,NULL,1515134762,9),(757,1,NULL,197,NULL,1515042000,500,0,0,'mary',0,1515139876,9),(758,1,NULL,178,733,1515128400,100,61,0,NULL,NULL,1515148405,9),(759,1,NULL,172,743,1515128400,100,64,0,NULL,NULL,1515154143,9),(760,1,NULL,198,NULL,1515128400,4900,111,0,'HESBONE',0,1515154578,6),(763,8,NULL,140,70,1515128400,-17000,417,0,NULL,NULL,1515160332,9),(764,1,NULL,140,70,1515128400,700,417,0,NULL,NULL,1515160332,9),(767,1,NULL,200,NULL,1515214800,500,70,0,'everline',0,1515246484,9),(768,1,NULL,201,NULL,1515214800,500,0,0,'emma',0,1515246518,9),(769,1,NULL,171,800,1515387600,100,333,0,NULL,NULL,1515405813,9),(770,1,NULL,175,NULL,1515387600,500,65,0,'mary adhiambo',0,1515413041,9),(771,1,NULL,101,NULL,1482469200,2000,222,0,'Pay Bill',0,1515415321,6),(772,1,NULL,101,NULL,1511154000,2000,222,0,'Pay Bill',0,1515415362,6),(773,1,NULL,101,NULL,1538884800,1000,111,0,'Pay Bill',0,1515415396,6),(774,1,NULL,168,987,1515387600,100,76,0,NULL,NULL,1515474364,9),(775,1,NULL,168,NULL,1515474000,200,82,0,'juliet',0,1515496750,9),(776,1,NULL,207,NULL,1515474000,500,84,0,'matty',0,1515501097,9),(777,1,NULL,181,526,1515474000,100,85,0,NULL,NULL,1515502714,9),(778,1,NULL,192,NULL,1515474000,500,215,0,'Rael Auoch',0,1515507384,6),(779,1,NULL,155,NULL,1515214800,1500,2145,0,'Pay Bill',0,1515507780,6),(780,1,NULL,135,NULL,1513141200,2550,1204,0,'Pay Bill',0,1515575958,6),(781,2,NULL,151,NULL,1514869200,-22500,12,12,NULL,NULL,1515576407,6),(782,1,NULL,209,NULL,1515646800,500,216,0,'David Oluoch',0,1515651027,6),(784,1,NULL,195,NULL,1514955600,500,0,0,'emma',0,1515673742,9),(785,1,NULL,195,NULL,1515646800,300,333,0,'emma',0,1515675199,9),(788,1,NULL,192,NULL,1515733200,400,220,0,'rael',0,1515767112,9),(789,1,NULL,214,NULL,1515974400,1000,63,0,'florence',0,1516008981,9),(790,1,NULL,215,NULL,1516579200,500,111,0,'roselyn',0,1516617501,9),(791,1,NULL,216,NULL,1516579200,500,333,0,'merceline',0,1516617953,9),(792,1,NULL,218,NULL,1516579200,500,333,0,'Jemimah',0,1516618221,9),(793,1,NULL,219,NULL,1516579200,500,333,0,'Jane Adhiambo',0,1516618558,9),(794,1,NULL,220,NULL,1516579200,100,10,0,'caroline',0,1516619979,9),(795,1,NULL,221,NULL,1516665600,500,69,0,'EVERLINE ANYANGO',0,1516701853,9),(798,1,NULL,195,NULL,1516147200,2700,36,0,'emma auma',0,1516702680,9),(799,1,NULL,166,577,1515888000,100,333,0,NULL,NULL,1516703673,9),(800,1,NULL,211,NULL,1516665600,500,333,0,'lucy',0,1516703826,9),(801,1,NULL,167,230,1515369600,100,333,0,NULL,NULL,1516787078,9),(802,8,NULL,183,909,1516579200,-360,11,0,NULL,NULL,1516787577,9),(803,1,NULL,183,909,1516579200,100,11,0,NULL,NULL,1516787577,9),(805,1,NULL,169,1429,1516665600,100,333,0,NULL,NULL,1516798160,9),(806,1,NULL,187,1144,1516147200,100,333,0,NULL,NULL,1517042263,9),(807,1,NULL,217,NULL,1516752000,500,333,0,'emelda',0,1517311563,9),(808,1,NULL,220,NULL,1516665600,500,333,0,'caroline',0,1517312375,9),(809,1,NULL,169,NULL,1517270400,500,333,0,'jane oraga',0,1517315863,9),(810,1,NULL,204,1510,1517270400,100,333,0,NULL,NULL,1517317377,9),(811,1,NULL,222,NULL,1517270400,500,333,0,'millicent adhiambo',0,1517319861,9),(812,1,NULL,223,NULL,1515974400,500,333,0,'syprine',0,1517320528,9),(813,1,NULL,223,NULL,1517270400,500,333,0,'syprine',0,1517320547,9),(814,1,NULL,223,2039,1517270400,50,333,0,NULL,NULL,1517320809,9),(815,1,NULL,182,NULL,1513900800,500,333,0,'conslata',0,1517322453,9),(816,1,NULL,216,1833,1517443200,100,333,0,NULL,NULL,1517549516,9),(817,1,NULL,214,NULL,1517443200,500,333,0,'florence',0,1517549612,9),(818,1,NULL,192,NULL,1517443200,500,333,0,'rael',0,1517549821,9),(819,1,NULL,209,NULL,1515801600,1500,333,0,'David odongo',0,1517551427,9),(822,1,NULL,192,NULL,1517875200,500,36,0,'rael aluoch',0,1517982202,9),(823,1,NULL,224,NULL,1517875200,1000,63,0,'rose owuor',0,1517982576,9),(824,1,NULL,225,NULL,1517788800,500,111,0,'lilian',0,1517982729,9),(825,1,NULL,182,812,1516924800,100,333,0,NULL,NULL,1517982920,9),(828,1,NULL,226,NULL,1517961600,500,72,0,'Millicent Akoth',0,1517999851,9),(830,1,NULL,217,NULL,1518134400,50,111,0,'emelda',0,1518155590,9),(831,1,NULL,167,2236,1517961600,200,333,0,NULL,NULL,1518156973,9),(832,1,NULL,209,1941,1518220800,100,333,0,NULL,NULL,1518426161,9),(833,1,NULL,217,NULL,1518134400,150,333,0,'emelda',0,1518426868,9),(834,1,NULL,227,NULL,1518393600,500,333,0,'Everline Oraga',0,1518427078,9),(836,1,NULL,171,1538,1517702400,190,333,0,NULL,NULL,1518429162,9),(837,1,NULL,228,NULL,1517788800,500,333,0,'Harizon',0,1518440537,9),(838,1,NULL,228,NULL,1517875200,1000,333,0,'Harizon',0,1518440559,9),(839,1,NULL,228,NULL,1518134400,500,333,0,'Harizon',0,1518440581,9),(840,1,NULL,229,NULL,1518393600,500,333,0,'peres',0,1518440888,9),(841,1,NULL,230,NULL,1518393600,500,333,0,'JAWE',0,1518441025,9),(842,8,NULL,178,1792,1517270400,-700,111,0,NULL,NULL,1518441352,9),(843,1,NULL,169,2002,1518393600,100,333,0,NULL,NULL,1518670542,9),(844,8,NULL,196,2016,1518652800,-1000,333,0,NULL,NULL,1518676692,9),(846,1,NULL,196,NULL,1514937600,500,333,0,'JANE',0,1518678119,9),(847,1,NULL,196,NULL,1517270400,500,333,0,'JANE',0,1518678140,9),(848,1,NULL,221,NULL,1518739200,300,98,0,'Everline',0,1518782050,9),(850,1,NULL,231,NULL,1518220800,3500,333,0,'Emilly Owour',0,1518854348,9),(852,1,NULL,101,NULL,1517788800,1000,111,0,'Pay Bill',0,1518872088,9),(853,2,NULL,6,NULL,1512259200,-560,33,23,NULL,NULL,1519028756,6),(854,4,853,6,NULL,1512259200,0,33,23,NULL,NULL,1519028756,6),(857,2,NULL,6,NULL,0,-720,63,23,NULL,NULL,1519028902,6),(858,4,857,6,NULL,0,0,63,23,NULL,NULL,1519028902,6),(859,2,NULL,6,NULL,1513900800,-840,63,36,NULL,NULL,1519028971,6),(860,4,859,6,NULL,1513900800,0,63,36,NULL,NULL,1519028971,6),(861,2,NULL,6,NULL,1485129600,-1000,56,96,NULL,NULL,1519029016,6),(862,4,861,6,NULL,1485129600,0,56,96,NULL,NULL,1519029016,6),(863,2,NULL,6,NULL,1517184000,-980,56,96,NULL,NULL,1519029145,6),(864,4,863,6,NULL,1517184000,0,56,96,NULL,NULL,1519029145,6),(865,2,NULL,6,NULL,1517875200,-900,56,89,NULL,NULL,1519029292,6),(866,4,865,6,NULL,1517875200,0,56,89,NULL,NULL,1519029292,6),(869,1,NULL,213,NULL,1515715200,500,333,0,'emilly',0,1519030254,6),(871,1,NULL,168,NULL,1519084800,50,333,0,'JULIET',0,1519193917,6),(872,1,NULL,171,NULL,1519084800,500,333,0,'elizabeth ochieng',0,1519194379,6),(873,8,NULL,197,1416,1519171200,-500,333,0,NULL,NULL,1519195287,6),(874,1,NULL,196,2017,1519171200,100,333,0,NULL,NULL,1519212559,6),(875,8,NULL,223,2187,1519344000,-1000,333,0,NULL,NULL,1519396137,6),(876,1,NULL,223,2187,1519344000,100,333,0,NULL,NULL,1519396137,6),(877,1,NULL,224,NULL,1519344000,100,333,0,'rose',0,1519396318,6),(878,1,NULL,187,NULL,1519776000,350,333,0,'Risper',0,1520231737,6),(880,1,NULL,185,NULL,1519776000,100,333,0,'NICHOLAS',0,1520231891,6),(881,1,NULL,169,NULL,1519776000,500,333,0,'JANE ',0,1520232142,6),(882,1,NULL,233,NULL,1519776000,500,333,0,'Sabina',0,1520232945,6),(883,1,NULL,168,2334,1520294400,100,333,0,NULL,NULL,1520403990,6),(884,1,NULL,232,2373,1520294400,90,333,0,NULL,NULL,1520404348,6),(885,1,NULL,232,NULL,1520294400,500,333,0,'ERICK',0,1520404395,6),(886,1,NULL,193,NULL,1514419200,850,333,0,'joseph',0,1520404780,6),(887,8,NULL,193,893,1520294400,-800,333,0,NULL,NULL,1520404822,6),(888,1,NULL,193,893,1520294400,100,333,0,NULL,NULL,1520404822,6),(889,8,NULL,214,2078,1520380800,-1500,333,0,NULL,NULL,1520404904,6),(890,1,NULL,177,NULL,1512086400,500,333,0,'janet',0,1520406383,9),(891,8,NULL,177,649,1520899200,-500,222,0,NULL,NULL,1520406765,9),(892,1,NULL,177,649,1520899200,30,222,0,NULL,NULL,1520406765,9),(893,1,NULL,206,NULL,1515369600,500,333,0,'Beatrice bala',0,1520408762,9),(894,8,NULL,206,1602,1520380800,-190,333,0,NULL,NULL,1520408789,9),(895,1,NULL,214,NULL,1520467200,200,333,0,'florence',0,1520512137,9),(896,1,NULL,235,NULL,1520467200,500,23,0,'Carol',0,1520512303,9),(897,1,NULL,214,NULL,1520553600,600,333,0,'Florence okwany',0,1520835222,9),(898,1,NULL,184,NULL,1511654400,500,333,0,'mary',0,1520933388,9),(899,1,NULL,184,NULL,1513641600,30,333,0,'mary',0,1520933422,9),(900,1,NULL,184,NULL,1514505600,500,333,0,'mary',0,1520933457,9),(901,1,NULL,184,NULL,1518048000,500,333,0,'mary',0,1520933495,9),(902,1,NULL,225,NULL,1520294400,150,333,0,'LILIAN AKIRU',0,1521704851,9),(903,1,NULL,172,NULL,1519084800,500,333,0,'janet',0,1521706445,9),(904,1,NULL,210,NULL,1513209600,500,333,0,'rose',0,1521879888,9),(905,1,NULL,210,NULL,1517011200,500,333,0,'rose okeyo',0,1521879923,9),(906,1,NULL,210,NULL,1515628800,3500,333,0,'rose okeyo',0,1521879953,9),(907,1,NULL,210,NULL,1521849600,1000,333,0,'rose okeyo',0,1521879967,9),(908,1,NULL,191,NULL,1516320000,500,333,0,'grace okoth',0,1521883714,9),(909,1,NULL,194,NULL,1514937600,500,333,0,'joyce',0,1521884424,9),(910,1,NULL,194,NULL,1517443200,480,333,0,'joyce akinyi',0,1521884460,9),(911,1,NULL,179,NULL,1522022400,500,333,0,'AUTHUR',0,1522061343,9),(913,1,NULL,238,NULL,1522022400,500,333,0,'dannis',0,1522061739,9),(914,1,NULL,223,NULL,1522022400,150,333,0,'syprine omollo',0,1522062742,9),(915,1,NULL,214,NULL,1520542800,200,333,0,'Florence okwany',0,1522131499,9),(916,8,NULL,214,2401,1522011600,-1000,333,0,NULL,NULL,1522131536,9),(917,1,NULL,214,2401,1522011600,100,333,0,NULL,NULL,1522131536,9),(918,8,NULL,195,1916,1517605200,-3500,333,0,NULL,NULL,1522324057,9),(919,1,NULL,195,NULL,1522011600,500,333,0,'emma',0,1522324101,9),(920,1,NULL,175,NULL,1515618000,1500,333,0,'NORMALLOAN',0,1522331116,9),(921,1,NULL,241,NULL,1491426000,750,333,0,'olima',0,1522943150,9),(922,1,NULL,241,NULL,1504126800,500,111,0,'olima',0,1522943175,9),(923,1,NULL,241,NULL,1509570000,500,111,0,'olima',0,1522943201,9),(924,1,NULL,241,NULL,1513458000,500,111,0,'olima',0,1522943221,9),(925,1,NULL,241,NULL,1514926800,1000,111,0,'olima',0,1522943252,9),(926,1,NULL,241,NULL,1520283600,1000,111,0,'olima',0,1522943273,9),(927,1,NULL,241,NULL,1522702800,1000,111,0,'olima',0,1522943298,9),(928,1,NULL,172,NULL,1522962000,400,333,0,'janet',0,1523014924,9),(929,1,NULL,214,NULL,1523221200,1000,333,0,'florence',0,1523421067,9),(930,1,NULL,208,2662,1523394000,350,111,0,NULL,NULL,1523507419,9),(931,1,NULL,243,NULL,1523826000,140,111,0,'daniel',0,1524065366,9),(932,1,NULL,243,NULL,1523998800,100,111,0,'daniel',0,1524065387,9),(933,8,NULL,221,2488,1523566800,-800,444,0,NULL,NULL,1524066117,9),(934,8,NULL,225,2468,1523998800,-400,444,0,NULL,NULL,1524066202,9),(936,6,NULL,176,1759,1524517200,-6300,333,0,NULL,NULL,1524566282,9),(937,1,NULL,240,2608,1524430800,100,333,0,NULL,NULL,1524566735,9),(938,1,NULL,237,NULL,1521838800,500,333,0,'christine',0,1524567334,9),(939,1,NULL,237,NULL,1523912400,200,333,0,'christine',0,1524567374,9),(940,1,NULL,243,NULL,1524517200,180,111,0,'daniel',0,1524569299,9),(941,1,NULL,171,NULL,1515704400,500,333,0,'elizabeth',0,1524572570,9),(942,1,NULL,171,NULL,1544907600,350,333,0,'elizabeth',0,1524572617,9),(943,1,NULL,171,NULL,1517173200,500,333,0,'elizabeth',0,1524572661,9),(944,8,NULL,171,2355,1524517200,-3150,333,0,NULL,NULL,1524572763,9),(945,1,NULL,166,NULL,1524603600,500,333,0,'mercy',0,1524716120,9),(946,1,NULL,184,NULL,1524085200,1000,333,0,'Mary awuor',0,1524716356,9),(947,1,NULL,61,NULL,1524258000,500,333,0,'maureen',0,1524747984,9),(948,1,NULL,245,NULL,1524690000,500,333,0,'ann',0,1524748306,9),(950,1,NULL,247,NULL,1524258000,500,333,0,'susan',0,1524748365,9),(951,1,NULL,244,NULL,1524690000,500,333,0,'sheba',0,1524748398,9),(952,8,NULL,211,1865,1524862800,-500,666,0,NULL,NULL,1524902800,9),(953,8,NULL,183,2099,1524862800,-340,666,0,NULL,NULL,1524902973,9),(955,8,NULL,179,2568,1524862800,-200,666,0,NULL,NULL,1524903059,9),(956,1,NULL,179,2568,1524862800,100,666,0,NULL,NULL,1524903059,9),(957,1,NULL,190,NULL,1515099600,500,333,0,'solomon',0,1524905444,9),(958,8,NULL,190,1436,1524862800,-500,666,0,NULL,NULL,1524905528,9),(959,1,NULL,200,NULL,1516222800,200,333,0,'eveline',0,1524905592,9),(960,8,NULL,200,1986,1524862800,-700,666,0,NULL,NULL,1524905620,9),(961,1,NULL,188,NULL,1513544400,500,333,0,'Risper',0,1524905721,9),(962,1,NULL,188,NULL,1514840400,50,333,0,'Risper',0,1524905742,9),(963,1,NULL,188,NULL,1519678800,350,333,0,'Risper',0,1524905766,9),(964,1,NULL,188,NULL,1519765200,150,333,0,'Risper',0,1524905783,9),(965,8,NULL,187,2481,1524862800,-1050,666,0,NULL,NULL,1524905884,9),(966,8,NULL,188,2058,1524862800,-1050,666,0,NULL,NULL,1524905930,9),(967,8,NULL,201,1580,1524862800,-500,666,0,NULL,NULL,1524906064,9),(968,8,NULL,198,2719,1524862800,-2900,666,0,NULL,NULL,1524906355,9),(969,1,NULL,167,2687,1524862800,100,333,0,NULL,NULL,1525164197,9),(970,8,NULL,239,2622,1524776400,-500,222,0,NULL,NULL,1525164466,9),(971,1,NULL,241,NULL,1525035600,1000,222,0,'peter',0,1525186131,9),(972,1,NULL,249,NULL,1525122000,500,222,0,'joyce',0,1525186269,9),(973,1,NULL,250,NULL,1525122000,500,222,0,'pamela juma',0,1525186517,9),(974,1,NULL,251,NULL,1525122000,500,222,0,'EDNAH AWUOR',0,1525186632,9),(975,1,NULL,252,NULL,1525122000,500,222,0,'Agness Achieng',0,1525186796,9),(976,1,NULL,253,NULL,1525122000,500,222,0,'elizabeth',0,1525186967,9),(977,1,NULL,254,NULL,1525122000,500,222,0,'rose',0,1525187099,9),(978,1,NULL,243,NULL,1525122000,250,222,0,'daniel',0,1525449129,9),(979,1,NULL,255,NULL,1525294800,350,333,0,'pamela',0,1525449522,9),(980,1,NULL,255,NULL,1525381200,400,333,0,'pamela',0,1525449541,9),(981,1,NULL,256,NULL,1525122000,500,222,0,'rose akinyi',0,1525450439,9),(982,1,NULL,257,NULL,1525035600,500,222,0,'Rose Atieno',0,1525450595,9),(983,1,NULL,258,NULL,1524949200,500,222,0,'rita',0,1525450764,9),(984,1,NULL,259,NULL,1525035600,500,222,0,'Maureen',0,1525451395,9),(985,8,NULL,172,2636,1526331600,-1500,333,0,NULL,NULL,1526397955,9),(986,1,NULL,237,2692,1525813200,100,333,0,NULL,NULL,1526398149,9),(987,8,NULL,214,2708,1526331600,-1000,333,0,NULL,NULL,1526398252,9),(988,8,NULL,232,2776,1526331600,-400,222,0,NULL,NULL,1526399315,9),(989,8,NULL,210,2544,1526331600,-5000,222,0,NULL,NULL,1526399484,9),(990,1,NULL,263,NULL,1526418000,1000,111,0,'ROSE',0,1526474533,9),(991,1,NULL,263,NULL,1526418000,200,111,0,'ROSE',1526245200,1526474559,9),(993,1,NULL,264,NULL,1521320400,2000,111,0,'Pay Bill',0,1526549358,9),(994,1,NULL,264,NULL,1517605200,2000,111,0,'Pay Bill',0,1526549418,9),(995,1,NULL,264,NULL,1526504400,25000,247,0,'Millicent Anyango',0,1526550054,9),(996,1,NULL,253,NULL,1526418000,200,111,0,'rose g.leader',0,1527136759,9),(997,1,NULL,253,NULL,1527022800,200,111,0,'rose g.leader',0,1527136783,9),(998,1,NULL,249,NULL,1526418000,200,111,0,'rose g.leader',0,1527136824,9),(999,1,NULL,249,NULL,1527022800,200,111,0,'rose g.leader',0,1527136840,9),(1000,1,NULL,251,NULL,1526418000,200,111,0,'rose g.leader',0,1527136890,9),(1001,1,NULL,251,NULL,1527022800,200,111,0,'rose g.leader',0,1527136913,9),(1002,1,NULL,252,NULL,1526418000,200,111,0,'rose g.leader',0,1527136997,9),(1003,1,NULL,250,NULL,1526418000,200,111,0,'rose g.leader',0,1527137029,9),(1004,8,NULL,184,2745,1527022800,-1100,222,0,NULL,NULL,1527138442,9),(1005,8,NULL,195,2585,1527022800,-500,222,0,NULL,NULL,1527138567,9),(1006,1,NULL,265,NULL,1526590800,500,222,0,'Nancy',0,1527139029,9),(1007,1,NULL,237,NULL,1525813200,350,222,0,'christine oraga',0,1527139161,9),(1008,1,NULL,258,NULL,1527195600,200,222,0,'rose g.leader',0,1527742069,9),(1009,1,NULL,249,NULL,1527627600,200,222,0,'rose g.leader',0,1527742476,9),(1010,1,NULL,250,NULL,1527627600,200,222,0,'rose g.leader',0,1527742564,9),(1011,1,NULL,251,NULL,1527627600,200,222,0,'rose g.leader',0,1527742598,9),(1012,1,NULL,253,NULL,1527627600,200,222,0,'rose g.leader',0,1527742647,9),(1013,1,NULL,252,NULL,1527627600,80,222,0,'rose g.leader',0,1527742699,9),(1014,1,NULL,249,NULL,1528232400,200,333,0,'joyce',0,1528530184,9),(1016,1,NULL,253,NULL,1528232400,200,22,0,'elizabeth',0,1528531347,9),(1017,1,NULL,250,NULL,1528232400,200,222,0,'pamela',0,1528531392,9),(1018,1,NULL,267,NULL,1528750800,500,111,0,'Rita',0,1528792590,5),(1019,1,NULL,268,NULL,1528750800,500,111,0,'ADHIAMBO',0,1528793010,5),(1020,1,NULL,252,NULL,1528837200,200,111,0,'Rose Agent',0,1528877024,5),(1021,1,NULL,258,NULL,1528491600,80,222,0,'rose g.leader',0,1528964113,9),(1022,1,NULL,252,NULL,1528750800,200,222,0,'rose g.leader',0,1528965721,9),(1023,1,NULL,250,NULL,1528750800,200,222,0,'rose g.leader',0,1528965793,9),(1024,1,NULL,253,NULL,1528750800,200,222,0,'rose g.leader',0,1528965825,9),(1025,1,NULL,251,NULL,1528750800,200,222,0,'rose g.leader',0,1528965883,9),(1026,1,NULL,249,NULL,1528750800,200,222,0,'rose g.leader',0,1528965928,9),(1027,1,NULL,246,NULL,1528664400,500,222,0,'Okinyo',0,1528966414,9),(1028,1,NULL,199,NULL,1528837200,500,111,0,'Lorine okiro',0,1528967170,9),(1029,1,NULL,258,NULL,1529010000,200,222,0,'rita',0,1529051630,9),(1030,1,NULL,245,NULL,1529010000,200,222,0,'ann',0,1529051693,9),(1031,1,NULL,247,NULL,1529010000,200,222,0,'susan',0,1529051756,9),(1032,1,NULL,240,NULL,1529010000,500,222,0,'rose',0,1529074264,9),(1033,1,NULL,258,NULL,1529010000,200,222,0,'rose g.leader paid debt',0,1529139824,9),(1034,1,NULL,251,NULL,1529010000,1000,222,0,'rose g.leader',0,1529298554,9),(1035,1,NULL,249,NULL,1529010000,1000,222,0,'rose g.leader',0,1529298610,9),(1036,1,NULL,252,NULL,1529010000,1000,222,0,'rose g.leader',0,1529298653,9),(1037,1,NULL,250,NULL,1529010000,1000,222,0,'rose g.leader',0,1529298686,9),(1038,5,NULL,9,NULL,1529355600,-250,333,0,NULL,NULL,1529383697,6),(1039,5,NULL,53,NULL,1529355600,-250,333,0,NULL,NULL,1529383718,6),(1040,5,NULL,89,NULL,1529355600,-250,333,0,NULL,NULL,1529383752,6),(1041,5,NULL,6,NULL,1529355600,-250,333,0,NULL,NULL,1529383768,6),(1042,5,NULL,122,NULL,1529355600,-250,333,0,NULL,NULL,1529383795,6),(1043,5,NULL,70,NULL,1529355600,-250,333,0,NULL,NULL,1529385003,6),(1044,5,NULL,17,NULL,1529355600,-250,333,0,NULL,NULL,1529385017,6),(1045,5,NULL,128,NULL,1529355600,-250,333,0,NULL,NULL,1529385029,6),(1046,5,NULL,141,NULL,1529355600,-250,333,0,NULL,NULL,1529385043,6),(1047,5,NULL,27,NULL,1529355600,-250,333,0,NULL,NULL,1529385060,6),(1048,5,NULL,241,NULL,1529355600,-250,333,0,NULL,NULL,1529385075,6),(1049,5,NULL,10,NULL,1529355600,-250,333,0,NULL,NULL,1529385105,6),(1050,5,NULL,64,NULL,1529355600,-250,333,0,NULL,NULL,1529385120,6),(1051,5,NULL,44,NULL,1529355600,-250,333,0,NULL,NULL,1529385132,6),(1052,5,NULL,68,NULL,1529355600,-250,333,0,NULL,NULL,1529385141,6),(1053,5,NULL,85,NULL,1529355600,-250,333,0,NULL,NULL,1529385151,6),(1054,5,NULL,93,NULL,1529355600,-250,333,0,NULL,NULL,1529385172,6),(1055,5,NULL,112,NULL,1529355600,-250,333,0,NULL,NULL,1529385187,6),(1056,5,NULL,12,NULL,1529355600,-250,333,0,NULL,NULL,1529385196,6),(1057,5,NULL,145,NULL,1529355600,-250,333,0,NULL,NULL,1529385206,6),(1058,5,NULL,13,NULL,1529355600,-250,333,0,NULL,NULL,1529385217,6),(1059,5,NULL,157,NULL,1529355600,-250,333,0,NULL,NULL,1529385229,6),(1060,5,NULL,75,NULL,1529355600,-250,333,0,NULL,NULL,1529385241,6),(1061,5,NULL,78,NULL,1529355600,-250,333,0,NULL,NULL,1529385251,6),(1062,5,NULL,116,NULL,1529355600,-250,333,0,NULL,NULL,1529385264,6),(1063,5,NULL,139,NULL,1529355600,-250,333,0,NULL,NULL,1529385288,6),(1064,5,NULL,58,NULL,1529355600,-250,333,0,NULL,NULL,1529385355,6),(1065,5,NULL,15,NULL,1529355600,-250,333,0,NULL,NULL,1529385369,6),(1066,5,NULL,33,NULL,1529355600,-250,333,0,NULL,NULL,1529385382,6),(1067,5,NULL,5,NULL,1529355600,-250,333,0,NULL,NULL,1529385397,6),(1068,5,NULL,28,NULL,1529355600,-250,333,0,NULL,NULL,1529385410,6),(1069,5,NULL,37,NULL,1529355600,-250,333,0,NULL,NULL,1529385423,6),(1070,5,NULL,121,NULL,1529355600,-250,333,0,NULL,NULL,1529385437,6),(1071,5,NULL,125,NULL,1529355600,-250,333,0,NULL,NULL,1529385453,6),(1072,5,NULL,127,NULL,1529355600,-250,333,0,NULL,NULL,1529385466,6),(1073,5,NULL,30,NULL,1529355600,-250,333,0,NULL,NULL,1529385484,6),(1074,5,NULL,113,NULL,1529355600,-250,333,0,NULL,NULL,1529385686,6),(1075,5,NULL,147,NULL,1529355600,-250,333,0,NULL,NULL,1529385721,6),(1076,5,NULL,38,NULL,1529355600,-250,333,0,NULL,NULL,1529385837,6),(1077,5,NULL,67,NULL,1529355600,-250,333,0,NULL,NULL,1529385888,6),(1078,5,NULL,41,NULL,1529355600,-250,333,0,NULL,NULL,1529385901,6),(1079,5,NULL,170,NULL,1529355600,-250,333,0,NULL,NULL,1529385917,6),(1080,5,NULL,42,NULL,1529355600,-250,333,0,NULL,NULL,1529385934,6),(1081,5,NULL,119,NULL,1529355600,-250,333,0,NULL,NULL,1529385950,6),(1082,5,NULL,31,NULL,1529355600,-250,333,0,NULL,NULL,1529385976,6),(1083,5,NULL,59,NULL,1529355600,-250,333,0,NULL,NULL,1529385988,6),(1084,5,NULL,198,NULL,1529355600,-250,333,0,NULL,NULL,1529386009,6),(1085,5,NULL,7,NULL,1529355600,-250,333,0,NULL,NULL,1529386029,6),(1086,5,NULL,4,NULL,1529355600,-250,333,0,NULL,NULL,1529386044,6),(1087,5,NULL,36,NULL,1529355600,-250,333,0,NULL,NULL,1529386064,6),(1088,5,NULL,117,NULL,1529355600,-250,333,0,NULL,NULL,1529386097,6),(1089,5,NULL,57,NULL,1529355600,-250,333,0,NULL,NULL,1529386116,6),(1090,5,NULL,3,NULL,1529355600,-250,333,0,NULL,NULL,1529386132,6),(1091,5,NULL,19,NULL,1529355600,-250,333,0,NULL,NULL,1529386160,6),(1092,5,NULL,20,NULL,1529355600,-250,333,0,NULL,NULL,1529386185,6),(1093,1,NULL,252,NULL,1529355600,200,222,0,'agnes',0,1529416417,9),(1094,1,NULL,251,NULL,1529355600,200,222,0,'ednah',0,1529416444,9),(1095,1,NULL,249,NULL,1529355600,200,222,0,'joyce',0,1529416489,9),(1096,1,NULL,258,NULL,1529614800,200,222,0,'rita',0,1529677519,9),(1097,1,NULL,171,2871,1529528400,100,222,0,NULL,NULL,1529743613,6),(1098,1,NULL,171,NULL,1529528400,350,222,0,'elizabeth',0,1529743667,6),(1099,1,NULL,274,NULL,1529528400,1000,222,0,'john',0,1529744799,9),(1100,1,NULL,273,NULL,1529701200,1000,333,0,'roselyn',0,1529745012,9),(1101,1,NULL,275,NULL,1529701200,1000,222,0,'phepbe',0,1529745115,9),(1102,1,NULL,272,NULL,1529010000,250,222,0,'susan',0,1529746869,9),(1103,1,NULL,272,NULL,1529528400,250,222,0,'susan',0,1529746920,9),(1104,1,NULL,154,53,1529701200,1600,127,0,NULL,NULL,1529755094,6),(1105,6,NULL,154,54,1529701200,-250,3,0,NULL,NULL,1529755136,6),(1106,1,NULL,171,NULL,1529701200,150,222,0,'elizabeth',0,1529906208,9),(1107,1,NULL,179,NULL,1529874000,500,222,0,'authur',0,1529986621,9),(1108,1,NULL,209,NULL,1529701200,300,222,0,'david',0,1529986728,9),(1109,1,NULL,276,NULL,1530219600,500,222,0,'roselyn',0,1530345650,9),(1110,1,NULL,267,2952,1530219600,100,222,0,NULL,NULL,1530346763,9),(1112,1,NULL,246,2948,1530565200,100,222,0,NULL,NULL,1530680596,9),(1113,1,NULL,256,NULL,1530565200,100,222,0,'rose akinyi',0,1530680832,9),(1114,1,NULL,246,NULL,1530565200,250,222,0,'everline akinyi',0,1530680890,9),(1115,1,NULL,277,NULL,1528232400,500,222,0,'beatrice',0,1530681378,9),(1116,1,NULL,258,NULL,1530824400,190,222,0,'rita',0,1531215909,9),(1117,8,NULL,237,2893,1531170000,-850,222,0,NULL,NULL,1531216598,9),(1118,1,NULL,237,2893,1531170000,100,222,0,NULL,NULL,1531216598,9),(1119,1,NULL,257,NULL,1531170000,50,22,0,'rose',0,1531244384,9),(1120,1,NULL,278,NULL,1531256400,500,222,0,'melodica',0,1531295125,9),(1121,1,NULL,279,NULL,1530738000,700,222,0,'delilah',0,1531295274,9),(1123,1,NULL,280,NULL,1531256400,700,222,0,'ruth',0,1531295510,9),(1124,1,NULL,282,NULL,1530565200,700,222,0,'Mary',0,1531296176,9),(1125,1,NULL,258,NULL,1531342800,1170,333,0,'Rita',0,1531467531,6),(1126,8,NULL,240,2912,1531429200,-150,333,0,NULL,NULL,1531468102,6),(1127,8,NULL,272,3103,1531429200,-70,333,0,NULL,NULL,1531468173,6),(1128,1,NULL,283,NULL,1531342800,700,222,0,'josphine',0,1531499656,9),(1129,1,NULL,284,NULL,1531256400,700,33,0,'hellen',0,1531499905,9),(1130,1,NULL,285,NULL,1531342800,700,222,0,'hellen',0,1531557504,9),(1131,1,NULL,286,NULL,1531256400,700,222,0,'grace okoth',0,1531557658,9),(1132,1,NULL,287,NULL,1531256400,700,222,0,'Asenath',0,1531558038,9),(1133,1,NULL,288,NULL,1531256400,700,222,0,'DorothyAkoth',0,1531558328,9),(1134,1,NULL,289,NULL,1531342800,700,222,0,'pamela',0,1531558426,9),(1135,1,NULL,290,NULL,1531083600,500,222,0,'lourine',0,1531558830,9),(1136,1,NULL,292,NULL,1531515600,700,222,0,'mary',0,1531564968,9),(1138,1,NULL,293,NULL,1531429200,700,222,0,'ROSEBELL',0,1531565328,9),(1139,1,NULL,294,NULL,1531515600,700,222,0,'ROSEBELL',0,1531565576,9),(1140,1,NULL,295,NULL,1531429200,700,222,0,'ROSEBELL',0,1531565723,9),(1141,1,NULL,260,NULL,1531688400,500,222,0,'martha',0,1531760023,9);
/*!40000 ALTER TABLE `savings` ENABLE KEYS */;
UNLOCK TABLES;

--
-- Table structure for table `savtype`
--

DROP TABLE IF EXISTS `savtype`;
/*!40101 SET @saved_cs_client     = @@character_set_client */;
/*!40101 SET character_set_client = utf8 */;
CREATE TABLE `savtype` (
  `savtype_id` int(11) NOT NULL AUTO_INCREMENT,
  `savtype_type` varchar(20) NOT NULL,
  `savtype_short` varchar(8) NOT NULL,
  PRIMARY KEY (`savtype_id`)
) ENGINE=InnoDB AUTO_INCREMENT=10 DEFAULT CHARSET=latin1;
/*!40101 SET character_set_client = @saved_cs_client */;

--
-- Dumping data for table `savtype`
--

LOCK TABLES `savtype` WRITE;
/*!40000 ALTER TABLE `savtype` DISABLE KEYS */;
INSERT INTO `savtype` VALUES (1,'Deposit','SAV_DEP'),(2,'Withdrawal','SAV_WDL'),(3,'Savings Interest','SAV_INT'),(4,'W/drawal Fee','SAV_WDF'),(5,'Subscription Fee','SAV_SUF'),(6,'Loan Default Fine','SAV_LDF'),(7,'Loan Fee','SAV_LOF'),(8,'Loan Repayment','SAV_LRP'),(9,'Share Dividend','SAV_SHD');
/*!40000 ALTER TABLE `savtype` ENABLE KEYS */;
UNLOCK TABLES;

--
-- Table structure for table `securities`
--

DROP TABLE IF EXISTS `securities`;
/*!40101 SET @saved_cs_client     = @@character_set_client */;
/*!40101 SET character_set_client = utf8 */;
CREATE TABLE `securities` (
  `sec_id` int(11) NOT NULL AUTO_INCREMENT,
  `cust_id` int(8) NOT NULL,
  `loan_id` int(8) NOT NULL,
  `sec_no` varchar(50) NOT NULL,
  `sec_name` varchar(100) NOT NULL,
  `sec_value` int(11) NOT NULL,
  `sec_path` varchar(200) NOT NULL,
  `sec_returned` int(1) NOT NULL,
  PRIMARY KEY (`sec_id`)
) ENGINE=InnoDB DEFAULT CHARSET=latin1;
/*!40101 SET character_set_client = @saved_cs_client */;

--
-- Dumping data for table `securities`
--

LOCK TABLES `securities` WRITE;
/*!40000 ALTER TABLE `securities` DISABLE KEYS */;
/*!40000 ALTER TABLE `securities` ENABLE KEYS */;
UNLOCK TABLES;

--
-- Table structure for table `settings`
--

DROP TABLE IF EXISTS `settings`;
/*!40101 SET @saved_cs_client     = @@character_set_client */;
/*!40101 SET character_set_client = utf8 */;
CREATE TABLE `settings` (
  `set_id` int(11) NOT NULL AUTO_INCREMENT,
  `set_name` varchar(100) NOT NULL,
  `set_short` varchar(8) NOT NULL,
  `set_value` varchar(255) NOT NULL,
  PRIMARY KEY (`set_id`)
) ENGINE=InnoDB AUTO_INCREMENT=18 DEFAULT CHARSET=latin1;
/*!40101 SET character_set_client = @saved_cs_client */;

--
-- Dumping data for table `settings`
--

LOCK TABLES `settings` WRITE;
/*!40000 ALTER TABLE `settings` DISABLE KEYS */;
INSERT INTO `settings` VALUES (1,'Minimum Savings Balance','SET_MSB',''),(2,'Minimum Loan Principal','SET_MLP',''),(3,'Maximum Loan Principal','SET_XLP',''),(4,'Currency Abbreviation','SET_CUR','KShs'),(5,'Auto-fine Defaulters','SET_AUF',''),(6,'Account Deactivation','SET_DEA','36'),(7,'Dashboard Left','SET_DBL','dashboard/dash_subscr.php'),(8,'Dashboard Right','SET_DBR','dashboard/dash_none.php'),(9,'Interest Calculation','SET_ICL','modules/mod_inter_fixed.php'),(10,'Guarantor Limit','SET_GUA','1'),(11,'Minimum Membership','SET_MEM',''),(12,'Maximum Principal-Savings Ratio','SET_PSR',''),(13,'Customer Number Format','SET_CNO','1'),(14,'Employee Number Format','SET_ENO','%N%-%Y'),(15,'Additional Field Loans','SET_XL1','Guaranters'),(16,'Fixed Savings','SET_SFX','1'),(17,'Customer Search by ID','SET_CSI','1');
/*!40000 ALTER TABLE `settings` ENABLE KEYS */;
UNLOCK TABLES;

--
-- Table structure for table `shares`
--

DROP TABLE IF EXISTS `shares`;
/*!40101 SET @saved_cs_client     = @@character_set_client */;
/*!40101 SET character_set_client = utf8 */;
CREATE TABLE `shares` (
  `share_id` int(11) NOT NULL AUTO_INCREMENT,
  `cust_id` int(11) NOT NULL,
  `share_date` int(11) NOT NULL,
  `share_amount` int(11) NOT NULL,
  `share_value` int(11) NOT NULL,
  `share_receipt` int(11) NOT NULL,
  `share_trans` int(2) NOT NULL,
  `share_transfrom` int(11) DEFAULT NULL,
  `share_created` int(15) DEFAULT NULL,
  `user_id` int(11) NOT NULL,
  PRIMARY KEY (`share_id`)
) ENGINE=InnoDB AUTO_INCREMENT=166 DEFAULT CHARSET=latin1;
/*!40101 SET character_set_client = @saved_cs_client */;

--
-- Dumping data for table `shares`
--

LOCK TABLES `shares` WRITE;
/*!40000 ALTER TABLE `shares` DISABLE KEYS */;
INSERT INTO `shares` VALUES (1,3,1501041600,1,500,777,0,NULL,1501065807,3),(2,4,1501041600,1,500,777,0,NULL,1501065839,3),(3,5,1501041600,1,500,777,0,NULL,1501065868,3),(4,6,1501041600,1,500,777,0,NULL,1501065901,3),(5,7,1501041600,1,500,777,0,NULL,1501065931,3),(6,8,1501041600,1,500,777,0,NULL,1501065953,3),(7,9,1501041600,1,500,777,0,NULL,1501065982,3),(8,10,1501041600,1,500,777,0,NULL,1501066011,3),(9,11,1501041600,1,500,777,0,NULL,1501066035,3),(10,12,1483506000,1,500,777,0,NULL,1501066100,3),(11,13,1489636800,1,500,777,0,NULL,1501066156,3),(12,153,1451192400,1,500,777,0,NULL,1501066216,3),(13,152,1459396800,1,500,777,0,NULL,1501066256,3),(14,14,1486702800,1,500,777,0,NULL,1501066419,3),(15,15,1489464000,1,500,777,0,NULL,1501066488,3),(16,16,1486702800,1,500,777,0,NULL,1501066526,3),(17,17,1513314000,1,500,777,0,NULL,1501066576,3),(18,18,1490068800,1,500,777,0,NULL,1501066623,3),(19,19,1486875600,1,500,777,0,NULL,1501066692,3),(20,20,1490068800,1,500,777,0,NULL,1501066737,3),(21,21,1487048400,1,500,777,0,NULL,1501066783,3),(22,22,1489464000,1,500,777,0,NULL,1501066828,3),(23,23,1486184400,1,500,777,0,NULL,1501066888,3),(24,24,1498881600,1,500,777,0,NULL,1501066939,3),(25,25,1498190400,1,500,777,0,NULL,1501067016,3),(26,26,1487394000,1,500,777,0,NULL,1501067053,3),(27,27,1497499200,1,500,777,0,NULL,1501067093,3),(28,28,1487739600,1,500,777,0,NULL,1501067133,3),(29,29,1500350400,1,500,777,0,NULL,1501067174,3),(30,30,1487739600,1,500,777,0,NULL,1501067238,3),(31,31,1486702800,1,500,777,0,NULL,1501067277,3),(32,32,1437192000,1,500,777,0,NULL,1501067343,3),(33,33,1496030400,1,500,777,0,NULL,1501067383,3),(34,34,1493956800,1,500,777,0,NULL,1501067425,3),(35,35,1488344400,1,500,777,0,NULL,1501067467,3),(36,36,1485320400,1,500,777,0,NULL,1501067542,3),(37,38,1487048400,1,500,777,0,NULL,1501067599,3),(38,39,1485320400,1,500,777,0,NULL,1501067642,3),(39,40,1489723200,1,500,777,0,NULL,1501067689,3),(40,41,1487048400,1,500,777,0,NULL,1501067745,3),(41,42,1487048400,1,500,777,0,NULL,1501067796,3),(42,43,1500350400,1,500,777,0,NULL,1501067840,3),(43,44,1486962000,1,500,777,0,NULL,1501067925,3),(44,45,1455253200,1,500,777,0,NULL,1501068017,3),(45,46,1468814400,1,500,777,0,NULL,1501068091,3),(46,47,1476244800,1,500,777,0,NULL,1501068183,3),(47,48,1493438400,1,500,777,0,NULL,1501068280,3),(48,50,1467086400,1,500,777,0,NULL,1501068341,3),(49,51,1460433600,1,500,777,0,NULL,1501068402,3),(50,151,1454389200,1,500,777,0,NULL,1501068635,5),(51,52,1474776000,1,500,777,0,NULL,1501068670,3),(52,53,1486702800,1,500,777,0,NULL,1501068708,3),(53,54,1485493200,1,500,777,0,NULL,1501068749,3),(54,150,1472443200,1,500,7777,0,NULL,1501068783,5),(55,55,1486011600,1,500,777,0,NULL,1501068818,3),(56,56,1486011600,1,500,777,0,NULL,1501068869,3),(57,149,1484024400,1,500,777,0,NULL,1501068885,5),(58,57,1486443600,1,500,777,0,NULL,1501068906,3),(59,148,1472443200,1,500,777,0,NULL,1501068959,5),(60,147,1484024400,1,500,777,0,NULL,1501069011,5),(61,58,1492142400,1,500,777,0,NULL,1501069033,3),(62,146,1457845200,1,500,777,0,NULL,1501069100,5),(63,59,1485752400,1,500,777,0,NULL,1501069103,3),(64,60,1500004800,1,500,777,0,NULL,1501069156,3),(65,61,1484802000,1,500,777,0,NULL,1501069198,3),(66,145,1484370000,1,500,777,0,NULL,1501069208,5),(67,62,1508558400,1,500,777,0,NULL,1501069261,3),(68,144,1451624400,1,500,777,0,NULL,1501069285,5),(69,63,1465185600,1,500,777,0,NULL,1501069349,3),(70,143,1468900800,1,500,777,0,NULL,1501069393,5),(71,65,1501041600,1,500,777,0,NULL,1501069499,3),(73,67,1487566800,1,500,777,0,NULL,1501069867,3),(74,142,1469678400,1,500,777,0,NULL,1501069911,5),(75,68,1483160400,1,500,777,0,NULL,1501070021,3),(76,141,1482814800,1,500,777,0,NULL,1501070050,5),(77,140,1483678800,1,500,777,0,NULL,1501070723,5),(78,139,1483678800,1,500,777,0,NULL,1501070787,5),(79,138,1426046400,1,500,777,0,NULL,1501070885,5),(80,137,1458705600,1,500,777,0,NULL,1501070932,5),(82,136,1510376400,1,500,777,0,NULL,1501071064,5),(83,135,1444708800,1,500,777,0,NULL,1501071135,5),(84,134,1445227200,1,500,777,0,NULL,1501071200,5),(85,133,1449205200,1,500,777,0,NULL,1501071285,5),(86,132,1507176000,1,500,777,0,NULL,1501071895,5),(87,131,1455944400,1,500,777,0,NULL,1501071989,5),(88,130,1465272000,1,500,777,0,NULL,1501072132,5),(89,129,1470456000,1,500,777,0,NULL,1501072200,5),(90,116,1483678800,1,500,777,0,NULL,1501072227,3),(91,128,1481778000,1,500,777,0,NULL,1501072282,5),(92,70,1513141200,1,500,777,0,NULL,1501072284,3),(93,113,1484024400,1,500,777,0,NULL,1501072332,3),(94,127,1485320400,1,500,777,0,NULL,1501072374,5),(95,71,1500350400,1,500,777,0,NULL,1501072412,3),(96,72,1501819200,1,500,777,0,NULL,1501072470,3),(97,126,1477108800,1,500,777,0,NULL,1501072487,5),(98,73,1446872400,1,500,777,0,NULL,1501072531,3),(99,74,1460001600,1,500,777,0,NULL,1501072572,3),(100,125,1489377600,1,500,777,0,NULL,1501072592,5),(101,75,1483678800,1,500,777,0,NULL,1501072631,3),(102,76,1446613200,1,500,777,0,NULL,1501072734,3),(103,124,1477022400,1,500,777,0,NULL,1501072737,5),(104,77,1461816000,1,500,777,0,NULL,1501072790,3),(105,78,1483678800,1,500,777,0,NULL,1501072866,3),(106,79,1500350400,1,500,777,0,NULL,1501072955,3),(107,80,1493438400,1,500,777,0,NULL,1501073001,3),(108,81,1500350400,1,500,777,0,NULL,1501073190,3),(109,82,1500350400,1,500,777,0,NULL,1501073526,3),(110,123,1474948800,1,500,777,0,NULL,1501073862,5),(111,122,1485147600,1,500,777,0,NULL,1501074031,5),(112,83,1500350400,1,500,777,0,NULL,1501074262,3),(113,121,1484715600,1,500,777,0,NULL,1501074305,5),(114,84,1486357200,1,500,777,0,NULL,1501074319,3),(115,120,1477454400,1,500,777,0,NULL,1501074357,5),(116,85,1483938000,1,500,777,0,NULL,1501074377,3),(117,118,1479445200,1,500,777,0,NULL,1501074449,5),(118,87,1488344400,1,500,777,0,NULL,1501074477,3),(119,117,1484542800,1,500,777,0,NULL,1501074503,5),(120,88,1500350400,1,500,777,0,NULL,1501074542,3),(121,89,1481173200,1,500,777,0,NULL,1501074589,3),(122,115,1485752400,1,500,777,0,NULL,1501074608,5),(123,90,1500350400,1,500,777,0,NULL,1501074630,3),(124,114,1450587600,1,500,777,0,NULL,1501074688,5),(125,91,1485320400,1,500,777,0,NULL,1501074727,3),(126,92,1500350400,1,500,777,0,NULL,1501074765,3),(129,111,1514610000,1,500,777,0,NULL,1501074910,5),(130,93,1514610000,1,500,777,0,NULL,1501074961,3),(131,110,1478581200,1,500,777,0,NULL,1501074983,5),(132,94,1500350400,1,500,777,0,NULL,1501075003,3),(133,109,1475726400,1,500,777,0,NULL,1501075042,5),(134,108,1513746000,1,500,777,0,NULL,1501075148,5),(135,95,1473912000,1,500,777,0,NULL,1501075178,3),(136,107,1513746000,1,500,777,0,NULL,1501075237,5),(137,96,1500350400,1,500,777,0,NULL,1501075251,3),(138,106,1473220800,1,500,777,0,NULL,1501075322,5),(139,97,1485320400,1,500,777,0,NULL,1501075346,3),(140,98,1485320400,1,500,777,0,NULL,1501075389,3),(141,99,1488344400,1,500,777,0,NULL,1501075473,3),(142,100,1485147600,1,500,777,0,NULL,1501075673,3),(143,101,1474948800,1,500,777,0,NULL,1501075728,3),(144,102,1449896400,1,500,777,0,NULL,1501075777,3),(145,104,1484024400,1,500,777,0,NULL,1501075793,5),(146,103,1508385600,1,500,777,0,NULL,1501075857,3),(147,154,1502683200,1,500,22006,0,NULL,1502697881,6),(148,155,1502683200,1,500,6249,0,NULL,1502718048,5),(149,37,1487998800,1,500,1254,0,NULL,1502718717,6),(150,69,1486184400,1,500,4169,0,NULL,1502780097,6),(151,156,1447304400,1,500,1168,0,NULL,1503730695,6),(152,157,1483592400,1,500,5474,0,NULL,1504347505,6),(153,158,1505275200,1,500,2147483647,0,NULL,1505286214,6),(154,159,1505275200,1,500,4777,0,NULL,1505288748,6),(155,160,1505275200,1,500,5659,0,NULL,1505293944,6),(156,49,1478494800,1,500,79619,0,NULL,1505294457,6),(157,161,1505448000,1,500,2145,0,NULL,1505481602,6),(158,170,1486357200,1,500,1205,0,NULL,1513171423,6),(159,175,1515646800,1,500,0,0,NULL,1515732768,9),(161,209,1515628800,1,500,333,0,NULL,1517463706,9),(162,231,1518825600,1,500,333,0,NULL,1518854304,9),(163,198,1518825600,1,500,1111,0,NULL,1518871698,9),(164,263,1526418000,1,500,111,0,NULL,1526474505,9),(165,264,1526504400,1,500,1111,0,NULL,1526549286,9);
/*!40000 ALTER TABLE `shares` ENABLE KEYS */;
UNLOCK TABLES;

--
-- Table structure for table `shareval`
--

DROP TABLE IF EXISTS `shareval`;
/*!40101 SET @saved_cs_client     = @@character_set_client */;
/*!40101 SET character_set_client = utf8 */;
CREATE TABLE `shareval` (
  `shareval_id` int(11) NOT NULL AUTO_INCREMENT,
  `shareval_date` int(11) NOT NULL,
  `shareval_value` int(11) NOT NULL,
  PRIMARY KEY (`shareval_id`)
) ENGINE=InnoDB AUTO_INCREMENT=8 DEFAULT CHARSET=latin1;
/*!40101 SET character_set_client = @saved_cs_client */;

--
-- Dumping data for table `shareval`
--

LOCK TABLES `shareval` WRITE;
/*!40000 ALTER TABLE `shareval` DISABLE KEYS */;
INSERT INTO `shareval` VALUES (1,1501052450,100),(2,1501053146,50),(3,1501053342,500),(4,1501053547,50),(5,1501053631,500),(6,1515050585,0),(7,1515576639,500);
/*!40000 ALTER TABLE `shareval` ENABLE KEYS */;
UNLOCK TABLES;

--
-- Table structure for table `ugroup`
--

DROP TABLE IF EXISTS `ugroup`;
/*!40101 SET @saved_cs_client     = @@character_set_client */;
/*!40101 SET character_set_client = utf8 */;
CREATE TABLE `ugroup` (
  `ugroup_id` int(11) NOT NULL AUTO_INCREMENT,
  `ugroup_name` varchar(100) NOT NULL,
  `ugroup_admin` int(11) NOT NULL,
  `ugroup_delete` int(2) NOT NULL,
  `ugroup_report` int(11) NOT NULL,
  `ugroup_created` int(15) NOT NULL,
  PRIMARY KEY (`ugroup_id`)
) ENGINE=InnoDB AUTO_INCREMENT=4 DEFAULT CHARSET=latin1;
/*!40101 SET character_set_client = @saved_cs_client */;

--
-- Dumping data for table `ugroup`
--

LOCK TABLES `ugroup` WRITE;
/*!40000 ALTER TABLE `ugroup` DISABLE KEYS */;
INSERT INTO `ugroup` VALUES (1,'Administrator',1,1,1,1453123220),(2,'queenter juma',1,0,0,1513163104),(3,'queenter A. juma',1,1,1,1513163473);
/*!40000 ALTER TABLE `ugroup` ENABLE KEYS */;
UNLOCK TABLES;

--
-- Table structure for table `user`
--

DROP TABLE IF EXISTS `user`;
/*!40101 SET @saved_cs_client     = @@character_set_client */;
/*!40101 SET character_set_client = utf8 */;
CREATE TABLE `user` (
  `user_id` int(11) NOT NULL AUTO_INCREMENT,
  `user_name` varchar(200) NOT NULL,
  `user_pw` varchar(255) NOT NULL,
  `ugroup_id` int(11) NOT NULL,
  `empl_id` int(11) NOT NULL,
  `user_created` int(15) NOT NULL,
  PRIMARY KEY (`user_id`)
) ENGINE=InnoDB AUTO_INCREMENT=10 DEFAULT CHARSET=latin1;
/*!40101 SET character_set_client = @saved_cs_client */;

--
-- Dumping data for table `user`
--

LOCK TABLES `user` WRITE;
/*!40000 ALTER TABLE `user` DISABLE KEYS */;
INSERT INTO `user` VALUES (1,'admin','p@ssw0rd@01',1,0,0),(2,'menger','$2y$10$I70JtPN5N2xdzSBqHo9FJ.sk90CZxWPrp9gsyHkn0PNqotsMNZeMy',1,0,1500364409),(3,'fredrick Marembo','$2y$10$uP7r/xgXcbGpkyPH7DmBOuwSOWtCDQnTmVPwPEQrj60x9qRl.TjuK',1,0,1500367151),(4,'Mercy Kaluhi','$2y$10$FpAN3Vt0I.UX69GB0Cj0yuzVhnpTg7bjes6DMpheFjG6UAvBwL2Da',1,0,1500367351),(5,'Victoria Olum','$2y$10$OjnQg3FI0blGweLyY2E6ZeLuNrOjGsvhZLRGUvBOMss6d2lEV5MbW',1,0,1500367404),(6,'Diana Onyango','$2y$10$re2mVDxsA8dC7BZ/NeSay.P7utSoM29a.Tb8Yw127nezWd87aJQHe',1,0,1500367449),(7,'Queenter Juma','$2y$10$2SMID1c4F1PLuPVRBBFW3Ou/kfe/q80ChOcea8TdfUKk7.nzKxMlW',2,0,1513163244),(8,'Queenter Juma','$2y$10$dI0waQEO4BTo0iuB.FHb9u9sT1xLkDjXpZjvZ9h4fb4mh9wpfF4F2',1,0,1513163406),(9,'Juma Queenter','$2y$10$IjvicifoemX8SQvtmgi01Ow2h9pjTo7WXzEUJ6ilUbhtNVbULt8/W',1,0,1513163628);
/*!40000 ALTER TABLE `user` ENABLE KEYS */;
UNLOCK TABLES;
/*!40103 SET TIME_ZONE=@OLD_TIME_ZONE */;

/*!40101 SET SQL_MODE=@OLD_SQL_MODE */;
/*!40014 SET FOREIGN_KEY_CHECKS=@OLD_FOREIGN_KEY_CHECKS */;
/*!40014 SET UNIQUE_CHECKS=@OLD_UNIQUE_CHECKS */;
/*!40101 SET CHARACTER_SET_CLIENT=@OLD_CHARACTER_SET_CLIENT */;
/*!40101 SET CHARACTER_SET_RESULTS=@OLD_CHARACTER_SET_RESULTS */;
/*!40101 SET COLLATION_CONNECTION=@OLD_COLLATION_CONNECTION */;
/*!40111 SET SQL_NOTES=@OLD_SQL_NOTES */;

-- Dump completed on 2020-08-31 18:37:52
